id,immagine,bacheca,titolo,descrizione,link
01,pin-01-tre-carte-gratis.png,Lettura Tarocchi Gratis,3 carte. Zero euro. Lettura tarocchi online,"A volte basta poco per vedere più chiaro. Su Luxseetarot puoi iniziare con un’anteprima a tre carte — senza impegno. Poi, se ti parla, approfondisci. Lettura tarocchi online in italiano.

#tarocchi #letturatarocchi #tarocchionline #cartomanzia #spiritualità",https://www.luxseetarot.com/
02,pin-02-anteprima.png,Lettura Tarocchi Gratis,Anteprima gratuita — poi decidi tu,"Niente pressioni. Solo tre carte, una domanda e una risposta simbolica da leggere con calma. L’anteprima è gratuita: il resto lo scegli tu.

Prova su luxseetarot.com

#tarocchi #anteprimagratuita #letturatarocchi #oracolo #riflessione",https://www.luxseetarot.com/
03,pin-03-amore.png,Tarocchi Amore,Cosa sente davvero? Tarocchi amore,"Quando le parole mancano, le carte aiutano a mettere ordine. Una lettura sull’amore per chiarire sentimenti, chiusure e possibilità — partendo da un’anteprima gratuita a tre carte.

#tarocchiamore #letturaamore #sentimentale #tarocchi #relazioni",https://www.luxseetarot.com/tarocchi-amore.html
04,pin-04-lavoro.png,Tarocchi Lavoro,E adesso? Tarocchi lavoro e direzione,"Carriera, scelta, stallo: tre carte per vedere il clima intorno a una decisione. Inizia con l’anteprima gratuita su Luxseetarot, in italiano.

#tarocchilavoro #carriera #scelte #tarocchi #lavoro",https://www.luxseetarot.com/tarocchi-lavoro.html
05,pin-05-futuro.png,Tarocchi Futuro,Il prossimo passo — tarocchi futuro,"Non per “predire tutto”, ma per illuminare la direzione. Una lettura sul futuro con anteprima gratuita a tre carte, poi decidi se andare a fondo.

#tarocchifuturo #futuro #direzione #tarocchi #chiarezza",https://www.luxseetarot.com/tarocchi-futuro.html
06,pin-06-domanda.png,Come Fare una Domanda ai Tarocchi,Una domanda chiara cambia tutto,"Le carte rispondono meglio a un focus preciso. Prima di pescare: cosa vuoi capire davvero? Su Luxseetarot puoi provare con anteprima gratuita.

#domandatarocchi #comefareunadomanda #tarocchi #guida #introspezione",https://www.luxseetarot.com/
07,pin-07-senza-impegno.png,Lettura Tarocchi Gratis,Prova senza impegno — 3 carte online,"Curiosità sì. Pressione no. Inizia con tre carte, leggi l’anteprima, poi scegli. Lettura tarocchi online in italiano su Luxseetarot.

#tarocchigratis #senzaimpegno #letturaonline #tarocchi #benessere",https://www.luxseetarot.com/
08,pin-08-chiarezza.png,Come Fare una Domanda ai Tarocchi,Non è magia. È chiarezza.,"I tarocchi non sostituiscono le tue scelte: le rendono più leggibili. Anteprima gratuita a tre carte su Luxseetarot — calma, simbolica, in italiano.

#chiarezza #tarocchi #consapevolezza #letturatarocchi #mindset",https://www.luxseetarot.com/
09,pin-09-non-riesci.png,Tarocchi Amore,Tre carte per quello che non riesci a dire,"C’è una domanda che giri da giorni. Mettila alle carte. Inizia gratis con l’anteprima a tre carte su Luxseetarot.

#tarocchi #emozioni #amore #ascolto #letturatarocchi",https://www.luxseetarot.com/
10,pin-10-gratis-poster.png,Lettura Tarocchi Gratis,Gratis la prima lettura (anteprima 3 carte),"Vuoi solo capire se “ti parla”? Parti dall’anteprima gratuita. Tre carte, una domanda, zero impegno. Poi, se vuoi, la lettura completa.

Luxseetarot — tarocchi online in italiano.

#gratis #tarocchi #letturatarocchi #online #italia",https://www.luxseetarot.com/
11,pin-11-torna.png,Tarocchi Amore,Torna? O è finita. Tarocchi amore,"Quando i segnali si contraddicono, tre carte aiutano a mettere ordine. Anteprima gratuita su Luxseetarot — poi decidi se approfondire.

#tarocchiamore #ex #relazioni #tarocchi #chiarezza",https://www.luxseetarot.com/tarocchi-amore.html
12,pin-12-cambio-lavoro.png,Tarocchi Lavoro,Cambio lavoro? Sì, no, non ancora,"Una decisione di carriera merita un momento di chiarezza. Parti dall’anteprima a tre carte su Luxseetarot, in italiano.

#tarocchilavoro #cambiolavoro #carriera #scelte #tarocchi",https://www.luxseetarot.com/tarocchi-lavoro.html
13,pin-13-domande.png,Come Fare una Domanda ai Tarocchi,Domande ai tarocchi che funzionano,"Meno “dimmi tutto”, più “cosa voglio capire”. Una domanda chiara apre una lettura più utile. Prova con anteprima gratis su Luxseetarot.

#domandatarocchi #comefareunadomanda #tarocchi #guida #introspezione",https://www.luxseetarot.com/
14,pin-14-tre-minuti.png,Lettura Tarocchi Gratis,3 minuti. 3 carte. Anteprima gratis,"Poco tempo, una domanda, tre carte. Inizia gratis su Luxseetarot e vedi se la lettura ti parla.

#tarocchigratis #anteprima #letturatarocchi #online #tarocchi",https://www.luxseetarot.com/
15,pin-15-settimana.png,Tarocchi Futuro,Questa settimana — una direzione,"Non per fissare il destino: per illuminare il clima dei prossimi giorni. Anteprima a tre carte su Luxseetarot.

#tarocchifuturo #settimana #direzione #tarocchi #chiarezza",https://www.luxseetarot.com/tarocchi-futuro.html
16,pin-16-segnali.png,Tarocchi Amore,Segnali misti in amore? Leggili,"Tra sì, no e forse, le carte aiutano a vedere il filo. Inizia con l’anteprima gratuita a tre carte.

#tarocchiamore #segnali #sentimentale #tarocchi #relazioni",https://www.luxseetarot.com/tarocchi-amore.html
17,pin-17-blocco.png,Tarocchi Lavoro,Blocco al lavoro — e ripartenza,"Quando tutto sembra fermo, tre carte possono mostrare il prossimo passo possibile. Anteprima gratis su Luxseetarot.

#tarocchilavoro #blocco #ripartenza #carriera #tarocchi",https://www.luxseetarot.com/tarocchi-lavoro.html
18,pin-18-fermati.png,Come Fare una Domanda ai Tarocchi,Fermati. Ascolta. Poi chiedi alle carte,"Prima della domanda: un respiro. Poi tre carte, con calma. Anteprima gratuita su Luxseetarot.

#chiarezza #tarocchi #ascolto #domanda #consapevolezza",https://www.luxseetarot.com/
19,pin-19-occhiata.png,Lettura Tarocchi Gratis,Solo un’occhiata — poi decidi tu,"Niente pressione. Solo un’anteprima a tre carte per capire se “ti parla”. Su Luxseetarot, in italiano.

#anteprimagratuita #tarocchi #senzaimpegno #letturaonline #luxseetarot",https://www.luxseetarot.com/
20,pin-20-aspetta.png,Tarocchi Futuro,Cosa ti aspetta — tre carte, una domanda,"Una lettura sul futuro partendo da un’anteprima gratuita. Poi, se vuoi, vai a fondo.

#tarocchifuturo #futuro #domanda #tarocchi #online",https://www.luxseetarot.com/tarocchi-futuro.html
21,pin-21-tipensa.png,Tarocchi Amore,Ti pensa? Tarocchi amore,"Quando non sai se ti pensa davvero, tre carte aiutano a mettere ordine. Anteprima gratuita su Luxseetarot.

#tarocchiamore #relazioni #tarocchi #chiarezza #sentimentale",https://www.luxseetarot.com/tarocchi-amore.html
22,pin-22-momento.png,Tarocchi Lavoro,È il momento di chiedere di più?,"Carriera e decisioni: tre carte per vedere il clima intorno a una scelta. Inizia con l’anteprima gratis su Luxseetarot.

#tarocchilavoro #carriera #scelte #tarocchi #lavoro",https://www.luxseetarot.com/tarocchi-lavoro.html
23,pin-23-estate.png,Tarocchi Futuro,Dopo l’estate — che direzione?,"Una lettura sul futuro per illuminare la direzione, non per fissare il destino. Anteprima a tre carte su Luxseetarot.

#tarocchifuturo #direzione #tarocchi #futuro #chiarezza",https://www.luxseetarot.com/tarocchi-futuro.html
24,pin-24-inizia.png,Lettura Tarocchi Gratis,Inizia gratis — 3 carte, anteprima,"Poco impegno, una domanda, tre carte. Parti dall’anteprima gratuita su Luxseetarot, in italiano.

#tarocchigratis #anteprima #letturatarocchi #online #tarocchi",https://www.luxseetarot.com/
25,pin-25-sbagli.png,Come Fare una Domanda ai Tarocchi,Sbagli la domanda, cambia tutto,"Le carte rispondono meglio a un focus preciso. Prima di pescare: cosa vuoi capire davvero? Prova su Luxseetarot.

#domandatarocchi #comefareunadomanda #tarocchi #guida #introspezione",https://www.luxseetarot.com/
26,pin-26-chiusura.png,Tarocchi Amore,Chiusura o pausa? Tarocchi amore,"Tra fine e sospensione c’è una differenza. Tre carte per leggere il clima. Anteprima gratuita su Luxseetarot.

#tarocchiamore #relazioni #chiusura #tarocchi #emozioni",https://www.luxseetarot.com/tarocchi-amore.html
27,pin-27-progetto.png,Tarocchi Lavoro,Nuovo progetto? Tarocchi lavoro,"Un’idea nuova merita un momento di chiarezza. Inizia con l’anteprima a tre carte su Luxseetarot.

#tarocchilavoro #progetto #carriera #scelte #tarocchi",https://www.luxseetarot.com/tarocchi-lavoro.html
28,pin-28-rumore.png,Come Fare una Domanda ai Tarocchi,Meno rumore, più chiarezza,"Prima della domanda: un respiro. Poi tre carte, con calma. Anteprima gratuita su Luxseetarot.

#chiarezza #tarocchi #ascolto #domanda #consapevolezza",https://www.luxseetarot.com/
29,pin-29-prova.png,Lettura Tarocchi Gratis,Prova tre carte — senza impegno,"Curiosità sì. Pressione no. Inizia gratis con l’anteprima a tre carte su Luxseetarot.

#tarocchigratis #senzaimpegno #anteprima #letturaonline #tarocchi",https://www.luxseetarot.com/
30,pin-30-dopo.png,Tarocchi Futuro,Il dopo che non vedi ancora,"Una lettura sul futuro partendo da un’anteprima gratuita. Poi, se vuoi, vai a fondo.

#tarocchifuturo #futuro #tarocchi #online #direzione",https://www.luxseetarot.com/tarocchi-futuro.html
31,pin-31-cosa-non-dici.png,Tarocchi Amore,Cosa non dici? Tarocchi amore,"Quello che non riesci a dire merita tre carte. Anteprima gratuita su Luxseetarot.

#tarocchiamore #relazioni #tarocchi #emozioni #chiarezza",https://www.luxseetarot.com/tarocchi-amore.html
32,pin-32-resto-o-cambio.png,Tarocchi Lavoro,Resto o cambio? Tarocchi lavoro,"Una decisione di carriera: tre carte per vedere il clima. Inizia con l’anteprima gratis su Luxseetarot.

#tarocchilavoro #carriera #scelte #tarocchi #lavoro",https://www.luxseetarot.com/tarocchi-lavoro.html
33,pin-33-tre-carte.png,Lettura Tarocchi Gratis,Tre carte — anteprima gratis,"Poco impegno, una domanda, tre carte. Parti dall’anteprima gratuita su Luxseetarot.

#tarocchigratis #anteprima #letturatarocchi #online #tarocchi",https://www.luxseetarot.com/tarocchi-gratis.html
34,pin-34-domanda-giusta.png,Come Fare una Domanda ai Tarocchi,La domanda giusta cambia la lettura,"Le carte rispondono meglio a un focus preciso. Prima di pescare: cosa vuoi capire davvero?

#domandatarocchi #comefareunadomanda #tarocchi #guida #introspezione",https://www.luxseetarot.com/
35,pin-35-segnali-misti.png,Tarocchi Amore,Segnali misti? Tarocchi amore,"Quando i segnali si contraddicono, tre carte aiutano a mettere ordine. Anteprima gratuita su Luxseetarot.

#tarocchiamore #relazioni #tarocchi #chiarezza #sentimentale",https://www.luxseetarot.com/tarocchi-amore.html
36,pin-36-un-passo.png,Tarocchi Futuro,Un passo alla volta — tarocchi futuro,"Una lettura sul futuro per illuminare la direzione, non per fissare il destino. Anteprima a tre carte su Luxseetarot.

#tarocchifuturo #direzione #tarocchi #futuro #chiarezza",https://www.luxseetarot.com/tarocchi-futuro.html
37,pin-37-prova-ora.png,Lettura Tarocchi Gratis,Prova ora — 3 carte gratis,"Curiosità sì. Pressione no. Inizia gratis con l’anteprima a tre carte su Luxseetarot.

#tarocchigratis #senzaimpegno #anteprima #letturaonline #tarocchi",https://www.luxseetarot.com/tarocchi-gratis.html
38,pin-38-non-forzare.png,Come Fare una Domanda ai Tarocchi,Non forzare — ascolta le carte,"Prima della domanda: un respiro. Poi tre carte, con calma. Anteprima gratuita su Luxseetarot.

#chiarezza #tarocchi #ascolto #domanda #consapevolezza",https://www.luxseetarot.com/
39,pin-39-nuova-fase.png,Tarocchi Lavoro,Nuova fase? Tarocchi lavoro,"Un cambio di passo merita un momento di chiarezza. Inizia con l’anteprima a tre carte su Luxseetarot.

#tarocchilavoro #carriera #cambiamento #scelte #tarocchi",https://www.luxseetarot.com/tarocchi-lavoro.html
40,pin-40-chiarezza-stasera.png,Lettura Tarocchi Gratis,Chiarezza stasera — anteprima 3 carte,"Vuoi solo capire se “ti parla”? Parti dall’anteprima gratuita. Tre carte, una domanda, zero impegno.

#gratis #tarocchi #letturatarocchi #online #italia",https://www.luxseetarot.com/tarocchi-gratis.html
41,pin-41-quello-che-non-dici-a-voce.png,Lettura Tarocchi Gratis,Quello che non dici a voce,"C’è una domanda che ripeti in silenzio da giorni. Non serve spiegarla a nessuno: basta farla stare ferma un attimo.

#tarocchi #chiarezza #introspezione #silenzio #lettura",https://www.luxseetarot.com/tarocchi-gratis.html
42,pin-42-quando-la-testa-non-tace.png,Lettura Tarocchi Gratis,Quando la testa non tace,"Se i pensieri girano a vuoto, tre simboli possono dare una forma a ciò che senti — senza giudicarti.

#tarocchi #pensieri #calma #emozioni #riflessione",https://www.luxseetarot.com/tarocchi-gratis.html
43,pin-43-hai-bisogno-di-un-filo.png,Lettura Tarocchi Gratis,Hai bisogno di un filo,"Non è certezza quella che cerchi. È un filo da seguire quando tutto sembra confuso.

#tarocchi #confusione #direzione #chiarezza #online",https://www.luxseetarot.com/tarocchi-gratis.html
44,pin-44-stasera-solo-tu.png,Lettura Tarocchi Gratis,"Stasera, solo tu","Spegni il rumore. Resta con la domanda vera — quella che non posti da nessuna parte.

#tarocchi #sera #intimità #ascolto #sé",https://www.luxseetarot.com/tarocchi-gratis.html
45,pin-45-il-dubbio-ha-una-forma.png,Lettura Tarocchi Gratis,Il dubbio ha una forma,"Prima di scegliere, a volte serve solo riconoscere cosa ti sta stringendo il petto.

#dubbio #tarocchi #emozioni #chiarezza #introspezione",https://www.luxseetarot.com/tarocchi-gratis.html
46,pin-46-non-sei-confuso-sei-pieno.png,Lettura Tarocchi Gratis,Non sei confuso. Sei pieno.,"Troppe voci dentro. Tre carte non le spengono: le mettono in ordine, una per una.

#tarocchi #pieno #emozioni #ordine #calma",https://www.luxseetarot.com/tarocchi-gratis.html
47,pin-47-quello-che-giri-da-giorni.png,Lettura Tarocchi Gratis,Quello che giri da giorni,"Non è debolezza fermarsi. È il primo gesto di rispetto verso te stesso.

#tarocchi #rispetto #sé #pausa #chiarezza",https://www.luxseetarot.com/tarocchi-gratis.html
48,pin-48-c-e-un-nodo.png,Lettura Tarocchi Gratis,C’è un nodo,"Non serve un oracolo magico. Serve uno spazio onesto, dove il nodo può mostrarsi.

#nodo #tarocchi #onestà #emozioni #lettura",https://www.luxseetarot.com/tarocchi-gratis.html
49,pin-49-chiarezza-non-controllo.png,Lettura Tarocchi Gratis,"Chiarezza, non controllo","Le carte non ti dicono cosa fare. Ti aiutano a vedere cosa stai già sapendo.

#chiarezza #tarocchi #intuito #consapevolezza #sé",https://www.luxseetarot.com/tarocchi-gratis.html
50,pin-50-prima-della-decisione.png,Lettura Tarocchi Gratis,Prima della decisione,"Tra il panico e la scelta c’è uno spazio. Lì le carte parlano meglio.

#decisione #tarocchi #respiro #calma #scelta",https://www.luxseetarot.com/tarocchi-gratis.html
51,pin-51-il-primo-sguardo.png,Lettura Tarocchi Gratis,Il primo sguardo,"Non serve sapere tutto. Serve guardare quello che hai evitato.

#tarocchi #sguardo #verità #introspezione #emozioni",https://www.luxseetarot.com/tarocchi-gratis.html
52,pin-52-quando-non-sai-da-dove.png,Lettura Tarocchi Gratis,Quando non sai da dove,"La domanda più utile non è sull’altro. È su cosa stai portando tu, adesso.

#tarocchi #sé #domanda #focus #chiarezza",https://www.luxseetarot.com/tarocchi-gratis.html
53,pin-53-un-pezzo-di-quiete.png,Lettura Tarocchi Gratis,Un pezzo di quiete,"Anche pochi minuti bastano, se sono davvero tuoi.

#quiete #tarocchi #benessere #presenza #calma",https://www.luxseetarot.com/tarocchi-gratis.html
54,pin-54-non-forzare-il-senso.png,Lettura Tarocchi Gratis,Non forzare il senso,"A volte la fretta di capire nasconde la paura di sentire.

#tarocchi #paura #ascolto #emozioni #pazienza",https://www.luxseetarot.com/tarocchi-gratis.html
55,pin-55-le-parole-che-mancano.png,Lettura Tarocchi Gratis,Le parole che mancano,"Ciò che non riesci a dire è già una storia. Merita di essere ascoltata.

#parole #tarocchi #silenzio #emozioni #cuore",https://www.luxseetarot.com/tarocchi-gratis.html
56,pin-56-una-serata-diversa.png,Lettura Tarocchi Gratis,Una serata diversa,"Restare con una domanda è più coraggioso di scappare in un’altra notifica.

#sera #tarocchi #presenza #coraggio #focus",https://www.luxseetarot.com/tarocchi-gratis.html
57,pin-57-simboli-non-promesse.png,Lettura Tarocchi Gratis,"Simboli, non promesse","Niente destinazioni fissate. Solo immagini che ti riportano a te.

#simboli #tarocchi #specchio #consapevolezza #lettura",https://www.luxseetarot.com/tarocchi-gratis.html
58,pin-58-se-sei-curioso-di-te.png,Lettura Tarocchi Gratis,Se sei curioso di te,"La curiosità più onesta è quella che guarda dentro, non quella che chiede garanzie.

#curiosità #tarocchi #sé #onestà #introspezione",https://www.luxseetarot.com/tarocchi-gratis.html
59,pin-59-una-lettura-che-respira.png,Lettura Tarocchi Gratis,Una lettura che respira,"Testo calmo, spazio per sentire. Niente pressione, niente spettacolo.

#lettura #tarocchi #calma #chiarezza #italiano",https://www.luxseetarot.com/tarocchi-gratis.html
60,pin-60-dove-sei-adesso.png,Lettura Tarocchi Gratis,"Dove sei, adesso","Il presente ha già abbastanza verità. A volte basta guardarlo.

#presente #tarocchi #verità #presenza #sé",https://www.luxseetarot.com/tarocchi-gratis.html
61,pin-61-passato-presente-filo.png,Lettura Tarocchi Gratis,"Passato, presente, filo","Non per chiudere il destino. Per vedere il movimento che stai vivendo.

#spread #tarocchi #storia #movimento #chiarezza",https://www.luxseetarot.com/tarocchi-gratis.html
62,pin-62-meno-ansia-piu-focus.png,Lettura Tarocchi Gratis,"Meno ansia, più focus","Scegli un nodo. Lascia il resto fuori dalla stanza, anche solo per un attimo.

#ansia #focus #tarocchi #calma #mente",https://www.luxseetarot.com/tarocchi-gratis.html
63,pin-63-il-tuo-momento.png,Lettura Tarocchi Gratis,Il tuo momento,"Non tutti i giorni. Solo quando qualcosa dentro chiede di essere visto.

#momento #tarocchi #verità #ascolto #sé",https://www.luxseetarot.com/tarocchi-gratis.html
64,pin-64-apri-quello-che-chiudi.png,Lettura Tarocchi Gratis,Apri quello che chiudi,"Il dubbio non si scaccia. Si ascolta, finché diventa più chiaro.

#dubbio #tarocchi #delicatezza #emozioni #apertura",https://www.luxseetarot.com/tarocchi-gratis.html
65,pin-65-se-stai-iniziando.png,Lettura Tarocchi Gratis,Se stai iniziando,"Non serve esperienza. Serve una domanda vera e un po’ di coraggio.

#iniziare #tarocchi #onestà #coraggio #sé",https://www.luxseetarot.com/tarocchi-gratis.html
66,pin-66-cosa-non-dici.png,Tarocchi Amore,Cosa non dici?,"Quando le parole mancano, resta un peso nel petto. A volte è lì che inizia la verità.

#amore #parole #tarocchi #emozioni #cuore",https://www.luxseetarot.com/tarocchi-amore.html
67,pin-67-segnali-confusi.png,Tarocchi Amore,Segnali confusi?,"Tra sentimento e aspettativa c’è una nebbia. Non sei debole: stai cercando di vedere.

#segnali #amore #tarocchi #chiarezza #relazioni",https://www.luxseetarot.com/tarocchi-amore.html
68,pin-68-cuore-in-dubbio.png,Tarocchi Amore,Cuore in dubbio,"Dubitare non significa non amare. Significa che qualcosa chiede attenzione.

#cuore #dubbio #amore #tarocchi #ascolto",https://www.luxseetarot.com/tarocchi-amore.html
69,pin-69-lui-lei-noi.png,Tarocchi Amore,Lui / lei / noi,"Non per controllare l’altro. Per capire cosa stai portando tu nella danza.

#dinamica #amore #tarocchi #relazioni #consapevolezza",https://www.luxseetarot.com/tarocchi-amore.html
70,pin-70-chiusura-o-ritorno.png,Tarocchi Amore,Chiusura o ritorno?,"Le risposte sì/no chiudono troppo presto. Il cuore ha bisogno di spazio.

#ex #chiusura #amore #tarocchi #emozioni",https://www.luxseetarot.com/tarocchi-amore.html
71,pin-71-nuovo-incontro.png,Tarocchi Amore,Nuovo incontro?,"Prima di chiedere “chi è”, chiedi cosa stai offrendo — e cosa temi di ripetere.

#nuovoamore #incontro #tarocchi #sé #relazioni",https://www.luxseetarot.com/tarocchi-amore.html
72,pin-72-troppe-storie-in-testa.png,Tarocchi Amore,Troppe storie in testa,"Scegli il nodo vero. Il resto sono echi che ti tengono sveglio.

#pensieri #amore #tarocchi #focus #notte",https://www.luxseetarot.com/tarocchi-amore.html
73,pin-73-amore-a-distanza.png,Tarocchi Amore,Amore a distanza,"Cosa tenete ancora? Cosa avete già lasciato andare senza dirvelo?

#distanza #amore #tarocchi #filo #relazioni",https://www.luxseetarot.com/tarocchi-amore.html
74,pin-74-gelosia-o-intuizione.png,Tarocchi Amore,Gelosia o intuizione?,"Una nasce dalla paura. L’altra dal corpo che sa. Meritano nomi distinti.

#gelosia #intuito #amore #tarocchi #emozioni",https://www.luxseetarot.com/tarocchi-amore.html
75,pin-75-silent-treatment.png,Tarocchi Amore,Silent treatment,"Prima di decifrare l’altro, ascolta cosa fa il silenzio dentro di te.

#silenzio #amore #tarocchi #dolore #comunicazione",https://www.luxseetarot.com/tarocchi-amore.html
76,pin-76-mi-vuole-ancora.png,Tarocchi Amore,Mi vuole ancora?,"Meglio: quale energia c’è tra noi, ora? Meno verdetto, più presenza.

#amore #domanda #tarocchi #presenza #cuore",https://www.luxseetarot.com/tarocchi-amore.html
77,pin-77-dopo-una-lite.png,Tarocchi Amore,Dopo una lite,"C’è rabbia, c’è ferita, c’è anche il bisogno di non perdere te stesso.

#litigio #amore #tarocchi #perdono #confini",https://www.luxseetarot.com/tarocchi-amore.html
78,pin-78-crush-o-connessione.png,Tarocchi Amore,Crush o connessione?,"Non inventare un destino. Guarda cosa c’è già — e cosa stai proiettando.

#crush #connessione #amore #tarocchi #realismo",https://www.luxseetarot.com/tarocchi-amore.html
79,pin-79-paura-di-lasciar-andare.png,Tarocchi Amore,Paura di lasciar andare,"A volte stringi per non sentire il vuoto. Le carte aiutano a distinguerlo.

#lasciareandare #amore #tarocchi #attaccamento #crescita",https://www.luxseetarot.com/tarocchi-amore.html
80,pin-80-messaggi-misti.png,Tarocchi Amore,Messaggi misti,"Quando le parole online e il corpo non tornano, serve ordine — non più scroll.

#messaggi #amore #tarocchi #chiarezza #confusione",https://www.luxseetarot.com/tarocchi-amore.html
81,pin-81-tornare-insieme.png,Tarocchi Amore,Tornare insieme?,"Non una profezia. Un momento onesto su cosa cerchi davvero, tu.

#ricongiungimento #amore #tarocchi #scelta #onestà",https://www.luxseetarot.com/tarocchi-amore.html
82,pin-82-single-e-sereno.png,Tarocchi Amore,Single e sereno?,"Chiediti cosa stai coltivando. La solitudine e l’attesa non sono la stessa cosa.

#single #amore #tarocchi #sé #crescita",https://www.luxseetarot.com/tarocchi-amore.html
83,pin-83-amore-e-confini.png,Tarocchi Amore,Amore e confini,"A volte il cuore generoso dimentica dove finisci tu.

#confini #amore #tarocchi #assertività #sé",https://www.luxseetarot.com/tarocchi-amore.html
84,pin-84-il-timing-dell-amore.png,Tarocchi Amore,Il timing dell’amore,"Conta l’atteggiamento, non il calendario. Cosa sei pronto a vivere?

#timing #amore #tarocchi #prontezza #realismo",https://www.luxseetarot.com/tarocchi-amore.html
85,pin-85-ti-senti-invisibile.png,Tarocchi Amore,Ti senti invisibile,"Una domanda su di te, non solo sull’altro. Essere visti inizia da lì.

#invisibile #amore #tarocchi #ascolto #valore",https://www.luxseetarot.com/tarocchi-amore.html
86,pin-86-passione-vs-stabilita.png,Tarocchi Amore,Passione vs stabilità,"Non c’è una risposta giusta per sempre. C’è quella vera per questo momento.

#passione #stabilità #dilemmi #amore #tarocchi",https://www.luxseetarot.com/tarocchi-amore.html
87,pin-87-parlare-o-aspettare.png,Tarocchi Amore,Parlare o aspettare?,"Non è solo “cosa dire”. È se sei pronto ad ascoltare la risposta.

#comunicazione #amore #tarocchi #ascolto #scelta",https://www.luxseetarot.com/tarocchi-amore.html
88,pin-88-amore-soft.png,Tarocchi Amore,Amore soft,"C’è anche un modo quieto di guardare il cuore. Meno rumore, più verità.

#soft #amore #tarocchi #calma #cuore",https://www.luxseetarot.com/tarocchi-amore.html
89,pin-89-il-nodo-del-momento.png,Tarocchi Amore,Il nodo del momento,"Una sola frase di domanda. Il resto è rumore che confonde.

#nodo #amore #tarocchi #focus #emozioni",https://www.luxseetarot.com/tarocchi-amore.html
90,pin-90-quando-l-amore-confonde.png,Tarocchi Amore,Quando l’amore confonde,"Non serve urlare una certezza. Serve onestà su ciò che ti muove.

#amore #tarocchi #sentire #onestà #relazioni",https://www.luxseetarot.com/tarocchi-amore.html
91,pin-91-resto-o-cambio.png,Tarocchi Lavoro,Resto o cambio?,"Non è solo carriera. È dove metti energia — e dove la perdi.

#lavoro #scelta #tarocchi #energia #carriera",https://www.luxseetarot.com/tarocchi-lavoro.html
92,pin-92-stallo-professionale.png,Tarocchi Lavoro,Stallo professionale,"A volte lo stallo non è pigrizia. È un messaggio che non hai ancora ascoltato.

#stallo #lavoro #tarocchi #motivazione #ascolto",https://www.luxseetarot.com/tarocchi-lavoro.html
93,pin-93-colloquio-in-arrivo.png,Tarocchi Lavoro,Colloquio in arrivo,"Oltre il curriculum: quale energia vuoi portare nella stanza?

#colloquio #lavoro #tarocchi #presenza #carriera",https://www.luxseetarot.com/tarocchi-lavoro.html
94,pin-94-burnout-o-noia.png,Tarocchi Lavoro,Burnout o noia?,"Uno brucia. L’altro spegne. Dare il nome giusto cambia il prossimo passo.

#burnout #lavoro #tarocchi #benessere #chiarezza",https://www.luxseetarot.com/tarocchi-lavoro.html
95,pin-95-promozione.png,Tarocchi Lavoro,Promozione?,"A volte il titolo nuovo non è la direzione. Guarda cosa ti nutre davvero.

#promozione #carriera #tarocchi #direzione #senso",https://www.luxseetarot.com/tarocchi-lavoro.html
96,pin-96-lavoro-e-confini.png,Tarocchi Lavoro,Lavoro e confini,"Cosa stai sacrificando senza dirtelo? Il corpo lo sa già.

#confini #worklife #tarocchi #equilibrio #lavoro",https://www.luxseetarot.com/tarocchi-lavoro.html
97,pin-97-team-difficile.png,Tarocchi Lavoro,Team difficile,"Non il gossip. Il tuo spazio di azione — e dove smetti di portarti tutto.

#team #lavoro #tarocchi #confini #relazioni",https://www.luxseetarot.com/tarocchi-lavoro.html
98,pin-98-partita-iva.png,Tarocchi Lavoro,Partita IVA?,"Dietro la scelta pratica c’è una paura e un desiderio. Entrambi meritano luce.

#partitaiva #scelta #tarocchi #lavoro #paura",https://www.luxseetarot.com/tarocchi-lavoro.html
99,pin-99-nuovo-progetto.png,Tarocchi Lavoro,Nuovo progetto,"Cosa ti serve per partire bene — non solo per partire in fretta?

#progetto #lavoro #tarocchi #lancio #chiarezza",https://www.luxseetarot.com/tarocchi-lavoro.html
100,pin-100-soldi-e-lavoro.png,Tarocchi Lavoro,Soldi e lavoro,"Simboli sul valore e sulla pressione — non una previsione finanziaria.

#soldi #lavoro #tarocchi #valore #pressione",https://www.luxseetarot.com/tarocchi-lavoro.html
101,pin-101-mi-sottovalutano.png,Tarocchi Lavoro,Mi sottovalutano,"Prima di convincere gli altri, ascolta dove tu smetti di crederti.

#valore #carriera #tarocchi #autostima #lavoro",https://www.luxseetarot.com/tarocchi-lavoro.html
102,pin-102-cambio-citta-per-lavoro.png,Tarocchi Lavoro,Cambio città per lavoro,"Non la garanzia. L’energia del movimento — e cosa lasci dietro.

#trasloco #lavoro #tarocchi #cambio #scelta",https://www.luxseetarot.com/tarocchi-lavoro.html
103,pin-103-creativita-bloccata.png,Tarocchi Lavoro,Creatività bloccata,"Il blocco spesso nasconde stanchezza o paura. Non solo mancanza di idee.

#creatività #blocco #tarocchi #lavoro #paura",https://www.luxseetarot.com/tarocchi-lavoro.html
104,pin-104-leadership-soft.png,Tarocchi Lavoro,Leadership soft,"Che stile sostiene questo periodo — non quello che ti hanno detto di essere?

#leadership #lavoro #tarocchi #stile #autenticità",https://www.luxseetarot.com/tarocchi-lavoro.html
105,pin-105-lunedi-difficile.png,Tarocchi Lavoro,Lunedì difficile,"Un rituale breve: cosa porti dentro, e cosa puoi lasciare fuori.

#lunedì #lavoro #tarocchi #rituale #inizio",https://www.luxseetarot.com/tarocchi-lavoro.html
106,pin-106-feedback-ricevuto.png,Tarocchi Lavoro,Feedback ricevuto,"Tra difesa e autodistruzione c’è uno spazio. Lì cresci davvero.

#feedback #carriera #tarocchi #crescita #lavoro",https://www.luxseetarot.com/tarocchi-lavoro.html
107,pin-107-rete-o-merito.png,Tarocchi Lavoro,Rete o merito?,"Una domanda onesta sul potere, le porte e ciò che meriti di chiedere.

#networking #merito #tarocchi #carriera #potere",https://www.luxseetarot.com/tarocchi-lavoro.html
108,pin-108-dimissioni-in-testa.png,Tarocchi Lavoro,Dimissioni in testa,"La fuga e la scelta non si somigliano. Distinguerle ti salva mesi.

#dimissioni #scelta #tarocchi #lavoro #calma",https://www.luxseetarot.com/tarocchi-lavoro.html
109,pin-109-obiettivi-che-pesano.png,Tarocchi Lavoro,Obiettivi che pesano,"Cosa stai inseguendo perché lo vuoi — e cosa perché “si deve”?

#obiettivi #lavoro #tarocchi #senso #focus",https://www.luxseetarot.com/tarocchi-lavoro.html
110,pin-110-quando-il-lavoro-confonde.png,Tarocchi Lavoro,Quando il lavoro confonde,"Stanchezza, rabbia, vuoto: sono già risposte. Le carte le mettono in parole.

#lavoro #tarocchi #corpo #emozioni #chiarezza",https://www.luxseetarot.com/tarocchi-lavoro.html
111,pin-111-il-prossimo-passo.png,Tarocchi Futuro,Il prossimo passo,"Illumina la direzione, non il destino fisso. Basta un passo onesto.

#futuro #direzione #tarocchi #passo #chiarezza",https://www.luxseetarot.com/tarocchi-futuro.html
112,pin-112-cosa-preparare.png,Tarocchi Futuro,Cosa preparare,"Meglio “cosa coltivare” che “il giorno esatto”. Il corpo preferisce la cura alla profezia.

#preparazione #futuro #tarocchi #cura #realismo",https://www.luxseetarot.com/tarocchi-futuro.html
113,pin-113-paura-del-dopo.png,Tarocchi Futuro,Paura del dopo,"Finché resta vaga, comanda. Quando ha un nome, puoi respirare accanto.

#paura #futuro #tarocchi #emozioni #calma",https://www.luxseetarot.com/tarocchi-futuro.html
114,pin-114-una-porta-socchiusa.png,Tarocchi Futuro,Una porta socchiusa,"Non è solo opportunità. È anche il coraggio di attraversare.

#porta #scelta #tarocchi #futuro #coraggio",https://www.luxseetarot.com/tarocchi-futuro.html
115,pin-115-ciclo-che-finisce.png,Tarocchi Futuro,Ciclo che finisce,"Passato, presente, tendenza. Una storia in movimento — non un verdetto.

#cicli #cambiamento #tarocchi #futuro #storia",https://www.luxseetarot.com/tarocchi-futuro.html
116,pin-116-orizzonte-vicino.png,Tarocchi Futuro,Orizzonte vicino,"Chiedi sul prossimo gesto concreto, non sul romanzo intero.

#orizzonte #futuro #tarocchi #azione #chiarezza",https://www.luxseetarot.com/tarocchi-futuro.html
117,pin-117-se-non-cambio-nulla.png,Tarocchi Futuro,Se non cambio nulla,"Una domanda onesta. A volte il “dopo” è già scritto nel “come sto ora”.

#tendenza #futuro #tarocchi #realismo #scelta",https://www.luxseetarot.com/tarocchi-futuro.html
118,pin-118-speranza-o-piano.png,Tarocchi Futuro,Speranza o piano?,"Sognare nutre. Agire orienta. Sapere quale stai facendo ti rende libero.

#speranza #piano #tarocchi #futuro #azione",https://www.luxseetarot.com/tarocchi-futuro.html
119,pin-119-check-in-con-te.png,Tarocchi Futuro,Check-in con te,"Anche a metà strada: tre simboli su dove sei davvero diretto.

#checkin #futuro #tarocchi #intenzione #presenza",https://www.luxseetarot.com/tarocchi-futuro.html
120,pin-120-rischio-calcolato.png,Tarocchi Futuro,Rischio calcolato,"Chiarisci il movente. Il coraggio e la fuga a volte si mascherano uguali.

#rischio #scelta #tarocchi #futuro #consapevolezza",https://www.luxseetarot.com/tarocchi-futuro.html
121,pin-121-il-dopo-scelta.png,Tarocchi Futuro,Il dopo-scelta,"Non solo “cosa succede”. Come ti muovi tu, dopo.

#dopo #scelta #tarocchi #futuro #sé",https://www.luxseetarot.com/tarocchi-futuro.html
122,pin-122-nebbia-davanti.png,Tarocchi Futuro,Nebbia davanti,"Non serve la mappa intera. Serve un punto di appoggio per stanotte.

#nebbia #chiarezza #tarocchi #futuro #calma",https://www.luxseetarot.com/tarocchi-futuro.html
123,pin-123-futuro-soft.png,Tarocchi Futuro,Futuro soft,"Guardare avanti può essere quieto. Non tutto deve essere urgenza.

#soft #futuro #tarocchi #calma #benessere",https://www.luxseetarot.com/tarocchi-futuro.html
124,pin-124-domanda-sul-futuro.png,Tarocchi Futuro,Domanda sul futuro,"Apri, concreta, un solo tema. Il resto è rumore che confonde le carte.

#domanda #futuro #tarocchi #focus #chiarezza",https://www.luxseetarot.com/tarocchi-futuro.html
125,pin-125-quello-che-verra.png,Tarocchi Futuro,Quello che verrà,"Il futuro non è un film. È la somma di come ti tratti oggi.

#futuro #tarocchi #oggi #cura #sé",https://www.luxseetarot.com/tarocchi-futuro.html
126,pin-126-la-domanda-giusta.png,Come Fare una Domanda ai Tarocchi,La domanda giusta,"Le carte rispondono al focus che dai. Una domanda confusa genera solo nebbia.

#domanda #tarocchi #focus #chiarezza #introspezione",https://www.luxseetarot.com/blog/come-fare-una-domanda-ai-tarocchi
127,pin-127-non-chiedere-si-no.png,Come Fare una Domanda ai Tarocchi,Non chiedere sì/no,"Apri: dinamica, atteggiamento, prossimo passo. Il cuore ha bisogno di spazio.

#sìno #domanda #tarocchi #apertura #chiarezza",https://www.luxseetarot.com/blog/come-fare-una-domanda-ai-tarocchi
128,pin-128-una-domanda-sola.png,Come Fare una Domanda ai Tarocchi,Una domanda sola,"Troppi temi = lettura confusa. Scegli il nodo. Il resto aspetta.

#focus #domanda #tarocchi #nodo #chiarezza",https://www.luxseetarot.com/blog/come-fare-una-domanda-ai-tarocchi
129,pin-129-prima-di-pescare.png,Come Fare una Domanda ai Tarocchi,Prima di pescare,"Tre minuti di chiarezza valgono più di dieci estrazioni affrettate.

#preparazione #domanda #tarocchi #rituale #calma",https://www.luxseetarot.com/blog/come-fare-una-domanda-ai-tarocchi
130,pin-130-esempi-che-aiutano.png,Come Fare una Domanda ai Tarocchi,Esempi che aiutano,"Domande aperte, oneste, senza verdetto. Poi ascolta cosa emerge.

#esempi #domanda #tarocchi #amore #lavoro",https://www.luxseetarot.com/blog/come-fare-una-domanda-ai-tarocchi
131,pin-131-controllo-sull-altro.png,Come Fare una Domanda ai Tarocchi,Controllo sull’altro?,"Chiedi il tuo ruolo e la dinamica. Più utile, meno ansia.

#controllo #domanda #tarocchi #relazioni #mindset",https://www.luxseetarot.com/blog/come-fare-una-domanda-ai-tarocchi
132,pin-132-date-assolute.png,Come Fare una Domanda ai Tarocchi,Date assolute,"“In questa fase” batte “il giorno esatto”. Il tempo interiore non è un calendario.

#date #domanda #tarocchi #realismo #futuro",https://www.luxseetarot.com/blog/come-fare-una-domanda-ai-tarocchi
133,pin-133-domanda-confusa.png,Come Fare una Domanda ai Tarocchi,Domanda confusa,"Scarica tutto → sottolinea il nodo → riscrivi aperta. Poi respira.

#metodo #domanda #tarocchi #chiarezza #pratica",https://www.luxseetarot.com/blog/come-fare-una-domanda-ai-tarocchi
134,pin-134-cosa-vuoi-capire.png,Come Fare una Domanda ai Tarocchi,Cosa vuoi capire,"Chiarezza — o solo rassicurazione? L’onestà viene prima delle carte.

#onestà #domanda #tarocchi #introspezione #verità",https://www.luxseetarot.com/blog/come-fare-una-domanda-ai-tarocchi
135,pin-135-troppe-domande.png,Come Fare una Domanda ai Tarocchi,Troppe domande,"Approfondisci dopo, sullo stesso filo. Non sparare a raffica.

#approfondimento #domanda #tarocchi #focus #pazienza",https://www.luxseetarot.com/blog/come-fare-una-domanda-ai-tarocchi
136,pin-136-se-stai-iniziando.png,Come Fare una Domanda ai Tarocchi,Se stai iniziando,"Chi + cosa + orizzonte. Poi resta in ascolto di ciò che emerge.

#principianti #domanda #tarocchi #template #ascolto",https://www.luxseetarot.com/blog/come-fare-una-domanda-ai-tarocchi
137,pin-137-domanda-debole.png,Come Fare una Domanda ai Tarocchi,Domanda debole,"Una chiude. L’altra apre. La differenza si sente nel corpo.

#esempi #domanda #tarocchi #corpo #chiarezza",https://www.luxseetarot.com/blog/come-fare-una-domanda-ai-tarocchi
138,pin-138-respiro-poi-domanda.png,Come Fare una Domanda ai Tarocchi,Respiro. Poi domanda.,"Il ritmo conta quanto le parole. La fretta confonde tutto.

#ritmo #domanda #tarocchi #presenza #calma",https://www.luxseetarot.com/blog/come-fare-una-domanda-ai-tarocchi
139,pin-139-scrivi-poi-ascolta.png,Come Fare una Domanda ai Tarocchi,"Scrivi, poi ascolta","Quando la domanda è scritta bene, metà della confusione è già sciolta.

#pratica #domanda #tarocchi #chiarezza #scrittura",https://www.luxseetarot.com/blog/come-fare-una-domanda-ai-tarocchi
140,pin-140-fare-una-domanda.png,Come Fare una Domanda ai Tarocchi,Fare una domanda,"Verso te, verso il mistero. Non per costringere una risposta.

#domanda #tarocchi #rispetto #mistero #ascolto",https://www.luxseetarot.com/blog/come-fare-una-domanda-ai-tarocchi
141,pin-141-nomina-cio-che-pesa.png,Lettura Tarocchi Gratis,Nomina ciò che pesa,"Un consiglio semplice: fermati, nomina ciò che pesa, poi ascolta. Le carte aiutano a mettere ordine — non a forzare una risposta.

#tarocchi #consiglio #chiarezza #introspezione #sé",https://www.luxseetarot.com/tarocchi-gratis.html
142,pin-142-cosa-non-dici.png,Tarocchi Amore,Cosa non dici,"In amore il consiglio utile è spesso su di te: cosa porti, cosa temi, dove dici sì troppo.

#amore #tarocchi #consiglio #cuore #relazioni",https://www.luxseetarot.com/tarocchi-amore.html
143,pin-143-resto-o-cambio.png,Tarocchi Lavoro,Resto o cambio,"Al lavoro il consiglio più utile: distingue stanchezza, paura e desiderio. Poi fai un passo concreto.

#lavoro #tarocchi #consiglio #scelta #carriera",https://www.luxseetarot.com/tarocchi-lavoro.html
144,pin-144-il-prossimo-passo.png,Tarocchi Futuro,Il prossimo passo,"Sul futuro: illumina la direzione, non il destino fisso. Basta un passo onesto.

#futuro #tarocchi #consiglio #direzione #passo",https://www.luxseetarot.com/tarocchi-futuro.html
145,pin-145-la-domanda-giusta.png,Come Fare una Domanda ai Tarocchi,La domanda giusta,"Consiglio sulle domande: una sola, aperta, onesta. Le carte rispondono al focus che dai.

#domanda #tarocchi #consiglio #focus #onestà",https://www.luxseetarot.com/blog/come-fare-una-domanda-ai-tarocchi
146,pin-146-ascolta-il-petto.png,Lettura Tarocchi Gratis,Ascolta il petto,"Un consiglio semplice: fermati, nomina ciò che pesa, poi ascolta. Le carte aiutano a mettere ordine — non a forzare una risposta.

#tarocchi #consiglio #chiarezza #introspezione #sé",https://www.luxseetarot.com/tarocchi-gratis.html
147,pin-147-segnali-confusi.png,Tarocchi Amore,Segnali confusi,"In amore il consiglio utile è spesso su di te: cosa porti, cosa temi, dove dici sì troppo.

#amore #tarocchi #consiglio #cuore #relazioni",https://www.luxseetarot.com/tarocchi-amore.html
148,pin-148-lo-stallo-non-e-pigrizia.png,Tarocchi Lavoro,Lo stallo non è pigrizia,"Al lavoro il consiglio più utile: distingue stanchezza, paura e desiderio. Poi fai un passo concreto.

#lavoro #tarocchi #consiglio #scelta #carriera",https://www.luxseetarot.com/tarocchi-lavoro.html
149,pin-149-paura-del-dopo.png,Tarocchi Futuro,Paura del dopo,"Sul futuro: illumina la direzione, non il destino fisso. Basta un passo onesto.

#futuro #tarocchi #consiglio #direzione #passo",https://www.luxseetarot.com/tarocchi-futuro.html
150,pin-150-non-si-o-no.png,Come Fare una Domanda ai Tarocchi,Non sì o no,"Consiglio sulle domande: una sola, aperta, onesta. Le carte rispondono al focus che dai.

#domanda #tarocchi #consiglio #focus #onestà",https://www.luxseetarot.com/blog/come-fare-una-domanda-ai-tarocchi
151,pin-151-una-quiete-basta.png,Lettura Tarocchi Gratis,Una quiete basta,"Un consiglio semplice: fermati, nomina ciò che pesa, poi ascolta. Le carte aiutano a mettere ordine — non a forzare una risposta.

#tarocchi #consiglio #chiarezza #introspezione #sé",https://www.luxseetarot.com/tarocchi-gratis.html
152,pin-152-dubitare-non-e-errare.png,Tarocchi Amore,Dubitare non è errare,"In amore il consiglio utile è spesso su di te: cosa porti, cosa temi, dove dici sì troppo.

#amore #tarocchi #consiglio #cuore #relazioni",https://www.luxseetarot.com/tarocchi-amore.html
153,pin-153-prima-del-colloquio.png,Tarocchi Lavoro,Prima del colloquio,"Al lavoro il consiglio più utile: distingue stanchezza, paura e desiderio. Poi fai un passo concreto.

#lavoro #tarocchi #consiglio #scelta #carriera",https://www.luxseetarot.com/tarocchi-lavoro.html
154,pin-154-una-porta-socchiusa.png,Tarocchi Futuro,Una porta socchiusa,"Sul futuro: illumina la direzione, non il destino fisso. Basta un passo onesto.

#futuro #tarocchi #consiglio #direzione #passo",https://www.luxseetarot.com/tarocchi-futuro.html
155,pin-155-una-domanda-sola.png,Come Fare una Domanda ai Tarocchi,Una domanda sola,"Consiglio sulle domande: una sola, aperta, onesta. Le carte rispondono al focus che dai.

#domanda #tarocchi #consiglio #focus #onestà",https://www.luxseetarot.com/blog/come-fare-una-domanda-ai-tarocchi
156,pin-156-non-forzare-il-senso.png,Lettura Tarocchi Gratis,Non forzare il senso,"Un consiglio semplice: fermati, nomina ciò che pesa, poi ascolta. Le carte aiutano a mettere ordine — non a forzare una risposta.

#tarocchi #consiglio #chiarezza #introspezione #sé",https://www.luxseetarot.com/tarocchi-gratis.html
157,pin-157-non-controllare-l-altro.png,Tarocchi Amore,Non controllare l’altro,"In amore il consiglio utile è spesso su di te: cosa porti, cosa temi, dove dici sì troppo.

#amore #tarocchi #consiglio #cuore #relazioni",https://www.luxseetarot.com/tarocchi-amore.html
158,pin-158-burnout-o-noia.png,Tarocchi Lavoro,Burnout o noia,"Al lavoro il consiglio più utile: distingue stanchezza, paura e desiderio. Poi fai un passo concreto.

#lavoro #tarocchi #consiglio #scelta #carriera",https://www.luxseetarot.com/tarocchi-lavoro.html
159,pin-159-nebbia-davanti.png,Tarocchi Futuro,Nebbia davanti,"Sul futuro: illumina la direzione, non il destino fisso. Basta un passo onesto.

#futuro #tarocchi #consiglio #direzione #passo",https://www.luxseetarot.com/tarocchi-futuro.html
160,pin-160-prima-di-pescare.png,Come Fare una Domanda ai Tarocchi,Prima di pescare,"Consiglio sulle domande: una sola, aperta, onesta. Le carte rispondono al focus che dai.

#domanda #tarocchi #consiglio #focus #onestà",https://www.luxseetarot.com/blog/come-fare-una-domanda-ai-tarocchi
161,pin-161-scrivi-il-nodo.png,Lettura Tarocchi Gratis,Scrivi il nodo,"Un consiglio semplice: fermati, nomina ciò che pesa, poi ascolta. Le carte aiutano a mettere ordine — non a forzare una risposta.

#tarocchi #consiglio #chiarezza #introspezione #sé",https://www.luxseetarot.com/tarocchi-gratis.html
162,pin-162-apri-la-domanda.png,Tarocchi Amore,Apri la domanda,"In amore il consiglio utile è spesso su di te: cosa porti, cosa temi, dove dici sì troppo.

#amore #tarocchi #consiglio #cuore #relazioni",https://www.luxseetarot.com/tarocchi-amore.html
163,pin-163-dopo-le-diciotto.png,Tarocchi Lavoro,Dopo le diciotto,"Al lavoro il consiglio più utile: distingue stanchezza, paura e desiderio. Poi fai un passo concreto.

#lavoro #tarocchi #consiglio #scelta #carriera",https://www.luxseetarot.com/tarocchi-lavoro.html
164,pin-164-se-non-cambio-nulla.png,Tarocchi Futuro,Se non cambio nulla,"Sul futuro: illumina la direzione, non il destino fisso. Basta un passo onesto.

#futuro #tarocchi #consiglio #direzione #passo",https://www.luxseetarot.com/tarocchi-futuro.html
165,pin-165-controllo-o-ascolto.png,Come Fare una Domanda ai Tarocchi,Controllo o ascolto,"Consiglio sulle domande: una sola, aperta, onesta. Le carte rispondono al focus che dai.

#domanda #tarocchi #consiglio #focus #onestà",https://www.luxseetarot.com/blog/come-fare-una-domanda-ai-tarocchi
166,pin-166-resta-con-te.png,Lettura Tarocchi Gratis,Resta con te,"Un consiglio semplice: fermati, nomina ciò che pesa, poi ascolta. Le carte aiutano a mettere ordine — non a forzare una risposta.

#tarocchi #consiglio #chiarezza #introspezione #sé",https://www.luxseetarot.com/tarocchi-gratis.html
167,pin-167-dopo-la-lite.png,Tarocchi Amore,Dopo la lite,"In amore il consiglio utile è spesso su di te: cosa porti, cosa temi, dove dici sì troppo.

#amore #tarocchi #consiglio #cuore #relazioni",https://www.luxseetarot.com/tarocchi-amore.html
168,pin-168-team-difficile.png,Tarocchi Lavoro,Team difficile,"Al lavoro il consiglio più utile: distingue stanchezza, paura e desiderio. Poi fai un passo concreto.

#lavoro #tarocchi #consiglio #scelta #carriera",https://www.luxseetarot.com/tarocchi-lavoro.html
169,pin-169-speranza-o-piano.png,Tarocchi Futuro,Speranza o piano,"Sul futuro: illumina la direzione, non il destino fisso. Basta un passo onesto.

#futuro #tarocchi #consiglio #direzione #passo",https://www.luxseetarot.com/tarocchi-futuro.html
170,pin-170-date-assolute-no.png,Come Fare una Domanda ai Tarocchi,Date assolute no,"Consiglio sulle domande: una sola, aperta, onesta. Le carte rispondono al focus che dai.

#domanda #tarocchi #consiglio #focus #onestà",https://www.luxseetarot.com/blog/come-fare-una-domanda-ai-tarocchi
171,pin-171-guarda-cio-che-eviti.png,Lettura Tarocchi Gratis,Guarda ciò che eviti,"Un consiglio semplice: fermati, nomina ciò che pesa, poi ascolta. Le carte aiutano a mettere ordine — non a forzare una risposta.

#tarocchi #consiglio #chiarezza #introspezione #sé",https://www.luxseetarot.com/tarocchi-gratis.html
172,pin-172-gelosia-o-intuito.png,Tarocchi Amore,Gelosia o intuito,"In amore il consiglio utile è spesso su di te: cosa porti, cosa temi, dove dici sì troppo.

#amore #tarocchi #consiglio #cuore #relazioni",https://www.luxseetarot.com/tarocchi-amore.html
173,pin-173-il-titolo-che-manca.png,Tarocchi Lavoro,Il titolo che manca,"Al lavoro il consiglio più utile: distingue stanchezza, paura e desiderio. Poi fai un passo concreto.

#lavoro #tarocchi #consiglio #scelta #carriera",https://www.luxseetarot.com/tarocchi-lavoro.html
174,pin-174-orizzonte-vicino.png,Tarocchi Futuro,Orizzonte vicino,"Sul futuro: illumina la direzione, non il destino fisso. Basta un passo onesto.

#futuro #tarocchi #consiglio #direzione #passo",https://www.luxseetarot.com/tarocchi-futuro.html
175,pin-175-cosa-vuoi-capire.png,Come Fare una Domanda ai Tarocchi,Cosa vuoi capire,"Consiglio sulle domande: una sola, aperta, onesta. Le carte rispondono al focus che dai.

#domanda #tarocchi #consiglio #focus #onestà",https://www.luxseetarot.com/blog/come-fare-una-domanda-ai-tarocchi
176,pin-176-un-pezzo-di-verita.png,Lettura Tarocchi Gratis,Un pezzo di verità,"Un consiglio semplice: fermati, nomina ciò che pesa, poi ascolta. Le carte aiutano a mettere ordine — non a forzare una risposta.

#tarocchi #consiglio #chiarezza #introspezione #sé",https://www.luxseetarot.com/tarocchi-gratis.html
177,pin-177-silent-treatment.png,Tarocchi Amore,Silent treatment,"In amore il consiglio utile è spesso su di te: cosa porti, cosa temi, dove dici sì troppo.

#amore #tarocchi #consiglio #cuore #relazioni",https://www.luxseetarot.com/tarocchi-amore.html
178,pin-178-paura-di-partire.png,Tarocchi Lavoro,Paura di partire,"Al lavoro il consiglio più utile: distingue stanchezza, paura e desiderio. Poi fai un passo concreto.

#lavoro #tarocchi #consiglio #scelta #carriera",https://www.luxseetarot.com/tarocchi-lavoro.html
179,pin-179-ciclo-che-finisce.png,Tarocchi Futuro,Ciclo che finisce,"Sul futuro: illumina la direzione, non il destino fisso. Basta un passo onesto.

#futuro #tarocchi #consiglio #direzione #passo",https://www.luxseetarot.com/tarocchi-futuro.html
180,pin-180-troppe-domande.png,Come Fare una Domanda ai Tarocchi,Troppe domande,"Consiglio sulle domande: una sola, aperta, onesta. Le carte rispondono al focus che dai.

#domanda #tarocchi #consiglio #focus #onestà",https://www.luxseetarot.com/blog/come-fare-una-domanda-ai-tarocchi
181,pin-181-spegni-il-rumore.png,Lettura Tarocchi Gratis,Spegni il rumore,"Un consiglio semplice: fermati, nomina ciò che pesa, poi ascolta. Le carte aiutano a mettere ordine — non a forzare una risposta.

#tarocchi #consiglio #chiarezza #introspezione #sé",https://www.luxseetarot.com/tarocchi-gratis.html
182,pin-182-messaggi-misti.png,Tarocchi Amore,Messaggi misti,"In amore il consiglio utile è spesso su di te: cosa porti, cosa temi, dove dici sì troppo.

#amore #tarocchi #consiglio #cuore #relazioni",https://www.luxseetarot.com/tarocchi-amore.html
183,pin-183-creativita-spenta.png,Tarocchi Lavoro,Creatività spenta,"Al lavoro il consiglio più utile: distingue stanchezza, paura e desiderio. Poi fai un passo concreto.

#lavoro #tarocchi #consiglio #scelta #carriera",https://www.luxseetarot.com/tarocchi-lavoro.html
184,pin-184-rischio-calcolato.png,Tarocchi Futuro,Rischio calcolato,"Sul futuro: illumina la direzione, non il destino fisso. Basta un passo onesto.

#futuro #tarocchi #consiglio #direzione #passo",https://www.luxseetarot.com/tarocchi-futuro.html
185,pin-185-respiro-poi-chiedi.png,Come Fare una Domanda ai Tarocchi,Respiro poi chiedi,"Consiglio sulle domande: una sola, aperta, onesta. Le carte rispondono al focus che dai.

#domanda #tarocchi #consiglio #focus #onestà",https://www.luxseetarot.com/blog/come-fare-una-domanda-ai-tarocchi
186,pin-186-dubitare-e-rispetto.png,Lettura Tarocchi Gratis,Dubitare è rispetto,"Un consiglio semplice: fermati, nomina ciò che pesa, poi ascolta. Le carte aiutano a mettere ordine — non a forzare una risposta.

#tarocchi #consiglio #chiarezza #introspezione #sé",https://www.luxseetarot.com/tarocchi-gratis.html
187,pin-187-paura-di-perdere.png,Tarocchi Amore,Paura di perdere,"In amore il consiglio utile è spesso su di te: cosa porti, cosa temi, dove dici sì troppo.

#amore #tarocchi #consiglio #cuore #relazioni",https://www.luxseetarot.com/tarocchi-amore.html
188,pin-188-feedback-che-brucia.png,Tarocchi Lavoro,Feedback che brucia,"Al lavoro il consiglio più utile: distingue stanchezza, paura e desiderio. Poi fai un passo concreto.

#lavoro #tarocchi #consiglio #scelta #carriera",https://www.luxseetarot.com/tarocchi-lavoro.html
189,pin-189-il-dopo-scelta.png,Tarocchi Futuro,Il dopo-scelta,"Sul futuro: illumina la direzione, non il destino fisso. Basta un passo onesto.

#futuro #tarocchi #consiglio #direzione #passo",https://www.luxseetarot.com/tarocchi-futuro.html
190,pin-190-domanda-debole.png,Come Fare una Domanda ai Tarocchi,Domanda debole,"Consiglio sulle domande: una sola, aperta, onesta. Le carte rispondono al focus che dai.

#domanda #tarocchi #consiglio #focus #onestà",https://www.luxseetarot.com/blog/come-fare-una-domanda-ai-tarocchi
191,pin-191-fermati-un-attimo.png,Lettura Tarocchi Gratis,Fermati un attimo,"Un consiglio semplice: fermati, nomina ciò che pesa, poi ascolta. Le carte aiutano a mettere ordine — non a forzare una risposta.

#tarocchi #consiglio #chiarezza #introspezione #sé",https://www.luxseetarot.com/tarocchi-gratis.html
192,pin-192-amore-e-confini.png,Tarocchi Amore,Amore e confini,"In amore il consiglio utile è spesso su di te: cosa porti, cosa temi, dove dici sì troppo.

#amore #tarocchi #consiglio #cuore #relazioni",https://www.luxseetarot.com/tarocchi-amore.html
193,pin-193-dimissioni-in-testa.png,Tarocchi Lavoro,Dimissioni in testa,"Al lavoro il consiglio più utile: distingue stanchezza, paura e desiderio. Poi fai un passo concreto.

#lavoro #tarocchi #consiglio #scelta #carriera",https://www.luxseetarot.com/tarocchi-lavoro.html
194,pin-194-cosa-coltivare.png,Tarocchi Futuro,Cosa coltivare,"Sul futuro: illumina la direzione, non il destino fisso. Basta un passo onesto.

#futuro #tarocchi #consiglio #direzione #passo",https://www.luxseetarot.com/tarocchi-futuro.html
195,pin-195-scrivi-il-nodo.png,Come Fare una Domanda ai Tarocchi,Scrivi il nodo,"Consiglio sulle domande: una sola, aperta, onesta. Le carte rispondono al focus che dai.

#domanda #tarocchi #consiglio #focus #onestà",https://www.luxseetarot.com/blog/come-fare-una-domanda-ai-tarocchi
196,pin-196-non-tutto-adesso.png,Lettura Tarocchi Gratis,Non tutto adesso,"Un consiglio semplice: fermati, nomina ciò che pesa, poi ascolta. Le carte aiutano a mettere ordine — non a forzare una risposta.

#tarocchi #consiglio #chiarezza #introspezione #sé",https://www.luxseetarot.com/tarocchi-gratis.html
197,pin-197-ti-senti-invisibile.png,Tarocchi Amore,Ti senti invisibile,"In amore il consiglio utile è spesso su di te: cosa porti, cosa temi, dove dici sì troppo.

#amore #tarocchi #consiglio #cuore #relazioni",https://www.luxseetarot.com/tarocchi-amore.html
198,pin-198-valore-non-visto.png,Tarocchi Lavoro,Valore non visto,"Al lavoro il consiglio più utile: distingue stanchezza, paura e desiderio. Poi fai un passo concreto.

#lavoro #tarocchi #consiglio #scelta #carriera",https://www.luxseetarot.com/tarocchi-lavoro.html
199,pin-199-senza-panico.png,Tarocchi Futuro,Senza panico,"Sul futuro: illumina la direzione, non il destino fisso. Basta un passo onesto.

#futuro #tarocchi #consiglio #direzione #passo",https://www.luxseetarot.com/tarocchi-futuro.html
200,pin-200-apri-non-chiudere.png,Come Fare una Domanda ai Tarocchi,Apri non chiudere,"Consiglio sulle domande: una sola, aperta, onesta. Le carte rispondono al focus che dai.

#domanda #tarocchi #consiglio #focus #onestà",https://www.luxseetarot.com/blog/come-fare-una-domanda-ai-tarocchi
201,pin-201-apri-senza-giudicare.png,Lettura Tarocchi Gratis,Apri senza giudicare,"Un consiglio semplice: fermati, nomina ciò che pesa, poi ascolta. Le carte aiutano a mettere ordine — non a forzare una risposta.

#tarocchi #consiglio #chiarezza #introspezione #sé",https://www.luxseetarot.com/tarocchi-gratis.html
202,pin-202-passione-o-quiete.png,Tarocchi Amore,Passione o quiete,"In amore il consiglio utile è spesso su di te: cosa porti, cosa temi, dove dici sì troppo.

#amore #tarocchi #consiglio #cuore #relazioni",https://www.luxseetarot.com/tarocchi-amore.html
203,pin-203-obiettivi-che-pesano.png,Tarocchi Lavoro,Obiettivi che pesano,"Al lavoro il consiglio più utile: distingue stanchezza, paura e desiderio. Poi fai un passo concreto.

#lavoro #tarocchi #consiglio #scelta #carriera",https://www.luxseetarot.com/tarocchi-lavoro.html
204,pin-204-una-luce-basta.png,Tarocchi Futuro,Una luce basta,"Sul futuro: illumina la direzione, non il destino fisso. Basta un passo onesto.

#futuro #tarocchi #consiglio #direzione #passo",https://www.luxseetarot.com/tarocchi-futuro.html
205,pin-205-onesta-prima.png,Come Fare una Domanda ai Tarocchi,Onestà prima,"Consiglio sulle domande: una sola, aperta, onesta. Le carte rispondono al focus che dai.

#domanda #tarocchi #consiglio #focus #onestà",https://www.luxseetarot.com/blog/come-fare-una-domanda-ai-tarocchi
206,pin-206-il-momento-giusto.png,Lettura Tarocchi Gratis,Il momento giusto,"Un consiglio semplice: fermati, nomina ciò che pesa, poi ascolta. Le carte aiutano a mettere ordine — non a forzare una risposta.

#tarocchi #consiglio #chiarezza #introspezione #sé",https://www.luxseetarot.com/tarocchi-gratis.html
207,pin-207-parlare-o-tacere.png,Tarocchi Amore,Parlare o tacere,"In amore il consiglio utile è spesso su di te: cosa porti, cosa temi, dove dici sì troppo.

#amore #tarocchi #consiglio #cuore #relazioni",https://www.luxseetarot.com/tarocchi-amore.html
208,pin-208-rete-o-merito.png,Tarocchi Lavoro,Rete o merito,"Al lavoro il consiglio più utile: distingue stanchezza, paura e desiderio. Poi fai un passo concreto.

#lavoro #tarocchi #consiglio #scelta #carriera",https://www.luxseetarot.com/tarocchi-lavoro.html
209,pin-209-il-filo-del-tempo.png,Tarocchi Futuro,Il filo del tempo,"Sul futuro: illumina la direzione, non il destino fisso. Basta un passo onesto.

#futuro #tarocchi #consiglio #direzione #passo",https://www.luxseetarot.com/tarocchi-futuro.html
210,pin-210-il-ritmo-conta.png,Come Fare una Domanda ai Tarocchi,Il ritmo conta,"Consiglio sulle domande: una sola, aperta, onesta. Le carte rispondono al focus che dai.

#domanda #tarocchi #consiglio #focus #onestà",https://www.luxseetarot.com/blog/come-fare-una-domanda-ai-tarocchi
211,pin-211-meno-ansia-piu-focus.png,Lettura Tarocchi Gratis,Meno ansia più focus,"Un consiglio semplice: fermati, nomina ciò che pesa, poi ascolta. Le carte aiutano a mettere ordine — non a forzare una risposta.

#tarocchi #consiglio #chiarezza #introspezione #sé",https://www.luxseetarot.com/tarocchi-gratis.html
212,pin-212-lasciar-andare.png,Tarocchi Amore,Lasciar andare,"In amore il consiglio utile è spesso su di te: cosa porti, cosa temi, dove dici sì troppo.

#amore #tarocchi #consiglio #cuore #relazioni",https://www.luxseetarot.com/tarocchi-amore.html
213,pin-213-lunedi-nel-corpo.png,Tarocchi Lavoro,Lunedì nel corpo,"Al lavoro il consiglio più utile: distingue stanchezza, paura e desiderio. Poi fai un passo concreto.

#lavoro #tarocchi #consiglio #scelta #carriera",https://www.luxseetarot.com/tarocchi-lavoro.html
214,pin-214-come-stai-oggi.png,Tarocchi Futuro,Come stai oggi,"Sul futuro: illumina la direzione, non il destino fisso. Basta un passo onesto.

#futuro #tarocchi #consiglio #direzione #passo",https://www.luxseetarot.com/tarocchi-futuro.html
215,pin-215-chi-cosa-quando.png,Come Fare una Domanda ai Tarocchi,Chi + cosa + quando,"Consiglio sulle domande: una sola, aperta, onesta. Le carte rispondono al focus che dai.

#domanda #tarocchi #consiglio #focus #onestà",https://www.luxseetarot.com/blog/come-fare-una-domanda-ai-tarocchi
216,pin-216-inizia-dall-onesta.png,Lettura Tarocchi Gratis,Inizia dall’onestà,"Un consiglio semplice: fermati, nomina ciò che pesa, poi ascolta. Le carte aiutano a mettere ordine — non a forzare una risposta.

#tarocchi #consiglio #chiarezza #introspezione #sé",https://www.luxseetarot.com/tarocchi-gratis.html
217,pin-217-vicino-e-lontano.png,Tarocchi Amore,Vicino e lontano,"In amore il consiglio utile è spesso su di te: cosa porti, cosa temi, dove dici sì troppo.

#amore #tarocchi #consiglio #cuore #relazioni",https://www.luxseetarot.com/tarocchi-amore.html
218,pin-218-promozione-vuota.png,Tarocchi Lavoro,Promozione vuota,"Al lavoro il consiglio più utile: distingue stanchezza, paura e desiderio. Poi fai un passo concreto.

#lavoro #tarocchi #consiglio #scelta #carriera",https://www.luxseetarot.com/tarocchi-lavoro.html
219,pin-219-direzione-non-mappa.png,Tarocchi Futuro,Direzione non mappa,"Sul futuro: illumina la direzione, non il destino fisso. Basta un passo onesto.

#futuro #tarocchi #consiglio #direzione #passo",https://www.luxseetarot.com/tarocchi-futuro.html
220,pin-220-riformula.png,Come Fare una Domanda ai Tarocchi,Riformula,"Consiglio sulle domande: una sola, aperta, onesta. Le carte rispondono al focus che dai.

#domanda #tarocchi #consiglio #focus #onestà",https://www.luxseetarot.com/blog/come-fare-una-domanda-ai-tarocchi
221,pin-221-lascia-stare-fermo.png,Lettura Tarocchi Gratis,Lascia stare fermo,"Un consiglio semplice: fermati, nomina ciò che pesa, poi ascolta. Le carte aiutano a mettere ordine — non a forzare una risposta.

#tarocchi #consiglio #chiarezza #introspezione #sé",https://www.luxseetarot.com/tarocchi-gratis.html
222,pin-222-il-timing-sbagliato.png,Tarocchi Amore,Il timing sbagliato,"In amore il consiglio utile è spesso su di te: cosa porti, cosa temi, dove dici sì troppo.

#amore #tarocchi #consiglio #cuore #relazioni",https://www.luxseetarot.com/tarocchi-amore.html
223,pin-223-confini-al-lavoro.png,Tarocchi Lavoro,Confini al lavoro,"Al lavoro il consiglio più utile: distingue stanchezza, paura e desiderio. Poi fai un passo concreto.

#lavoro #tarocchi #consiglio #scelta #carriera",https://www.luxseetarot.com/tarocchi-lavoro.html
224,pin-224-il-vuoto-utile.png,Tarocchi Futuro,Il vuoto utile,"Sul futuro: illumina la direzione, non il destino fisso. Basta un passo onesto.

#futuro #tarocchi #consiglio #direzione #passo",https://www.luxseetarot.com/tarocchi-futuro.html
225,pin-225-senza-verdetto.png,Come Fare una Domanda ai Tarocchi,Senza verdetto,"Consiglio sulle domande: una sola, aperta, onesta. Le carte rispondono al focus che dai.

#domanda #tarocchi #consiglio #focus #onestà",https://www.luxseetarot.com/blog/come-fare-una-domanda-ai-tarocchi
226,pin-226-tre-simboli-un-ordine.png,Lettura Tarocchi Gratis,Tre simboli un ordine,"Un consiglio semplice: fermati, nomina ciò che pesa, poi ascolta. Le carte aiutano a mettere ordine — non a forzare una risposta.

#tarocchi #consiglio #chiarezza #introspezione #sé",https://www.luxseetarot.com/tarocchi-gratis.html
227,pin-227-crush-o-connessione.png,Tarocchi Amore,Crush o connessione,"In amore il consiglio utile è spesso su di te: cosa porti, cosa temi, dove dici sì troppo.

#amore #tarocchi #consiglio #cuore #relazioni",https://www.luxseetarot.com/tarocchi-amore.html
228,pin-228-un-progetto-in-dubbio.png,Tarocchi Lavoro,Un progetto in dubbio,"Al lavoro il consiglio più utile: distingue stanchezza, paura e desiderio. Poi fai un passo concreto.

#lavoro #tarocchi #consiglio #scelta #carriera",https://www.luxseetarot.com/tarocchi-lavoro.html
229,pin-229-pronti-o-no.png,Tarocchi Futuro,Pronti o no,"Sul futuro: illumina la direzione, non il destino fisso. Basta un passo onesto.

#futuro #tarocchi #consiglio #direzione #passo",https://www.luxseetarot.com/tarocchi-futuro.html
230,pin-230-ascolta-il-corpo.png,Come Fare una Domanda ai Tarocchi,Ascolta il corpo,"Consiglio sulle domande: una sola, aperta, onesta. Le carte rispondono al focus che dai.

#domanda #tarocchi #consiglio #focus #onestà",https://www.luxseetarot.com/blog/come-fare-una-domanda-ai-tarocchi
231,pin-231-il-presente-conta.png,Lettura Tarocchi Gratis,Il presente conta,"Un consiglio semplice: fermati, nomina ciò che pesa, poi ascolta. Le carte aiutano a mettere ordine — non a forzare una risposta.

#tarocchi #consiglio #chiarezza #introspezione #sé",https://www.luxseetarot.com/tarocchi-gratis.html
232,pin-232-tornare-o-no.png,Tarocchi Amore,Tornare o no,"In amore il consiglio utile è spesso su di te: cosa porti, cosa temi, dove dici sì troppo.

#amore #tarocchi #consiglio #cuore #relazioni",https://www.luxseetarot.com/tarocchi-amore.html
233,pin-233-soldi-e-pressione.png,Tarocchi Lavoro,Soldi e pressione,"Al lavoro il consiglio più utile: distingue stanchezza, paura e desiderio. Poi fai un passo concreto.

#lavoro #tarocchi #consiglio #scelta #carriera",https://www.luxseetarot.com/tarocchi-lavoro.html
234,pin-234-il-passo-onesto.png,Tarocchi Futuro,Il passo onesto,"Sul futuro: illumina la direzione, non il destino fisso. Basta un passo onesto.

#futuro #tarocchi #consiglio #direzione #passo",https://www.luxseetarot.com/tarocchi-futuro.html
235,pin-235-una-frase-basta.png,Come Fare una Domanda ai Tarocchi,Una frase basta,"Consiglio sulle domande: una sola, aperta, onesta. Le carte rispondono al focus che dai.

#domanda #tarocchi #consiglio #focus #onestà",https://www.luxseetarot.com/blog/come-fare-una-domanda-ai-tarocchi
236,pin-236-chiarezza-non-controllo.png,Lettura Tarocchi Gratis,Chiarezza non controllo,"Un consiglio semplice: fermati, nomina ciò che pesa, poi ascolta. Le carte aiutano a mettere ordine — non a forzare una risposta.

#tarocchi #consiglio #chiarezza #introspezione #sé",https://www.luxseetarot.com/tarocchi-gratis.html
237,pin-237-una-danza-a-tre.png,Tarocchi Amore,Una danza a tre,"In amore il consiglio utile è spesso su di te: cosa porti, cosa temi, dove dici sì troppo.

#amore #tarocchi #consiglio #cuore #relazioni",https://www.luxseetarot.com/tarocchi-amore.html
238,pin-238-il-ruolo-che-indossi.png,Tarocchi Lavoro,Il ruolo che indossi,"Al lavoro il consiglio più utile: distingue stanchezza, paura e desiderio. Poi fai un passo concreto.

#lavoro #tarocchi #consiglio #scelta #carriera",https://www.luxseetarot.com/tarocchi-lavoro.html
239,pin-239-guardare-avanti-piano.png,Tarocchi Futuro,Guardare avanti piano,"Sul futuro: illumina la direzione, non il destino fisso. Basta un passo onesto.

#futuro #tarocchi #consiglio #direzione #passo",https://www.luxseetarot.com/tarocchi-futuro.html
240,pin-240-rispetto-al-mistero.png,Come Fare una Domanda ai Tarocchi,Rispetto al mistero,"Consiglio sulle domande: una sola, aperta, onesta. Le carte rispondono al focus che dai.

#domanda #tarocchi #consiglio #focus #onestà",https://www.luxseetarot.com/blog/come-fare-una-domanda-ai-tarocchi
241,pin-241-dai-forma-al-dubbio.png,Lettura Tarocchi Gratis,Dai forma al dubbio,"Un consiglio semplice: fermati, nomina ciò che pesa, poi ascolta. Le carte aiutano a mettere ordine — non a forzare una risposta.

#tarocchi #consiglio #chiarezza #introspezione #sé",https://www.luxseetarot.com/tarocchi-gratis.html
242,pin-242-il-peso-dell-attesa.png,Tarocchi Amore,Il peso dell’attesa,"In amore il consiglio utile è spesso su di te: cosa porti, cosa temi, dove dici sì troppo.

#amore #tarocchi #consiglio #cuore #relazioni",https://www.luxseetarot.com/tarocchi-amore.html
243,pin-243-non-solo-carriera.png,Tarocchi Lavoro,Non solo carriera,"Al lavoro il consiglio più utile: distingue stanchezza, paura e desiderio. Poi fai un passo concreto.

#lavoro #tarocchi #consiglio #scelta #carriera",https://www.luxseetarot.com/tarocchi-lavoro.html
244,pin-244-illumina-la-direzione.png,Tarocchi Futuro,Illumina la direzione,"Sul futuro: illumina la direzione, non il destino fisso. Basta un passo onesto.

#futuro #tarocchi #consiglio #direzione #passo",https://www.luxseetarot.com/tarocchi-futuro.html
245,pin-245-focus-confuso.png,Come Fare una Domanda ai Tarocchi,Focus confuso,"Consiglio sulle domande: una sola, aperta, onesta. Le carte rispondono al focus che dai.

#domanda #tarocchi #consiglio #focus #onestà",https://www.luxseetarot.com/blog/come-fare-una-domanda-ai-tarocchi
246,pin-246-uno-sguardo-dentro.png,Lettura Tarocchi Gratis,Uno sguardo dentro,"Un consiglio semplice: fermati, nomina ciò che pesa, poi ascolta. Le carte aiutano a mettere ordine — non a forzare una risposta.

#tarocchi #consiglio #chiarezza #introspezione #sé",https://www.luxseetarot.com/tarocchi-gratis.html
247,pin-247-prima-di-chiedere-chi-e.png,Tarocchi Amore,Prima di chiedere “chi è”,"In amore il consiglio utile è spesso su di te: cosa porti, cosa temi, dove dici sì troppo.

#amore #tarocchi #consiglio #cuore #relazioni",https://www.luxseetarot.com/tarocchi-amore.html
248,pin-248-prima-di-rispondere-al-mail.png,Tarocchi Lavoro,Prima di rispondere al mail,"Al lavoro il consiglio più utile: distingue stanchezza, paura e desiderio. Poi fai un passo concreto.

#lavoro #tarocchi #consiglio #scelta #carriera",https://www.luxseetarot.com/tarocchi-lavoro.html
249,pin-249-finche-la-paura-e-vaga.png,Tarocchi Futuro,Finché la paura è vaga,"Sul futuro: illumina la direzione, non il destino fisso. Basta un passo onesto.

#futuro #tarocchi #consiglio #direzione #passo",https://www.luxseetarot.com/tarocchi-futuro.html
250,pin-250-apri-dinamica.png,Come Fare una Domanda ai Tarocchi,Apri: dinamica,"Consiglio sulle domande: una sola, aperta, onesta. Le carte rispondono al focus che dai.

#domanda #tarocchi #consiglio #focus #onestà",https://www.luxseetarot.com/blog/come-fare-una-domanda-ai-tarocchi
251,pin-251-non-scorrere-via.png,Lettura Tarocchi Gratis,Non scorrere via,"Un consiglio semplice: fermati, nomina ciò che pesa, poi ascolta. Le carte aiutano a mettere ordine — non a forzare una risposta.

#tarocchi #consiglio #chiarezza #introspezione #sé",https://www.luxseetarot.com/tarocchi-gratis.html
252,pin-252-troppe-storie-in-testa.png,Tarocchi Amore,Troppe storie in testa,"In amore il consiglio utile è spesso su di te: cosa porti, cosa temi, dove dici sì troppo.

#amore #tarocchi #consiglio #cuore #relazioni",https://www.luxseetarot.com/tarocchi-amore.html
253,pin-253-se-ti-sottovalutano.png,Tarocchi Lavoro,Se ti sottovalutano,"Al lavoro il consiglio più utile: distingue stanchezza, paura e desiderio. Poi fai un passo concreto.

#lavoro #tarocchi #consiglio #scelta #carriera",https://www.luxseetarot.com/tarocchi-lavoro.html
254,pin-254-non-serve-la-mappa-intera.png,Tarocchi Futuro,Non serve la mappa intera,"Sul futuro: illumina la direzione, non il destino fisso. Basta un passo onesto.

#futuro #tarocchi #consiglio #direzione #passo",https://www.luxseetarot.com/tarocchi-futuro.html
255,pin-255-troppi-temi.png,Come Fare una Domanda ai Tarocchi,Troppi temi,"Consiglio sulle domande: una sola, aperta, onesta. Le carte rispondono al focus che dai.

#domanda #tarocchi #consiglio #focus #onestà",https://www.luxseetarot.com/blog/come-fare-una-domanda-ai-tarocchi
256,pin-256-simboli-non-promesse.png,Lettura Tarocchi Gratis,Simboli non promesse,"Un consiglio semplice: fermati, nomina ciò che pesa, poi ascolta. Le carte aiutano a mettere ordine — non a forzare una risposta.

#tarocchi #consiglio #chiarezza #introspezione #sé",https://www.luxseetarot.com/tarocchi-gratis.html
257,pin-257-amore-a-distanza.png,Tarocchi Amore,Amore a distanza,"In amore il consiglio utile è spesso su di te: cosa porti, cosa temi, dove dici sì troppo.

#amore #tarocchi #consiglio #cuore #relazioni",https://www.luxseetarot.com/tarocchi-amore.html
258,pin-258-cambio-citta-per-lavoro.png,Tarocchi Lavoro,Cambio città per lavoro,"Al lavoro il consiglio più utile: distingue stanchezza, paura e desiderio. Poi fai un passo concreto.

#lavoro #tarocchi #consiglio #scelta #carriera",https://www.luxseetarot.com/tarocchi-lavoro.html
259,pin-259-sognare-nutre.png,Tarocchi Futuro,Sognare nutre,"Sul futuro: illumina la direzione, non il destino fisso. Basta un passo onesto.

#futuro #tarocchi #consiglio #direzione #passo",https://www.luxseetarot.com/tarocchi-futuro.html
260,pin-260-tre-minuti-di-chiarezza.png,Come Fare una Domanda ai Tarocchi,Tre minuti di chiarezza,"Consiglio sulle domande: una sola, aperta, onesta. Le carte rispondono al focus che dai.

#domanda #tarocchi #consiglio #focus #onestà",https://www.luxseetarot.com/blog/come-fare-una-domanda-ai-tarocchi
261,pin-261-la-curiosita-onesta.png,Lettura Tarocchi Gratis,La curiosità onesta,"Un consiglio semplice: fermati, nomina ciò che pesa, poi ascolta. Le carte aiutano a mettere ordine — non a forzare una risposta.

#tarocchi #consiglio #chiarezza #introspezione #sé",https://www.luxseetarot.com/tarocchi-gratis.html
262,pin-262-mi-vuole-ancora.png,Tarocchi Amore,Mi vuole ancora,"In amore il consiglio utile è spesso su di te: cosa porti, cosa temi, dove dici sì troppo.

#amore #tarocchi #consiglio #cuore #relazioni",https://www.luxseetarot.com/tarocchi-amore.html
263,pin-263-leadership-soft-o-netta.png,Tarocchi Lavoro,Leadership soft o netta,"Al lavoro il consiglio più utile: distingue stanchezza, paura e desiderio. Poi fai un passo concreto.

#lavoro #tarocchi #consiglio #scelta #carriera",https://www.luxseetarot.com/tarocchi-lavoro.html
264,pin-264-il-futuro-non-e-un-film.png,Tarocchi Futuro,Il futuro non è un film,"Sul futuro: illumina la direzione, non il destino fisso. Basta un passo onesto.

#futuro #tarocchi #consiglio #direzione #passo",https://www.luxseetarot.com/tarocchi-futuro.html
265,pin-265-chiedi-il-tuo-ruolo.png,Come Fare una Domanda ai Tarocchi,Chiedi il tuo ruolo,"Consiglio sulle domande: una sola, aperta, onesta. Le carte rispondono al focus che dai.

#domanda #tarocchi #consiglio #focus #onestà",https://www.luxseetarot.com/blog/come-fare-una-domanda-ai-tarocchi
266,pin-266-una-lettura-che-respira.png,Lettura Tarocchi Gratis,Una lettura che respira,"Un consiglio semplice: fermati, nomina ciò che pesa, poi ascolta. Le carte aiutano a mettere ordine — non a forzare una risposta.

#tarocchi #consiglio #chiarezza #introspezione #sé",https://www.luxseetarot.com/tarocchi-gratis.html
267,pin-267-single-e-sereno.png,Tarocchi Amore,Single e sereno,"In amore il consiglio utile è spesso su di te: cosa porti, cosa temi, dove dici sì troppo.

#amore #tarocchi #consiglio #cuore #relazioni",https://www.luxseetarot.com/tarocchi-amore.html
268,pin-268-la-fuga-e-la-scelta.png,Tarocchi Lavoro,La fuga e la scelta,"Al lavoro il consiglio più utile: distingue stanchezza, paura e desiderio. Poi fai un passo concreto.

#lavoro #tarocchi #consiglio #scelta #carriera",https://www.luxseetarot.com/tarocchi-lavoro.html
269,pin-269-chiedi-sul-prossimo-gesto.png,Tarocchi Futuro,Chiedi sul prossimo gesto,"Sul futuro: illumina la direzione, non il destino fisso. Basta un passo onesto.

#futuro #tarocchi #consiglio #direzione #passo",https://www.luxseetarot.com/tarocchi-futuro.html
270,pin-270-il-tempo-interiore.png,Come Fare una Domanda ai Tarocchi,Il tempo interiore,"Consiglio sulle domande: una sola, aperta, onesta. Le carte rispondono al focus che dai.

#domanda #tarocchi #consiglio #focus #onestà",https://www.luxseetarot.com/blog/come-fare-una-domanda-ai-tarocchi
271,pin-271-passato-presente-filo.png,Lettura Tarocchi Gratis,Passato presente filo,"Un consiglio semplice: fermati, nomina ciò che pesa, poi ascolta. Le carte aiutano a mettere ordine — non a forzare una risposta.

#tarocchi #consiglio #chiarezza #introspezione #sé",https://www.luxseetarot.com/tarocchi-gratis.html
272,pin-272-quando-l-amore-confonde.png,Tarocchi Amore,Quando l’amore confonde,"In amore il consiglio utile è spesso su di te: cosa porti, cosa temi, dove dici sì troppo.

#amore #tarocchi #consiglio #cuore #relazioni",https://www.luxseetarot.com/tarocchi-amore.html
273,pin-273-stanchezza-rabbia-vuoto.png,Tarocchi Lavoro,Stanchezza rabbia vuoto,"Al lavoro il consiglio più utile: distingue stanchezza, paura e desiderio. Poi fai un passo concreto.

#lavoro #tarocchi #consiglio #scelta #carriera",https://www.luxseetarot.com/tarocchi-lavoro.html
274,pin-274-il-dopo-e-gia-nel-ora.png,Tarocchi Futuro,Il “dopo” è già nel “ora”,"Sul futuro: illumina la direzione, non il destino fisso. Basta un passo onesto.

#futuro #tarocchi #consiglio #direzione #passo",https://www.luxseetarot.com/tarocchi-futuro.html
275,pin-275-scarica-tutto.png,Come Fare una Domanda ai Tarocchi,Scarica tutto,"Consiglio sulle domande: una sola, aperta, onesta. Le carte rispondono al focus che dai.

#domanda #tarocchi #consiglio #focus #onestà",https://www.luxseetarot.com/blog/come-fare-una-domanda-ai-tarocchi
276,pin-276-apri-cio-che-chiudi.png,Lettura Tarocchi Gratis,Apri ciò che chiudi,"Un consiglio semplice: fermati, nomina ciò che pesa, poi ascolta. Le carte aiutano a mettere ordine — non a forzare una risposta.

#tarocchi #consiglio #chiarezza #introspezione #sé",https://www.luxseetarot.com/tarocchi-gratis.html
277,pin-277-il-nodo-del-momento.png,Tarocchi Amore,Il nodo del momento,"In amore il consiglio utile è spesso su di te: cosa porti, cosa temi, dove dici sì troppo.

#amore #tarocchi #consiglio #cuore #relazioni",https://www.luxseetarot.com/tarocchi-amore.html
278,pin-278-un-passo-concreto.png,Tarocchi Lavoro,Un passo concreto,"Al lavoro il consiglio più utile: distingue stanchezza, paura e desiderio. Poi fai un passo concreto.

#lavoro #tarocchi #consiglio #scelta #carriera",https://www.luxseetarot.com/tarocchi-lavoro.html
279,pin-279-cura-non-calendario.png,Tarocchi Futuro,Cura non calendario,"Sul futuro: illumina la direzione, non il destino fisso. Basta un passo onesto.

#futuro #tarocchi #consiglio #direzione #passo",https://www.luxseetarot.com/tarocchi-futuro.html
280,pin-280-chiarezza-o-rassicurazione.png,Come Fare una Domanda ai Tarocchi,Chiarezza o rassicurazione,"Consiglio sulle domande: una sola, aperta, onesta. Le carte rispondono al focus che dai.

#domanda #tarocchi #consiglio #focus #onestà",https://www.luxseetarot.com/blog/come-fare-una-domanda-ai-tarocchi
281,pin-281-se-sei-pieno.png,Lettura Tarocchi Gratis,Se sei pieno,"Un consiglio semplice: fermati, nomina ciò che pesa, poi ascolta. Le carte aiutano a mettere ordine — non a forzare una risposta.

#tarocchi #consiglio #chiarezza #introspezione #sé",https://www.luxseetarot.com/tarocchi-gratis.html
282,pin-282-amore-soft.png,Tarocchi Amore,Amore soft,"In amore il consiglio utile è spesso su di te: cosa porti, cosa temi, dove dici sì troppo.

#amore #tarocchi #consiglio #cuore #relazioni",https://www.luxseetarot.com/tarocchi-amore.html
283,pin-283-non-portare-tutto-a-casa.png,Tarocchi Lavoro,Non portare tutto a casa,"Al lavoro il consiglio più utile: distingue stanchezza, paura e desiderio. Poi fai un passo concreto.

#lavoro #tarocchi #consiglio #scelta #carriera",https://www.luxseetarot.com/tarocchi-lavoro.html
284,pin-284-anche-a-meta-strada.png,Tarocchi Futuro,Anche a metà strada,"Sul futuro: illumina la direzione, non il destino fisso. Basta un passo onesto.

#futuro #tarocchi #consiglio #direzione #passo",https://www.luxseetarot.com/tarocchi-futuro.html
285,pin-285-approfondisci-dopo.png,Come Fare una Domanda ai Tarocchi,Approfondisci dopo,"Consiglio sulle domande: una sola, aperta, onesta. Le carte rispondono al focus che dai.

#domanda #tarocchi #consiglio #focus #onestà",https://www.luxseetarot.com/blog/come-fare-una-domanda-ai-tarocchi
286,pin-286-il-coraggio-quieto.png,Lettura Tarocchi Gratis,Il coraggio quieto,"Un consiglio semplice: fermati, nomina ciò che pesa, poi ascolta. Le carte aiutano a mettere ordine — non a forzare una risposta.

#tarocchi #consiglio #chiarezza #introspezione #sé",https://www.luxseetarot.com/tarocchi-gratis.html
287,pin-287-non-inventare-un-destino.png,Tarocchi Amore,Non inventare un destino,"In amore il consiglio utile è spesso su di te: cosa porti, cosa temi, dove dici sì troppo.

#amore #tarocchi #consiglio #cuore #relazioni",https://www.luxseetarot.com/tarocchi-amore.html
288,pin-288-chiedi-chiarezza.png,Tarocchi Lavoro,Chiedi chiarezza,"Al lavoro il consiglio più utile: distingue stanchezza, paura e desiderio. Poi fai un passo concreto.

#lavoro #tarocchi #consiglio #scelta #carriera",https://www.luxseetarot.com/tarocchi-lavoro.html
289,pin-289-il-coraggio-di-attraversare.png,Tarocchi Futuro,Il coraggio di attraversare,"Sul futuro: illumina la direzione, non il destino fisso. Basta un passo onesto.

#futuro #tarocchi #consiglio #direzione #passo",https://www.luxseetarot.com/tarocchi-futuro.html
290,pin-290-se-stai-iniziando.png,Come Fare una Domanda ai Tarocchi,Se stai iniziando,"Consiglio sulle domande: una sola, aperta, onesta. Le carte rispondono al focus che dai.

#domanda #tarocchi #consiglio #focus #onestà",https://www.luxseetarot.com/blog/come-fare-una-domanda-ai-tarocchi
291,pin-291-non-cercare-garanzie.png,Lettura Tarocchi Gratis,Non cercare garanzie,"Un consiglio semplice: fermati, nomina ciò che pesa, poi ascolta. Le carte aiutano a mettere ordine — non a forzare una risposta.

#tarocchi #consiglio #chiarezza #introspezione #sé",https://www.luxseetarot.com/tarocchi-gratis.html
292,pin-292-prima-di-riparare.png,Tarocchi Amore,Prima di riparare,"In amore il consiglio utile è spesso su di te: cosa porti, cosa temi, dove dici sì troppo.

#amore #tarocchi #consiglio #cuore #relazioni",https://www.luxseetarot.com/tarocchi-amore.html
293,pin-293-se-il-lavoro-confonde.png,Tarocchi Lavoro,Se il lavoro confonde,"Al lavoro il consiglio più utile: distingue stanchezza, paura e desiderio. Poi fai un passo concreto.

#lavoro #tarocchi #consiglio #scelta #carriera",https://www.luxseetarot.com/tarocchi-lavoro.html
294,pin-294-una-storia-in-movimento.png,Tarocchi Futuro,Una storia in movimento,"Sul futuro: illumina la direzione, non il destino fisso. Basta un passo onesto.

#futuro #tarocchi #consiglio #direzione #passo",https://www.luxseetarot.com/tarocchi-futuro.html
295,pin-295-una-chiude.png,Come Fare una Domanda ai Tarocchi,Una chiude,"Consiglio sulle domande: una sola, aperta, onesta. Le carte rispondono al focus che dai.

#domanda #tarocchi #consiglio #focus #onestà",https://www.luxseetarot.com/blog/come-fare-una-domanda-ai-tarocchi
296,pin-296-la-stanza-vuota.png,Lettura Tarocchi Gratis,La stanza vuota,"Un consiglio semplice: fermati, nomina ciò che pesa, poi ascolta. Le carte aiutano a mettere ordine — non a forzare una risposta.

#tarocchi #consiglio #chiarezza #introspezione #sé",https://www.luxseetarot.com/tarocchi-gratis.html
297,pin-297-cuore-e-chat.png,Tarocchi Amore,Cuore e chat,"In amore il consiglio utile è spesso su di te: cosa porti, cosa temi, dove dici sì troppo.

#amore #tarocchi #consiglio #cuore #relazioni",https://www.luxseetarot.com/tarocchi-amore.html
298,pin-298-partita-iva-o-no.png,Tarocchi Lavoro,Partita IVA o no,"Al lavoro il consiglio più utile: distingue stanchezza, paura e desiderio. Poi fai un passo concreto.

#lavoro #tarocchi #consiglio #scelta #carriera",https://www.luxseetarot.com/tarocchi-lavoro.html
299,pin-299-senza-profezie.png,Tarocchi Futuro,Senza profezie,"Sul futuro: illumina la direzione, non il destino fisso. Basta un passo onesto.

#futuro #tarocchi #consiglio #direzione #passo",https://www.luxseetarot.com/tarocchi-futuro.html
300,pin-300-la-fretta-confonde.png,Come Fare una Domanda ai Tarocchi,La fretta confonde,"Consiglio sulle domande: una sola, aperta, onesta. Le carte rispondono al focus che dai.

#domanda #tarocchi #consiglio #focus #onestà",https://www.luxseetarot.com/blog/come-fare-una-domanda-ai-tarocchi
301,pin-301-cio-che-non-dici.png,Lettura Tarocchi Gratis,Ciò che non dici,"Un consiglio semplice: fermati, nomina ciò che pesa, poi ascolta. Le carte aiutano a mettere ordine — non a forzare una risposta.

#tarocchi #consiglio #chiarezza #introspezione #sé",https://www.luxseetarot.com/tarocchi-gratis.html
302,pin-302-essere-visti.png,Tarocchi Amore,Essere visti,"In amore il consiglio utile è spesso su di te: cosa porti, cosa temi, dove dici sì troppo.

#amore #tarocchi #consiglio #cuore #relazioni",https://www.luxseetarot.com/tarocchi-amore.html
303,pin-303-nuovo-progetto.png,Tarocchi Lavoro,Nuovo progetto,"Al lavoro il consiglio più utile: distingue stanchezza, paura e desiderio. Poi fai un passo concreto.

#lavoro #tarocchi #consiglio #scelta #carriera",https://www.luxseetarot.com/tarocchi-lavoro.html
304,pin-304-se-hai-paura.png,Tarocchi Futuro,Se hai paura,"Sul futuro: illumina la direzione, non il destino fisso. Basta un passo onesto.

#futuro #tarocchi #consiglio #direzione #passo",https://www.luxseetarot.com/tarocchi-futuro.html
305,pin-305-quando-e-scritta-bene.png,Come Fare una Domanda ai Tarocchi,Quando è scritta bene,"Consiglio sulle domande: una sola, aperta, onesta. Le carte rispondono al focus che dai.

#domanda #tarocchi #consiglio #focus #onestà",https://www.luxseetarot.com/blog/come-fare-una-domanda-ai-tarocchi
306,pin-306-prima-della-decisione.png,Lettura Tarocchi Gratis,Prima della decisione,"Un consiglio semplice: fermati, nomina ciò che pesa, poi ascolta. Le carte aiutano a mettere ordine — non a forzare una risposta.

#tarocchi #consiglio #chiarezza #introspezione #sé",https://www.luxseetarot.com/tarocchi-gratis.html
307,pin-307-generoso-si.png,Tarocchi Amore,Generoso sì,"In amore il consiglio utile è spesso su di te: cosa porti, cosa temi, dove dici sì troppo.

#amore #tarocchi #consiglio #cuore #relazioni",https://www.luxseetarot.com/tarocchi-amore.html
308,pin-308-meno-lista-piu-direzione.png,Tarocchi Lavoro,Meno lista più direzione,"Al lavoro il consiglio più utile: distingue stanchezza, paura e desiderio. Poi fai un passo concreto.

#lavoro #tarocchi #consiglio #scelta #carriera",https://www.luxseetarot.com/tarocchi-lavoro.html
309,pin-309-un-punto-di-appoggio.png,Tarocchi Futuro,Un punto di appoggio,"Sul futuro: illumina la direzione, non il destino fisso. Basta un passo onesto.

#futuro #tarocchi #consiglio #direzione #passo",https://www.luxseetarot.com/tarocchi-futuro.html
310,pin-310-non-costringere.png,Come Fare una Domanda ai Tarocchi,Non costringere,"Consiglio sulle domande: una sola, aperta, onesta. Le carte rispondono al focus che dai.

#domanda #tarocchi #consiglio #focus #onestà",https://www.luxseetarot.com/blog/come-fare-una-domanda-ai-tarocchi
311,pin-311-quando-la-testa-non-tace.png,Lettura Tarocchi Gratis,Quando la testa non tace,"Un consiglio semplice: fermati, nomina ciò che pesa, poi ascolta. Le carte aiutano a mettere ordine — non a forzare una risposta.

#tarocchi #consiglio #chiarezza #introspezione #sé",https://www.luxseetarot.com/tarocchi-gratis.html
312,pin-312-il-silenzio-parla.png,Tarocchi Amore,Il silenzio parla,"In amore il consiglio utile è spesso su di te: cosa porti, cosa temi, dove dici sì troppo.

#amore #tarocchi #consiglio #cuore #relazioni",https://www.luxseetarot.com/tarocchi-amore.html
313,pin-313-difendi-cinque-minuti.png,Tarocchi Lavoro,Difendi cinque minuti,"Al lavoro il consiglio più utile: distingue stanchezza, paura e desiderio. Poi fai un passo concreto.

#lavoro #tarocchi #consiglio #scelta #carriera",https://www.luxseetarot.com/tarocchi-lavoro.html
314,pin-314-non-tutto-deve-essere-urgenza.png,Tarocchi Futuro,Non tutto deve essere urgenza,"Sul futuro: illumina la direzione, non il destino fisso. Basta un passo onesto.

#futuro #tarocchi #consiglio #direzione #passo",https://www.luxseetarot.com/tarocchi-futuro.html
315,pin-315-esempi-utili.png,Come Fare una Domanda ai Tarocchi,Esempi utili,"Consiglio sulle domande: una sola, aperta, onesta. Le carte rispondono al focus che dai.

#domanda #tarocchi #consiglio #focus #onestà",https://www.luxseetarot.com/blog/come-fare-una-domanda-ai-tarocchi
316,pin-316-un-rituale-breve.png,Lettura Tarocchi Gratis,Un rituale breve,"Un consiglio semplice: fermati, nomina ciò che pesa, poi ascolta. Le carte aiutano a mettere ordine — non a forzare una risposta.

#tarocchi #consiglio #chiarezza #introspezione #sé",https://www.luxseetarot.com/tarocchi-gratis.html
317,pin-317-non-decifrare-solo-l-altro.png,Tarocchi Amore,Non decifrare solo l’altro,"In amore il consiglio utile è spesso su di te: cosa porti, cosa temi, dove dici sì troppo.

#amore #tarocchi #consiglio #cuore #relazioni",https://www.luxseetarot.com/tarocchi-amore.html
318,pin-318-non-convincere-tutti.png,Tarocchi Lavoro,Non convincere tutti,"Al lavoro il consiglio più utile: distingue stanchezza, paura e desiderio. Poi fai un passo concreto.

#lavoro #tarocchi #consiglio #scelta #carriera",https://www.luxseetarot.com/tarocchi-lavoro.html
319,pin-319-apri-la-domanda.png,Tarocchi Futuro,Apri la domanda,"Sul futuro: illumina la direzione, non il destino fisso. Basta un passo onesto.

#futuro #tarocchi #consiglio #direzione #passo",https://www.luxseetarot.com/tarocchi-futuro.html
320,pin-320-meno-ansia.png,Come Fare una Domanda ai Tarocchi,Meno ansia,"Consiglio sulle domande: una sola, aperta, onesta. Le carte rispondono al focus che dai.

#domanda #tarocchi #consiglio #focus #onestà",https://www.luxseetarot.com/blog/come-fare-una-domanda-ai-tarocchi
321,pin-321-non-inventare-risposte.png,Lettura Tarocchi Gratis,Non inventare risposte,"Un consiglio semplice: fermati, nomina ciò che pesa, poi ascolta. Le carte aiutano a mettere ordine — non a forzare una risposta.

#tarocchi #consiglio #chiarezza #introspezione #sé",https://www.luxseetarot.com/tarocchi-gratis.html
322,pin-322-attesa-e-solitudine.png,Tarocchi Amore,Attesa e solitudine,"In amore il consiglio utile è spesso su di te: cosa porti, cosa temi, dove dici sì troppo.

#amore #tarocchi #consiglio #cuore #relazioni",https://www.luxseetarot.com/tarocchi-amore.html
323,pin-323-il-merito-va-chiesto.png,Tarocchi Lavoro,Il merito va chiesto,"Al lavoro il consiglio più utile: distingue stanchezza, paura e desiderio. Poi fai un passo concreto.

#lavoro #tarocchi #consiglio #scelta #carriera",https://www.luxseetarot.com/tarocchi-lavoro.html
324,pin-324-il-corpo-preferisce-la-cura.png,Tarocchi Futuro,Il corpo preferisce la cura,"Sul futuro: illumina la direzione, non il destino fisso. Basta un passo onesto.

#futuro #tarocchi #consiglio #direzione #passo",https://www.luxseetarot.com/tarocchi-futuro.html
325,pin-325-il-cuore-ha-bisogno.png,Come Fare una Domanda ai Tarocchi,Il cuore ha bisogno,"Consiglio sulle domande: una sola, aperta, onesta. Le carte rispondono al focus che dai.

#domanda #tarocchi #consiglio #focus #onestà",https://www.luxseetarot.com/blog/come-fare-una-domanda-ai-tarocchi
326,pin-326-scegli-il-nodo-vero.png,Lettura Tarocchi Gratis,Scegli il nodo vero,"Un consiglio semplice: fermati, nomina ciò che pesa, poi ascolta. Le carte aiutano a mettere ordine — non a forzare una risposta.

#tarocchi #consiglio #chiarezza #introspezione #sé",https://www.luxseetarot.com/tarocchi-gratis.html
327,pin-327-spazio-al-cuore.png,Tarocchi Amore,Spazio al cuore,"In amore il consiglio utile è spesso su di te: cosa porti, cosa temi, dove dici sì troppo.

#amore #tarocchi #consiglio #cuore #relazioni",https://www.luxseetarot.com/tarocchi-amore.html
328,pin-328-se-bruci.png,Tarocchi Lavoro,Se bruci,"Al lavoro il consiglio più utile: distingue stanchezza, paura e desiderio. Poi fai un passo concreto.

#lavoro #tarocchi #consiglio #scelta #carriera",https://www.luxseetarot.com/tarocchi-lavoro.html
329,pin-329-scegli-un-passo-piccolo.png,Tarocchi Futuro,Scegli un passo piccolo,"Sul futuro: illumina la direzione, non il destino fisso. Basta un passo onesto.

#futuro #tarocchi #consiglio #direzione #passo",https://www.luxseetarot.com/tarocchi-futuro.html
330,pin-330-scegli-il-nodo.png,Come Fare una Domanda ai Tarocchi,Scegli il nodo,"Consiglio sulle domande: una sola, aperta, onesta. Le carte rispondono al focus che dai.

#domanda #tarocchi #consiglio #focus #onestà",https://www.luxseetarot.com/blog/come-fare-una-domanda-ai-tarocchi
331,pin-331-onesta-prima.png,Lettura Tarocchi Gratis,Onestà prima,"Un consiglio semplice: fermati, nomina ciò che pesa, poi ascolta. Le carte aiutano a mettere ordine — non a forzare una risposta.

#tarocchi #consiglio #chiarezza #introspezione #sé",https://www.luxseetarot.com/tarocchi-gratis.html
332,pin-332-la-nebbia-tra-voi.png,Tarocchi Amore,La nebbia tra voi,"In amore il consiglio utile è spesso su di te: cosa porti, cosa temi, dove dici sì troppo.

#amore #tarocchi #consiglio #cuore #relazioni",https://www.luxseetarot.com/tarocchi-amore.html
333,pin-333-se-sei-spento.png,Tarocchi Lavoro,Se sei spento,"Al lavoro il consiglio più utile: distingue stanchezza, paura e desiderio. Poi fai un passo concreto.

#lavoro #tarocchi #consiglio #scelta #carriera",https://www.luxseetarot.com/tarocchi-lavoro.html
334,pin-334-se-sogni-troppo.png,Tarocchi Futuro,Se sogni troppo,"Sul futuro: illumina la direzione, non il destino fisso. Basta un passo onesto.

#futuro #tarocchi #consiglio #direzione #passo",https://www.luxseetarot.com/tarocchi-futuro.html
335,pin-335-prima-la-chiarezza.png,Come Fare una Domanda ai Tarocchi,Prima la chiarezza,"Consiglio sulle domande: una sola, aperta, onesta. Le carte rispondono al focus che dai.

#domanda #tarocchi #consiglio #focus #onestà",https://www.luxseetarot.com/blog/come-fare-una-domanda-ai-tarocchi
336,pin-336-un-attimo-tuo.png,Lettura Tarocchi Gratis,Un attimo tuo,"Un consiglio semplice: fermati, nomina ciò che pesa, poi ascolta. Le carte aiutano a mettere ordine — non a forzare una risposta.

#tarocchi #consiglio #chiarezza #introspezione #sé",https://www.luxseetarot.com/tarocchi-gratis.html
337,pin-337-una-domanda-su-di-te.png,Tarocchi Amore,Una domanda su di te,"In amore il consiglio utile è spesso su di te: cosa porti, cosa temi, dove dici sì troppo.

#amore #tarocchi #consiglio #cuore #relazioni",https://www.luxseetarot.com/tarocchi-amore.html
338,pin-338-una-settimana-onesta.png,Tarocchi Lavoro,Una settimana onesta,"Al lavoro il consiglio più utile: distingue stanchezza, paura e desiderio. Poi fai un passo concreto.

#lavoro #tarocchi #consiglio #scelta #carriera",https://www.luxseetarot.com/tarocchi-lavoro.html
339,pin-339-se-agisci-di-paura.png,Tarocchi Futuro,Se agisci di paura,"Sul futuro: illumina la direzione, non il destino fisso. Basta un passo onesto.

#futuro #tarocchi #consiglio #direzione #passo",https://www.luxseetarot.com/tarocchi-futuro.html
340,pin-340-un-solo-tema.png,Come Fare una Domanda ai Tarocchi,Un solo tema,"Consiglio sulle domande: una sola, aperta, onesta. Le carte rispondono al focus che dai.

#domanda #tarocchi #consiglio #focus #onestà",https://www.luxseetarot.com/blog/come-fare-una-domanda-ai-tarocchi
341,pin-341-metti-nome-alla-confusione.png,Lettura Tarocchi Gratis,Metti nome alla confusione,"Un consiglio semplice: fermati, nomina ciò che pesa, poi ascolta. Le carte aiutano a mettere ordine — non a forzare una risposta.

#tarocchi #consiglio #chiarezza #introspezione #sé",https://www.luxseetarot.com/tarocchi-gratis.html
342,pin-342-fermati-prima-di-mandare.png,Tarocchi Amore,Fermati prima di mandare,"In amore il consiglio utile è spesso su di te: cosa porti, cosa temi, dove dici sì troppo.

#amore #tarocchi #consiglio #cuore #relazioni",https://www.luxseetarot.com/tarocchi-amore.html
343,pin-343-scrivi-cosa-ti-toglie-energia.png,Tarocchi Lavoro,Scrivi cosa ti toglie energia,"Al lavoro il consiglio più utile: distingue stanchezza, paura e desiderio. Poi fai un passo concreto.

#lavoro #tarocchi #consiglio #scelta #carriera",https://www.luxseetarot.com/tarocchi-lavoro.html
344,pin-344-il-cammino-si-vede.png,Tarocchi Futuro,Il cammino si vede,"Sul futuro: illumina la direzione, non il destino fisso. Basta un passo onesto.

#futuro #tarocchi #consiglio #direzione #passo",https://www.luxseetarot.com/tarocchi-futuro.html
345,pin-345-senza-fretta.png,Come Fare una Domanda ai Tarocchi,Senza fretta,"Consiglio sulle domande: una sola, aperta, onesta. Le carte rispondono al focus che dai.

#domanda #tarocchi #consiglio #focus #onestà",https://www.luxseetarot.com/blog/come-fare-una-domanda-ai-tarocchi
346,pin-346-non-giudicare-il-dubbio.png,Lettura Tarocchi Gratis,Non giudicare il dubbio,"Un consiglio semplice: fermati, nomina ciò che pesa, poi ascolta. Le carte aiutano a mettere ordine — non a forzare una risposta.

#tarocchi #consiglio #chiarezza #introspezione #sé",https://www.luxseetarot.com/tarocchi-gratis.html
347,pin-347-cosa-temi-di-ripetere.png,Tarocchi Amore,Cosa temi di ripetere,"In amore il consiglio utile è spesso su di te: cosa porti, cosa temi, dove dici sì troppo.

#amore #tarocchi #consiglio #cuore #relazioni",https://www.luxseetarot.com/tarocchi-amore.html
348,pin-348-non-tutto-e-urgenza.png,Tarocchi Lavoro,Non tutto è urgenza,"Al lavoro il consiglio più utile: distingue stanchezza, paura e desiderio. Poi fai un passo concreto.

#lavoro #tarocchi #consiglio #scelta #carriera",https://www.luxseetarot.com/tarocchi-lavoro.html
349,pin-349-non-chiudere-il-destino.png,Tarocchi Futuro,Non chiudere il destino,"Sul futuro: illumina la direzione, non il destino fisso. Basta un passo onesto.

#futuro #tarocchi #consiglio #direzione #passo",https://www.luxseetarot.com/tarocchi-futuro.html
350,pin-350-se-chiedi-date.png,Come Fare una Domanda ai Tarocchi,Se chiedi date,"Consiglio sulle domande: una sola, aperta, onesta. Le carte rispondono al focus che dai.

#domanda #tarocchi #consiglio #focus #onestà",https://www.luxseetarot.com/blog/come-fare-una-domanda-ai-tarocchi
351,pin-351-piccola-quiete.png,Lettura Tarocchi Gratis,Piccola quiete,"Un consiglio semplice: fermati, nomina ciò che pesa, poi ascolta. Le carte aiutano a mettere ordine — non a forzare una risposta.

#tarocchi #consiglio #chiarezza #introspezione #sé",https://www.luxseetarot.com/tarocchi-gratis.html
352,pin-352-non-tutto-e-rifiuto.png,Tarocchi Amore,Non tutto è rifiuto,"In amore il consiglio utile è spesso su di te: cosa porti, cosa temi, dove dici sì troppo.

#amore #tarocchi #consiglio #cuore #relazioni",https://www.luxseetarot.com/tarocchi-amore.html
353,pin-353-prima-della-riunione.png,Tarocchi Lavoro,Prima della riunione,"Al lavoro il consiglio più utile: distingue stanchezza, paura e desiderio. Poi fai un passo concreto.

#lavoro #tarocchi #consiglio #scelta #carriera",https://www.luxseetarot.com/tarocchi-lavoro.html
354,pin-354-stasera-un-intenzione.png,Tarocchi Futuro,Stasera un’intenzione,"Sul futuro: illumina la direzione, non il destino fisso. Basta un passo onesto.

#futuro #tarocchi #consiglio #direzione #passo",https://www.luxseetarot.com/tarocchi-futuro.html
355,pin-355-se-chiedi-si-o-no.png,Come Fare una Domanda ai Tarocchi,Se chiedi sì o no,"Consiglio sulle domande: una sola, aperta, onesta. Le carte rispondono al focus che dai.

#domanda #tarocchi #consiglio #focus #onestà",https://www.luxseetarot.com/blog/come-fare-una-domanda-ai-tarocchi
356,pin-356-guarda-dove-ti-nascondi.png,Lettura Tarocchi Gratis,Guarda dove ti nascondi,"Un consiglio semplice: fermati, nomina ciò che pesa, poi ascolta. Le carte aiutano a mettere ordine — non a forzare una risposta.

#tarocchi #consiglio #chiarezza #introspezione #sé",https://www.luxseetarot.com/tarocchi-gratis.html
357,pin-357-chiedi-la-dinamica.png,Tarocchi Amore,Chiedi la dinamica,"In amore il consiglio utile è spesso su di te: cosa porti, cosa temi, dove dici sì troppo.

#amore #tarocchi #consiglio #cuore #relazioni",https://www.luxseetarot.com/tarocchi-amore.html
358,pin-358-se-dubiti-del-ruolo.png,Tarocchi Lavoro,Se dubiti del ruolo,"Al lavoro il consiglio più utile: distingue stanchezza, paura e desiderio. Poi fai un passo concreto.

#lavoro #tarocchi #consiglio #scelta #carriera",https://www.luxseetarot.com/tarocchi-lavoro.html
359,pin-359-la-nebbia-passa.png,Tarocchi Futuro,La nebbia passa,"Sul futuro: illumina la direzione, non il destino fisso. Basta un passo onesto.

#futuro #tarocchi #consiglio #direzione #passo",https://www.luxseetarot.com/tarocchi-futuro.html
360,pin-360-se-hai-dieci-domande.png,Come Fare una Domanda ai Tarocchi,Se hai dieci domande,"Consiglio sulle domande: una sola, aperta, onesta. Le carte rispondono al focus che dai.

#domanda #tarocchi #consiglio #focus #onestà",https://www.luxseetarot.com/blog/come-fare-una-domanda-ai-tarocchi
361,pin-361-il-filo-mancante.png,Lettura Tarocchi Gratis,Il filo mancante,"Un consiglio semplice: fermati, nomina ciò che pesa, poi ascolta. Le carte aiutano a mettere ordine — non a forzare una risposta.

#tarocchi #consiglio #chiarezza #introspezione #sé",https://www.luxseetarot.com/tarocchi-gratis.html
362,pin-362-il-filo-tra-voi.png,Tarocchi Amore,Il filo tra voi,"In amore il consiglio utile è spesso su di te: cosa porti, cosa temi, dove dici sì troppo.

#amore #tarocchi #consiglio #cuore #relazioni",https://www.luxseetarot.com/tarocchi-amore.html
363,pin-363-il-corpo-al-lavoro.png,Tarocchi Lavoro,Il corpo al lavoro,"Al lavoro il consiglio più utile: distingue stanchezza, paura e desiderio. Poi fai un passo concreto.

#lavoro #tarocchi #consiglio #scelta #carriera",https://www.luxseetarot.com/tarocchi-lavoro.html
364,pin-364-il-rischio-vero.png,Tarocchi Futuro,Il rischio vero,"Sul futuro: illumina la direzione, non il destino fisso. Basta un passo onesto.

#futuro #tarocchi #consiglio #direzione #passo",https://www.luxseetarot.com/tarocchi-futuro.html
365,pin-365-se-trema-la-mano.png,Come Fare una Domanda ai Tarocchi,Se trema la mano,"Consiglio sulle domande: una sola, aperta, onesta. Le carte rispondono al focus che dai.

#domanda #tarocchi #consiglio #focus #onestà",https://www.luxseetarot.com/blog/come-fare-una-domanda-ai-tarocchi
366,pin-366-resta-senza-forzare.png,Lettura Tarocchi Gratis,Resta senza forzare,"Un consiglio semplice: fermati, nomina ciò che pesa, poi ascolta. Le carte aiutano a mettere ordine — non a forzare una risposta.

#tarocchi #consiglio #chiarezza #introspezione #sé",https://www.luxseetarot.com/tarocchi-gratis.html
367,pin-367-rispetta-i-tuoi-confini.png,Tarocchi Amore,Rispetta i tuoi confini,"In amore il consiglio utile è spesso su di te: cosa porti, cosa temi, dove dici sì troppo.

#amore #tarocchi #consiglio #cuore #relazioni",https://www.luxseetarot.com/tarocchi-amore.html
368,pin-368-una-domanda-onesta.png,Tarocchi Lavoro,Una domanda onesta,"Al lavoro il consiglio più utile: distingue stanchezza, paura e desiderio. Poi fai un passo concreto.

#lavoro #tarocchi #consiglio #scelta #carriera",https://www.luxseetarot.com/tarocchi-lavoro.html
369,pin-369-la-fuga-si-maschera.png,Tarocchi Futuro,La fuga si maschera,"Sul futuro: illumina la direzione, non il destino fisso. Basta un passo onesto.

#futuro #tarocchi #consiglio #direzione #passo",https://www.luxseetarot.com/tarocchi-futuro.html
370,pin-370-se-cerchi-controllo.png,Come Fare una Domanda ai Tarocchi,Se cerchi controllo,"Consiglio sulle domande: una sola, aperta, onesta. Le carte rispondono al focus che dai.

#domanda #tarocchi #consiglio #focus #onestà",https://www.luxseetarot.com/blog/come-fare-una-domanda-ai-tarocchi
371,pin-371-una-frase-sola.png,Lettura Tarocchi Gratis,Una frase sola,"Un consiglio semplice: fermati, nomina ciò che pesa, poi ascolta. Le carte aiutano a mettere ordine — non a forzare una risposta.

#tarocchi #consiglio #chiarezza #introspezione #sé",https://www.luxseetarot.com/tarocchi-gratis.html
372,pin-372-meno-aspettativa.png,Tarocchi Amore,Meno aspettativa,"In amore il consiglio utile è spesso su di te: cosa porti, cosa temi, dove dici sì troppo.

#amore #tarocchi #consiglio #cuore #relazioni",https://www.luxseetarot.com/tarocchi-amore.html
373,pin-373-non-sacrificare-il-sonno.png,Tarocchi Lavoro,Non sacrificare il sonno,"Al lavoro il consiglio più utile: distingue stanchezza, paura e desiderio. Poi fai un passo concreto.

#lavoro #tarocchi #consiglio #scelta #carriera",https://www.luxseetarot.com/tarocchi-lavoro.html
374,pin-374-chiediti-come-ti-muovi.png,Tarocchi Futuro,Chiediti come ti muovi,"Sul futuro: illumina la direzione, non il destino fisso. Basta un passo onesto.

#futuro #tarocchi #consiglio #direzione #passo",https://www.luxseetarot.com/tarocchi-futuro.html
375,pin-375-se-non-sai-cosa-chiedere.png,Come Fare una Domanda ai Tarocchi,Se non sai cosa chiedere,"Consiglio sulle domande: una sola, aperta, onesta. Le carte rispondono al focus che dai.

#domanda #tarocchi #consiglio #focus #onestà",https://www.luxseetarot.com/blog/come-fare-una-domanda-ai-tarocchi
376,pin-376-non-tutto-il-giorno.png,Lettura Tarocchi Gratis,Non tutto il giorno,"Un consiglio semplice: fermati, nomina ciò che pesa, poi ascolta. Le carte aiutano a mettere ordine — non a forzare una risposta.

#tarocchi #consiglio #chiarezza #introspezione #sé",https://www.luxseetarot.com/tarocchi-gratis.html
377,pin-377-se-stringi-troppo.png,Tarocchi Amore,Se stringi troppo,"In amore il consiglio utile è spesso su di te: cosa porti, cosa temi, dove dici sì troppo.

#amore #tarocchi #consiglio #cuore #relazioni",https://www.luxseetarot.com/tarocchi-amore.html
378,pin-378-cambia-una-cosa-piccola.png,Tarocchi Lavoro,Cambia una cosa piccola,"Al lavoro il consiglio più utile: distingue stanchezza, paura e desiderio. Poi fai un passo concreto.

#lavoro #tarocchi #consiglio #scelta #carriera",https://www.luxseetarot.com/tarocchi-lavoro.html
379,pin-379-tre-simboli-sul-filo.png,Tarocchi Futuro,Tre simboli sul filo,"Sul futuro: illumina la direzione, non il destino fisso. Basta un passo onesto.

#futuro #tarocchi #consiglio #direzione #passo",https://www.luxseetarot.com/tarocchi-futuro.html
380,pin-380-il-corpo-conferma.png,Come Fare una Domanda ai Tarocchi,Il corpo conferma,"Consiglio sulle domande: una sola, aperta, onesta. Le carte rispondono al focus che dai.

#domanda #tarocchi #consiglio #focus #onestà",https://www.luxseetarot.com/blog/come-fare-una-domanda-ai-tarocchi
381,pin-381-porta-fuori-il-peso.png,Lettura Tarocchi Gratis,Porta fuori il peso,"Un consiglio semplice: fermati, nomina ciò che pesa, poi ascolta. Le carte aiutano a mettere ordine — non a forzare una risposta.

#tarocchi #consiglio #chiarezza #introspezione #sé",https://www.luxseetarot.com/tarocchi-gratis.html
382,pin-382-il-coraggio-in-amore.png,Tarocchi Amore,Il coraggio in amore,"In amore il consiglio utile è spesso su di te: cosa porti, cosa temi, dove dici sì troppo.

#amore #tarocchi #consiglio #cuore #relazioni",https://www.luxseetarot.com/tarocchi-amore.html
383,pin-383-se-resti-per-paura.png,Tarocchi Lavoro,Se resti per paura,"Al lavoro il consiglio più utile: distingue stanchezza, paura e desiderio. Poi fai un passo concreto.

#lavoro #tarocchi #consiglio #scelta #carriera",https://www.luxseetarot.com/tarocchi-lavoro.html
384,pin-384-meno-romanzo.png,Tarocchi Futuro,Meno romanzo,"Sul futuro: illumina la direzione, non il destino fisso. Basta un passo onesto.

#futuro #tarocchi #consiglio #direzione #passo",https://www.luxseetarot.com/tarocchi-futuro.html
385,pin-385-non-sparare-a-raffica.png,Come Fare una Domanda ai Tarocchi,Non sparare a raffica,"Consiglio sulle domande: una sola, aperta, onesta. Le carte rispondono al focus che dai.

#domanda #tarocchi #consiglio #focus #onestà",https://www.luxseetarot.com/blog/come-fare-una-domanda-ai-tarocchi
386,pin-386-calma-prima.png,Lettura Tarocchi Gratis,Calma prima,"Un consiglio semplice: fermati, nomina ciò che pesa, poi ascolta. Le carte aiutano a mettere ordine — non a forzare una risposta.

#tarocchi #consiglio #chiarezza #introspezione #sé",https://www.luxseetarot.com/tarocchi-gratis.html
387,pin-387-non-scappare-nel-fantasy.png,Tarocchi Amore,Non scappare nel fantasy,"In amore il consiglio utile è spesso su di te: cosa porti, cosa temi, dove dici sì troppo.

#amore #tarocchi #consiglio #cuore #relazioni",https://www.luxseetarot.com/tarocchi-amore.html
388,pin-388-se-parti-per-rabbia.png,Tarocchi Lavoro,Se parti per rabbia,"Al lavoro il consiglio più utile: distingue stanchezza, paura e desiderio. Poi fai un passo concreto.

#lavoro #tarocchi #consiglio #scelta #carriera",https://www.luxseetarot.com/tarocchi-lavoro.html
389,pin-389-il-futuro-soft.png,Tarocchi Futuro,Il futuro soft,"Sul futuro: illumina la direzione, non il destino fisso. Basta un passo onesto.

#futuro #tarocchi #consiglio #direzione #passo",https://www.luxseetarot.com/tarocchi-futuro.html
390,pin-390-una-domanda-aperta.png,Come Fare una Domanda ai Tarocchi,Una domanda aperta,"Consiglio sulle domande: una sola, aperta, onesta. Le carte rispondono al focus che dai.

#domanda #tarocchi #consiglio #focus #onestà",https://www.luxseetarot.com/blog/come-fare-una-domanda-ai-tarocchi
391,pin-391-vedi-cio-che-gira.png,Lettura Tarocchi Gratis,Vedi ciò che gira,"Un consiglio semplice: fermati, nomina ciò che pesa, poi ascolta. Le carte aiutano a mettere ordine — non a forzare una risposta.

#tarocchi #consiglio #chiarezza #introspezione #sé",https://www.luxseetarot.com/tarocchi-gratis.html
392,pin-392-una-notte-onesta.png,Tarocchi Amore,Una notte onesta,"In amore il consiglio utile è spesso su di te: cosa porti, cosa temi, dove dici sì troppo.

#amore #tarocchi #consiglio #cuore #relazioni",https://www.luxseetarot.com/tarocchi-amore.html
393,pin-393-il-clima-della-scelta.png,Tarocchi Lavoro,Il clima della scelta,"Al lavoro il consiglio più utile: distingue stanchezza, paura e desiderio. Poi fai un passo concreto.

#lavoro #tarocchi #consiglio #scelta #carriera",https://www.luxseetarot.com/tarocchi-lavoro.html
394,pin-394-se-senti-il-vuoto.png,Tarocchi Futuro,Se senti il vuoto,"Sul futuro: illumina la direzione, non il destino fisso. Basta un passo onesto.

#futuro #tarocchi #consiglio #direzione #passo",https://www.luxseetarot.com/tarocchi-futuro.html
395,pin-395-il-focus-che-dai.png,Come Fare una Domanda ai Tarocchi,Il focus che dai,"Consiglio sulle domande: una sola, aperta, onesta. Le carte rispondono al focus che dai.

#domanda #tarocchi #consiglio #focus #onestà",https://www.luxseetarot.com/blog/come-fare-una-domanda-ai-tarocchi
396,pin-396-non-serve-esperienza.png,Lettura Tarocchi Gratis,Non serve esperienza,"Un consiglio semplice: fermati, nomina ciò che pesa, poi ascolta. Le carte aiutano a mettere ordine — non a forzare una risposta.

#tarocchi #consiglio #chiarezza #introspezione #sé",https://www.luxseetarot.com/tarocchi-gratis.html
397,pin-397-amore-senza-urgenza.png,Tarocchi Amore,Amore senza urgenza,"In amore il consiglio utile è spesso su di te: cosa porti, cosa temi, dove dici sì troppo.

#amore #tarocchi #consiglio #cuore #relazioni",https://www.luxseetarot.com/tarocchi-amore.html
398,pin-398-proteggi-il-focus.png,Tarocchi Lavoro,Proteggi il focus,"Al lavoro il consiglio più utile: distingue stanchezza, paura e desiderio. Poi fai un passo concreto.

#lavoro #tarocchi #consiglio #scelta #carriera",https://www.luxseetarot.com/tarocchi-lavoro.html
399,pin-399-una-porta-aperta.png,Tarocchi Futuro,Una porta aperta,"Sul futuro: illumina la direzione, non il destino fisso. Basta un passo onesto.

#futuro #tarocchi #consiglio #direzione #passo",https://www.luxseetarot.com/tarocchi-futuro.html
400,pin-400-rispetta-il-ritmo.png,Come Fare una Domanda ai Tarocchi,Rispetta il ritmo,"Consiglio sulle domande: una sola, aperta, onesta. Le carte rispondono al focus che dai.

#domanda #tarocchi #consiglio #focus #onestà",https://www.luxseetarot.com/blog/come-fare-una-domanda-ai-tarocchi
401,pin-401-ascolta-senza-correggere.png,Lettura Tarocchi Gratis,Ascolta senza correggere,"Un consiglio semplice: fermati, nomina ciò che pesa, poi ascolta. Le carte aiutano a mettere ordine — non a forzare una risposta.

#tarocchi #consiglio #chiarezza #introspezione #sé",https://www.luxseetarot.com/tarocchi-gratis.html
402,pin-402-se-fa-male.png,Tarocchi Amore,Se fa male,"In amore il consiglio utile è spesso su di te: cosa porti, cosa temi, dove dici sì troppo.

#amore #tarocchi #consiglio #cuore #relazioni",https://www.luxseetarot.com/tarocchi-amore.html
403,pin-403-chiedi-feedback-utile.png,Tarocchi Lavoro,Chiedi feedback utile,"Al lavoro il consiglio più utile: distingue stanchezza, paura e desiderio. Poi fai un passo concreto.

#lavoro #tarocchi #consiglio #scelta #carriera",https://www.luxseetarot.com/tarocchi-lavoro.html
404,pin-404-coltiva-cio-che-puoi-tenere.png,Tarocchi Futuro,Coltiva ciò che puoi tenere,"Sul futuro: illumina la direzione, non il destino fisso. Basta un passo onesto.

#futuro #tarocchi #consiglio #direzione #passo",https://www.luxseetarot.com/tarocchi-futuro.html
405,pin-405-non-inventare-urgenza.png,Come Fare una Domanda ai Tarocchi,Non inventare urgenza,"Consiglio sulle domande: una sola, aperta, onesta. Le carte rispondono al focus che dai.

#domanda #tarocchi #consiglio #focus #onestà",https://www.luxseetarot.com/blog/come-fare-una-domanda-ai-tarocchi
406,pin-406-il-primo-gesto.png,Lettura Tarocchi Gratis,Il primo gesto,"Un consiglio semplice: fermati, nomina ciò che pesa, poi ascolta. Le carte aiutano a mettere ordine — non a forzare una risposta.

#tarocchi #consiglio #chiarezza #introspezione #sé",https://www.luxseetarot.com/tarocchi-gratis.html
407,pin-407-non-mendicare-chiarezza.png,Tarocchi Amore,Non mendicare chiarezza,"In amore il consiglio utile è spesso su di te: cosa porti, cosa temi, dove dici sì troppo.

#amore #tarocchi #consiglio #cuore #relazioni",https://www.luxseetarot.com/tarocchi-amore.html
408,pin-408-il-valore-non-e-solo-stipendio.png,Tarocchi Lavoro,Il valore non è solo stipendio,"Al lavoro il consiglio più utile: distingue stanchezza, paura e desiderio. Poi fai un passo concreto.

#lavoro #tarocchi #consiglio #scelta #carriera",https://www.luxseetarot.com/tarocchi-lavoro.html
409,pin-409-non-prometterti-tutto.png,Tarocchi Futuro,Non prometterti tutto,"Sul futuro: illumina la direzione, non il destino fisso. Basta un passo onesto.

#futuro #tarocchi #consiglio #direzione #passo",https://www.luxseetarot.com/tarocchi-futuro.html
410,pin-410-chiedi-con-delicatezza.png,Come Fare una Domanda ai Tarocchi,Chiedi con delicatezza,"Consiglio sulle domande: una sola, aperta, onesta. Le carte rispondono al focus che dai.

#domanda #tarocchi #consiglio #focus #onestà",https://www.luxseetarot.com/blog/come-fare-una-domanda-ai-tarocchi
411,pin-411-lascia-il-rumore-fuori.png,Lettura Tarocchi Gratis,Lascia il rumore fuori,"Un consiglio semplice: fermati, nomina ciò che pesa, poi ascolta. Le carte aiutano a mettere ordine — non a forzare una risposta.

#tarocchi #consiglio #chiarezza #introspezione #sé",https://www.luxseetarot.com/tarocchi-gratis.html
412,pin-412-il-ritorno-non-e-sempre-amore.png,Tarocchi Amore,Il ritorno non è sempre amore,"In amore il consiglio utile è spesso su di te: cosa porti, cosa temi, dove dici sì troppo.

#amore #tarocchi #consiglio #cuore #relazioni",https://www.luxseetarot.com/tarocchi-amore.html
413,pin-413-una-porta-socchiusa.png,Tarocchi Lavoro,Una porta socchiusa,"Al lavoro il consiglio più utile: distingue stanchezza, paura e desiderio. Poi fai un passo concreto.

#lavoro #tarocchi #consiglio #scelta #carriera",https://www.luxseetarot.com/tarocchi-lavoro.html
414,pin-414-se-il-dopo-spaventa.png,Tarocchi Futuro,Se il dopo spaventa,"Sul futuro: illumina la direzione, non il destino fisso. Basta un passo onesto.

#futuro #tarocchi #consiglio #direzione #passo",https://www.luxseetarot.com/tarocchi-futuro.html
415,pin-415-il-mistero-resta.png,Come Fare una Domanda ai Tarocchi,Il mistero resta,"Consiglio sulle domande: una sola, aperta, onesta. Le carte rispondono al focus che dai.

#domanda #tarocchi #consiglio #focus #onestà",https://www.luxseetarot.com/blog/come-fare-una-domanda-ai-tarocchi
416,pin-416-una-storia-in-tre-pezzi.png,Lettura Tarocchi Gratis,Una storia in tre pezzi,"Un consiglio semplice: fermati, nomina ciò che pesa, poi ascolta. Le carte aiutano a mettere ordine — non a forzare una risposta.

#tarocchi #consiglio #chiarezza #introspezione #sé",https://www.luxseetarot.com/tarocchi-gratis.html
417,pin-417-proteggi-la-tua-energia.png,Tarocchi Amore,Proteggi la tua energia,"In amore il consiglio utile è spesso su di te: cosa porti, cosa temi, dove dici sì troppo.

#amore #tarocchi #consiglio #cuore #relazioni",https://www.luxseetarot.com/tarocchi-amore.html
418,pin-418-non-promettere-tutto.png,Tarocchi Lavoro,Non promettere tutto,"Al lavoro il consiglio più utile: distingue stanchezza, paura e desiderio. Poi fai un passo concreto.

#lavoro #tarocchi #consiglio #scelta #carriera",https://www.luxseetarot.com/tarocchi-lavoro.html
419,pin-419-la-tendenza-parla.png,Tarocchi Futuro,La tendenza parla,"Sul futuro: illumina la direzione, non il destino fisso. Basta un passo onesto.

#futuro #tarocchi #consiglio #direzione #passo",https://www.luxseetarot.com/tarocchi-futuro.html
420,pin-420-una-buona-domanda.png,Come Fare una Domanda ai Tarocchi,Una buona domanda,"Consiglio sulle domande: una sola, aperta, onesta. Le carte rispondono al focus che dai.

#domanda #tarocchi #consiglio #focus #onestà",https://www.luxseetarot.com/blog/come-fare-una-domanda-ai-tarocchi
421,pin-421-non-chiudere-troppo-presto.png,Lettura Tarocchi Gratis,Non chiudere troppo presto,"Un consiglio semplice: fermati, nomina ciò che pesa, poi ascolta. Le carte aiutano a mettere ordine — non a forzare una risposta.

#tarocchi #consiglio #chiarezza #introspezione #sé",https://www.luxseetarot.com/tarocchi-gratis.html
422,pin-422-guarda-i-fatti.png,Tarocchi Amore,Guarda i fatti,"In amore il consiglio utile è spesso su di te: cosa porti, cosa temi, dove dici sì troppo.

#amore #tarocchi #consiglio #cuore #relazioni",https://www.luxseetarot.com/tarocchi-amore.html
423,pin-423-se-ti-senti-invisibile.png,Tarocchi Lavoro,Se ti senti invisibile,"Al lavoro il consiglio più utile: distingue stanchezza, paura e desiderio. Poi fai un passo concreto.

#lavoro #tarocchi #consiglio #scelta #carriera",https://www.luxseetarot.com/tarocchi-lavoro.html
424,pin-424-orizzonte-si.png,Tarocchi Futuro,Orizzonte sì,"Sul futuro: illumina la direzione, non il destino fisso. Basta un passo onesto.

#futuro #tarocchi #consiglio #direzione #passo",https://www.luxseetarot.com/tarocchi-futuro.html
425,pin-425-scrivi-rileggi-semplifica.png,Come Fare una Domanda ai Tarocchi,"Scrivi, rileggi, semplifica","Consiglio sulle domande: una sola, aperta, onesta. Le carte rispondono al focus che dai.

#domanda #tarocchi #consiglio #focus #onestà",https://www.luxseetarot.com/blog/come-fare-una-domanda-ai-tarocchi
426,pin-426-rispetta-il-mistero.png,Lettura Tarocchi Gratis,Rispetta il mistero,"Un consiglio semplice: fermati, nomina ciò che pesa, poi ascolta. Le carte aiutano a mettere ordine — non a forzare una risposta.

#tarocchi #consiglio #chiarezza #introspezione #sé",https://www.luxseetarot.com/tarocchi-gratis.html
427,pin-427-una-frase-onesta.png,Tarocchi Amore,Una frase onesta,"In amore il consiglio utile è spesso su di te: cosa porti, cosa temi, dove dici sì troppo.

#amore #tarocchi #consiglio #cuore #relazioni",https://www.luxseetarot.com/tarocchi-amore.html
428,pin-428-il-prossimo-passo.png,Tarocchi Lavoro,Il prossimo passo,"Al lavoro il consiglio più utile: distingue stanchezza, paura e desiderio. Poi fai un passo concreto.

#lavoro #tarocchi #consiglio #scelta #carriera",https://www.luxseetarot.com/tarocchi-lavoro.html
429,pin-429-il-piano-piccolo.png,Tarocchi Futuro,Il piano piccolo,"Sul futuro: illumina la direzione, non il destino fisso. Basta un passo onesto.

#futuro #tarocchi #consiglio #direzione #passo",https://www.luxseetarot.com/tarocchi-futuro.html
430,pin-430-togli-il-giudizio.png,Come Fare una Domanda ai Tarocchi,Togli il giudizio,"Consiglio sulle domande: una sola, aperta, onesta. Le carte rispondono al focus che dai.

#domanda #tarocchi #consiglio #focus #onestà",https://www.luxseetarot.com/blog/come-fare-una-domanda-ai-tarocchi
431,pin-431-la-verita-quieta.png,Lettura Tarocchi Gratis,La verità quieta,"Un consiglio semplice: fermati, nomina ciò che pesa, poi ascolta. Le carte aiutano a mettere ordine — non a forzare una risposta.

#tarocchi #consiglio #chiarezza #introspezione #sé",https://www.luxseetarot.com/tarocchi-gratis.html
432,pin-432-se-dubiti-di-te.png,Tarocchi Amore,Se dubiti di te,"In amore il consiglio utile è spesso su di te: cosa porti, cosa temi, dove dici sì troppo.

#amore #tarocchi #consiglio #cuore #relazioni",https://www.luxseetarot.com/tarocchi-amore.html
433,pin-433-senza-panico.png,Tarocchi Lavoro,Senza panico,"Al lavoro il consiglio più utile: distingue stanchezza, paura e desiderio. Poi fai un passo concreto.

#lavoro #tarocchi #consiglio #scelta #carriera",https://www.luxseetarot.com/tarocchi-lavoro.html
434,pin-434-resta-onesto.png,Tarocchi Futuro,Resta onesto,"Sul futuro: illumina la direzione, non il destino fisso. Basta un passo onesto.

#futuro #tarocchi #consiglio #direzione #passo",https://www.luxseetarot.com/tarocchi-futuro.html
435,pin-435-tieni-una-sola-intenzione.png,Come Fare una Domanda ai Tarocchi,Tieni una sola intenzione,"Consiglio sulle domande: una sola, aperta, onesta. Le carte rispondono al focus che dai.

#domanda #tarocchi #consiglio #focus #onestà",https://www.luxseetarot.com/blog/come-fare-una-domanda-ai-tarocchi
436,pin-436-oggi-una-sola-cosa.png,Lettura Tarocchi Gratis,Oggi una sola cosa,"Un consiglio semplice: fermati, nomina ciò che pesa, poi ascolta. Le carte aiutano a mettere ordine — non a forzare una risposta.

#tarocchi #consiglio #chiarezza #introspezione #sé",https://www.luxseetarot.com/tarocchi-gratis.html
437,pin-437-il-cuore-ha-bisogno.png,Tarocchi Amore,Il cuore ha bisogno,"In amore il consiglio utile è spesso su di te: cosa porti, cosa temi, dove dici sì troppo.

#amore #tarocchi #consiglio #cuore #relazioni",https://www.luxseetarot.com/tarocchi-amore.html
438,pin-438-lavora-con-te.png,Tarocchi Lavoro,Lavora con te,"Al lavoro il consiglio più utile: distingue stanchezza, paura e desiderio. Poi fai un passo concreto.

#lavoro #tarocchi #consiglio #scelta #carriera",https://www.luxseetarot.com/tarocchi-lavoro.html
439,pin-439-avanti-piano.png,Tarocchi Futuro,Avanti piano,"Sul futuro: illumina la direzione, non il destino fisso. Basta un passo onesto.

#futuro #tarocchi #consiglio #direzione #passo",https://www.luxseetarot.com/tarocchi-futuro.html
440,pin-440-fare-una-domanda.png,Come Fare una Domanda ai Tarocchi,Fare una domanda,"Consiglio sulle domande: una sola, aperta, onesta. Le carte rispondono al focus che dai.

#domanda #tarocchi #consiglio #focus #onestà",https://www.luxseetarot.com/blog/come-fare-una-domanda-ai-tarocchi
441,pin-441-il-cielo-risponde.png,Lettura Tarocchi Gratis,Il cielo risponde,"Tra cielo e corpo c’è un filo. Le carte aiutano a sentirlo — senza forzare il destino.

#tarocchi #universo #intuito #sincronismo #spiritualità",https://www.luxseetarot.com/tarocchi-gratis.html
442,pin-442-un-segno-piccolo.png,Lettura Tarocchi Gratis,Un segno piccolo,"Tra cielo e corpo c’è un filo. Le carte aiutano a sentirlo — senza forzare il destino.

#tarocchi #universo #intuito #sincronismo #spiritualità",https://www.luxseetarot.com/tarocchi-gratis.html
443,pin-443-sincronicita-ora.png,Lettura Tarocchi Gratis,Sincronicità ora,"Tra cielo e corpo c’è un filo. Le carte aiutano a sentirlo — senza forzare il destino.

#tarocchi #universo #intuito #sincronismo #spiritualità",https://www.luxseetarot.com/tarocchi-gratis.html
444,pin-444-l-universo-piega.png,Lettura Tarocchi Gratis,L’universo piega,"Tra cielo e corpo c’è un filo. Le carte aiutano a sentirlo — senza forzare il destino.

#tarocchi #universo #intuito #sincronismo #spiritualità",https://www.luxseetarot.com/tarocchi-gratis.html
445,pin-445-stelle-e-pelle.png,Lettura Tarocchi Gratis,Stelle e pelle,"Tra cielo e corpo c’è un filo. Le carte aiutano a sentirlo — senza forzare il destino.

#tarocchi #universo #intuito #sincronismo #spiritualità",https://www.luxseetarot.com/tarocchi-gratis.html
446,pin-446-macrocosmo-in-te.png,Lettura Tarocchi Gratis,Macrocosmo in te,"Tra cielo e corpo c’è un filo. Le carte aiutano a sentirlo — senza forzare il destino.

#tarocchi #universo #intuito #sincronismo #spiritualità",https://www.luxseetarot.com/tarocchi-gratis.html
447,pin-447-la-voce-quieta.png,Lettura Tarocchi Gratis,La voce quieta,"Tra cielo e corpo c’è un filo. Le carte aiutano a sentirlo — senza forzare il destino.

#tarocchi #universo #intuito #sincronismo #spiritualità",https://www.luxseetarot.com/tarocchi-gratis.html
448,pin-448-terzo-occhio-aperto.png,Lettura Tarocchi Gratis,Terzo occhio aperto,"Tra cielo e corpo c’è un filo. Le carte aiutano a sentirlo — senza forzare il destino.

#tarocchi #universo #intuito #sincronismo #spiritualità",https://www.luxseetarot.com/tarocchi-gratis.html
449,pin-449-fidati-del-senso.png,Lettura Tarocchi Gratis,Fidati del senso,"Tra cielo e corpo c’è un filo. Le carte aiutano a sentirlo — senza forzare il destino.

#tarocchi #universo #intuito #sincronismo #spiritualità",https://www.luxseetarot.com/tarocchi-gratis.html
450,pin-450-messaggio-invisibile.png,Lettura Tarocchi Gratis,Messaggio invisibile,"Tra cielo e corpo c’è un filo. Le carte aiutano a sentirlo — senza forzare il destino.

#tarocchi #universo #intuito #sincronismo #spiritualità",https://www.luxseetarot.com/tarocchi-gratis.html
451,pin-451-intuito-che-bussa.png,Lettura Tarocchi Gratis,Intuito che bussa,"Tra cielo e corpo c’è un filo. Le carte aiutano a sentirlo — senza forzare il destino.

#tarocchi #universo #intuito #sincronismo #spiritualità",https://www.luxseetarot.com/tarocchi-gratis.html
452,pin-452-vedi-oltre-il-rumore.png,Lettura Tarocchi Gratis,Vedi oltre il rumore,"Tra cielo e corpo c’è un filo. Le carte aiutano a sentirlo — senza forzare il destino.

#tarocchi #universo #intuito #sincronismo #spiritualità",https://www.luxseetarot.com/tarocchi-gratis.html
453,pin-453-attrai-con-calma.png,Lettura Tarocchi Gratis,Attrai con calma,"Tra cielo e corpo c’è un filo. Le carte aiutano a sentirlo — senza forzare il destino.

#tarocchi #universo #intuito #sincronismo #spiritualità",https://www.luxseetarot.com/tarocchi-gratis.html
454,pin-454-energia-che-chiama.png,Lettura Tarocchi Gratis,Energia che chiama,"Tra cielo e corpo c’è un filo. Le carte aiutano a sentirlo — senza forzare il destino.

#tarocchi #universo #intuito #sincronismo #spiritualità",https://www.luxseetarot.com/tarocchi-gratis.html
455,pin-455-manifestazione-soft.png,Lettura Tarocchi Gratis,Manifestazione soft,"Tra cielo e corpo c’è un filo. Le carte aiutano a sentirlo — senza forzare il destino.

#tarocchi #universo #intuito #sincronismo #spiritualità",https://www.luxseetarot.com/tarocchi-gratis.html
456,pin-456-desiderio-pulito.png,Lettura Tarocchi Gratis,Desiderio pulito,"Tra cielo e corpo c’è un filo. Le carte aiutano a sentirlo — senza forzare il destino.

#tarocchi #universo #intuito #sincronismo #spiritualità",https://www.luxseetarot.com/tarocchi-gratis.html
457,pin-457-le-carte-allineano.png,Lettura Tarocchi Gratis,Le carte allineano,"Tra cielo e corpo c’è un filo. Le carte aiutano a sentirlo — senza forzare il destino.

#tarocchi #universo #intuito #sincronismo #spiritualità",https://www.luxseetarot.com/tarocchi-gratis.html
458,pin-458-luce-sottile.png,Lettura Tarocchi Gratis,Luce sottile,"Tra cielo e corpo c’è un filo. Le carte aiutano a sentirlo — senza forzare il destino.

#tarocchi #universo #intuito #sincronismo #spiritualità",https://www.luxseetarot.com/tarocchi-gratis.html
459,pin-459-cristallo-mentale.png,Lettura Tarocchi Gratis,Cristallo mentale,"Tra cielo e corpo c’è un filo. Le carte aiutano a sentirlo — senza forzare il destino.

#tarocchi #universo #intuito #sincronismo #spiritualità",https://www.luxseetarot.com/tarocchi-gratis.html
460,pin-460-candela-interiore.png,Lettura Tarocchi Gratis,Candela interiore,"Tra cielo e corpo c’è un filo. Le carte aiutano a sentirlo — senza forzare il destino.

#tarocchi #universo #intuito #sincronismo #spiritualità",https://www.luxseetarot.com/tarocchi-gratis.html
461,pin-461-orbita-personale.png,Lettura Tarocchi Gratis,Orbita personale,"Tra cielo e corpo c’è un filo. Le carte aiutano a sentirlo — senza forzare il destino.

#tarocchi #universo #intuito #sincronismo #spiritualità",https://www.luxseetarot.com/tarocchi-gratis.html
462,pin-462-eco-cosmica.png,Lettura Tarocchi Gratis,Eco cosmica,"Tra cielo e corpo c’è un filo. Le carte aiutano a sentirlo — senza forzare il destino.

#tarocchi #universo #intuito #sincronismo #spiritualità",https://www.luxseetarot.com/tarocchi-gratis.html
463,pin-463-segnale-ripetuto.png,Lettura Tarocchi Gratis,Segnale ripetuto,"Tra cielo e corpo c’è un filo. Le carte aiutano a sentirlo — senza forzare il destino.

#tarocchi #universo #intuito #sincronismo #spiritualità",https://www.luxseetarot.com/tarocchi-gratis.html
464,pin-464-allineamento-vero.png,Lettura Tarocchi Gratis,Allineamento vero,"Tra cielo e corpo c’è un filo. Le carte aiutano a sentirlo — senza forzare il destino.

#tarocchi #universo #intuito #sincronismo #spiritualità",https://www.luxseetarot.com/tarocchi-gratis.html
465,pin-465-sesto-senso-acceso.png,Lettura Tarocchi Gratis,Sesto senso acceso,"Tra cielo e corpo c’è un filo. Le carte aiutano a sentirlo — senza forzare il destino.

#tarocchi #universo #intuito #sincronismo #spiritualità",https://www.luxseetarot.com/tarocchi-gratis.html
466,pin-466-vibrazione-giusta.png,Lettura Tarocchi Gratis,Vibrazione giusta,"Tra cielo e corpo c’è un filo. Le carte aiutano a sentirlo — senza forzare il destino.

#tarocchi #universo #intuito #sincronismo #spiritualità",https://www.luxseetarot.com/tarocchi-gratis.html
467,pin-467-portale-quieto.png,Lettura Tarocchi Gratis,Portale quieto,"Tra cielo e corpo c’è un filo. Le carte aiutano a sentirlo — senza forzare il destino.

#tarocchi #universo #intuito #sincronismo #spiritualità",https://www.luxseetarot.com/tarocchi-gratis.html
468,pin-468-ascolta-l-eco.png,Lettura Tarocchi Gratis,Ascolta l’eco,"Tra cielo e corpo c’è un filo. Le carte aiutano a sentirlo — senza forzare il destino.

#tarocchi #universo #intuito #sincronismo #spiritualità",https://www.luxseetarot.com/tarocchi-gratis.html
469,pin-469-ordine-stellare.png,Lettura Tarocchi Gratis,Ordine stellare,"Tra cielo e corpo c’è un filo. Le carte aiutano a sentirlo — senza forzare il destino.

#tarocchi #universo #intuito #sincronismo #spiritualità",https://www.luxseetarot.com/tarocchi-gratis.html
470,pin-470-chiedi-all-alto.png,Lettura Tarocchi Gratis,Chiedi all’alto,"Tra cielo e corpo c’è un filo. Le carte aiutano a sentirlo — senza forzare il destino.

#tarocchi #universo #intuito #sincronismo #spiritualità",https://www.luxseetarot.com/tarocchi-gratis.html
471,pin-471-magnete-dolce.png,Lettura Tarocchi Gratis,Magnete dolce,"Tra cielo e corpo c’è un filo. Le carte aiutano a sentirlo — senza forzare il destino.

#tarocchi #universo #intuito #sincronismo #spiritualità",https://www.luxseetarot.com/tarocchi-gratis.html
472,pin-472-intenzione-chiara.png,Lettura Tarocchi Gratis,Intenzione chiara,"Tra cielo e corpo c’è un filo. Le carte aiutano a sentirlo — senza forzare il destino.

#tarocchi #universo #intuito #sincronismo #spiritualità",https://www.luxseetarot.com/tarocchi-gratis.html
473,pin-473-fuoco-sacro-soft.png,Lettura Tarocchi Gratis,Fuoco sacro soft,"Tra cielo e corpo c’è un filo. Le carte aiutano a sentirlo — senza forzare il destino.

#tarocchi #universo #intuito #sincronismo #spiritualità",https://www.luxseetarot.com/tarocchi-gratis.html
474,pin-474-nebulosa-emotiva.png,Lettura Tarocchi Gratis,Nebulosa emotiva,"Tra cielo e corpo c’è un filo. Le carte aiutano a sentirlo — senza forzare il destino.

#tarocchi #universo #intuito #sincronismo #spiritualità",https://www.luxseetarot.com/tarocchi-gratis.html
475,pin-475-costellazione-tua.png,Lettura Tarocchi Gratis,Costellazione tua,"Tra cielo e corpo c’è un filo. Le carte aiutano a sentirlo — senza forzare il destino.

#tarocchi #universo #intuito #sincronismo #spiritualità",https://www.luxseetarot.com/tarocchi-gratis.html
476,pin-476-presagio-interno.png,Lettura Tarocchi Gratis,Presagio interno,"Tra cielo e corpo c’è un filo. Le carte aiutano a sentirlo — senza forzare il destino.

#tarocchi #universo #intuito #sincronismo #spiritualità",https://www.luxseetarot.com/tarocchi-gratis.html
477,pin-477-respiro-cosmico.png,Lettura Tarocchi Gratis,Respiro cosmico,"Tra cielo e corpo c’è un filo. Le carte aiutano a sentirlo — senza forzare il destino.

#tarocchi #universo #intuito #sincronismo #spiritualità",https://www.luxseetarot.com/tarocchi-gratis.html
478,pin-478-luce-tra-le-carte.png,Lettura Tarocchi Gratis,Luce tra le carte,"Tra cielo e corpo c’è un filo. Le carte aiutano a sentirlo — senza forzare il destino.

#tarocchi #universo #intuito #sincronismo #spiritualità",https://www.luxseetarot.com/tarocchi-gratis.html
479,pin-479-soglia-sottile.png,Lettura Tarocchi Gratis,Soglia sottile,"Tra cielo e corpo c’è un filo. Le carte aiutano a sentirlo — senza forzare il destino.

#tarocchi #universo #intuito #sincronismo #spiritualità",https://www.luxseetarot.com/tarocchi-gratis.html
480,pin-480-frequenza-alta.png,Lettura Tarocchi Gratis,Frequenza alta,"Tra cielo e corpo c’è un filo. Le carte aiutano a sentirlo — senza forzare il destino.

#tarocchi #universo #intuito #sincronismo #spiritualità",https://www.luxseetarot.com/tarocchi-gratis.html
481,pin-481-occhio-interiore.png,Lettura Tarocchi Gratis,Occhio interiore,"Tra cielo e corpo c’è un filo. Le carte aiutano a sentirlo — senza forzare il destino.

#tarocchi #universo #intuito #sincronismo #spiritualità",https://www.luxseetarot.com/tarocchi-gratis.html
482,pin-482-vento-di-segni.png,Lettura Tarocchi Gratis,Vento di segni,"Tra cielo e corpo c’è un filo. Le carte aiutano a sentirlo — senza forzare il destino.

#tarocchi #universo #intuito #sincronismo #spiritualità",https://www.luxseetarot.com/tarocchi-gratis.html
483,pin-483-anello-di-senso.png,Lettura Tarocchi Gratis,Anello di senso,"Tra cielo e corpo c’è un filo. Le carte aiutano a sentirlo — senza forzare il destino.

#tarocchi #universo #intuito #sincronismo #spiritualità",https://www.luxseetarot.com/tarocchi-gratis.html
484,pin-484-corpo-che-sa.png,Lettura Tarocchi Gratis,Corpo che sa,"Tra cielo e corpo c’è un filo. Le carte aiutano a sentirlo — senza forzare il destino.

#tarocchi #universo #intuito #sincronismo #spiritualità",https://www.luxseetarot.com/tarocchi-gratis.html
485,pin-485-silenzio-fertile.png,Lettura Tarocchi Gratis,Silenzio fertile,"Tra cielo e corpo c’è un filo. Le carte aiutano a sentirlo — senza forzare il destino.

#tarocchi #universo #intuito #sincronismo #spiritualità",https://www.luxseetarot.com/tarocchi-gratis.html
486,pin-486-richiamo-soft.png,Lettura Tarocchi Gratis,Richiamo soft,"Tra cielo e corpo c’è un filo. Le carte aiutano a sentirlo — senza forzare il destino.

#tarocchi #universo #intuito #sincronismo #spiritualità",https://www.luxseetarot.com/tarocchi-gratis.html
487,pin-487-cielo-nella-palma.png,Lettura Tarocchi Gratis,Cielo nella palma,"Tra cielo e corpo c’è un filo. Le carte aiutano a sentirlo — senza forzare il destino.

#tarocchi #universo #intuito #sincronismo #spiritualità",https://www.luxseetarot.com/tarocchi-gratis.html
488,pin-488-armonia-lenta.png,Lettura Tarocchi Gratis,Armonia lenta,"Tra cielo e corpo c’è un filo. Le carte aiutano a sentirlo — senza forzare il destino.

#tarocchi #universo #intuito #sincronismo #spiritualità",https://www.luxseetarot.com/tarocchi-gratis.html
489,pin-489-sogno-utile.png,Lettura Tarocchi Gratis,Sogno utile,"Tra cielo e corpo c’è un filo. Le carte aiutano a sentirlo — senza forzare il destino.

#tarocchi #universo #intuito #sincronismo #spiritualità",https://www.luxseetarot.com/tarocchi-gratis.html
490,pin-490-presenza-stellata.png,Lettura Tarocchi Gratis,Presenza stellata,"Tra cielo e corpo c’è un filo. Le carte aiutano a sentirlo — senza forzare il destino.

#tarocchi #universo #intuito #sincronismo #spiritualità",https://www.luxseetarot.com/tarocchi-gratis.html
491,pin-491-chakra-della-scelta.png,Lettura Tarocchi Gratis,Chakra della scelta,"Tra cielo e corpo c’è un filo. Le carte aiutano a sentirlo — senza forzare il destino.

#tarocchi #universo #intuito #sincronismo #spiritualità",https://www.luxseetarot.com/tarocchi-gratis.html
492,pin-492-aura-della-domanda.png,Lettura Tarocchi Gratis,Aura della domanda,"Tra cielo e corpo c’è un filo. Le carte aiutano a sentirlo — senza forzare il destino.

#tarocchi #universo #intuito #sincronismo #spiritualità",https://www.luxseetarot.com/tarocchi-gratis.html
493,pin-493-legame-invisibile.png,Lettura Tarocchi Gratis,Legame invisibile,"Tra cielo e corpo c’è un filo. Le carte aiutano a sentirlo — senza forzare il destino.

#tarocchi #universo #intuito #sincronismo #spiritualità",https://www.luxseetarot.com/tarocchi-gratis.html
494,pin-494-marea-sottile.png,Lettura Tarocchi Gratis,Marea sottile,"Tra cielo e corpo c’è un filo. Le carte aiutano a sentirlo — senza forzare il destino.

#tarocchi #universo #intuito #sincronismo #spiritualità",https://www.luxseetarot.com/tarocchi-gratis.html
495,pin-495-scintilla-divina.png,Lettura Tarocchi Gratis,Scintilla divina,"Tra cielo e corpo c’è un filo. Le carte aiutano a sentirlo — senza forzare il destino.

#tarocchi #universo #intuito #sincronismo #spiritualità",https://www.luxseetarot.com/tarocchi-gratis.html
496,pin-496-specchio-cosmico.png,Lettura Tarocchi Gratis,Specchio cosmico,"Tra cielo e corpo c’è un filo. Le carte aiutano a sentirlo — senza forzare il destino.

#tarocchi #universo #intuito #sincronismo #spiritualità",https://www.luxseetarot.com/tarocchi-gratis.html
497,pin-497-oracolo-quieto.png,Lettura Tarocchi Gratis,Oracolo quieto,"Tra cielo e corpo c’è un filo. Le carte aiutano a sentirlo — senza forzare il destino.

#tarocchi #universo #intuito #sincronismo #spiritualità",https://www.luxseetarot.com/tarocchi-gratis.html
498,pin-498-via-lattea-interna.png,Lettura Tarocchi Gratis,Via lattea interna,"Tra cielo e corpo c’è un filo. Le carte aiutano a sentirlo — senza forzare il destino.

#tarocchi #universo #intuito #sincronismo #spiritualità",https://www.luxseetarot.com/tarocchi-gratis.html
499,pin-499-segno-che-torna.png,Lettura Tarocchi Gratis,Segno che torna,"Tra cielo e corpo c’è un filo. Le carte aiutano a sentirlo — senza forzare il destino.

#tarocchi #universo #intuito #sincronismo #spiritualità",https://www.luxseetarot.com/tarocchi-gratis.html
500,pin-500-calice-di-luce.png,Lettura Tarocchi Gratis,Calice di luce,"Tra cielo e corpo c’è un filo. Le carte aiutano a sentirlo — senza forzare il destino.

#tarocchi #universo #intuito #sincronismo #spiritualità",https://www.luxseetarot.com/tarocchi-gratis.html
501,pin-501-nodo-astrale.png,Lettura Tarocchi Gratis,Nodo astrale,"Tra cielo e corpo c’è un filo. Le carte aiutano a sentirlo — senza forzare il destino.

#tarocchi #universo #intuito #sincronismo #spiritualità",https://www.luxseetarot.com/tarocchi-gratis.html
502,pin-502-porta-stellata.png,Lettura Tarocchi Gratis,Porta stellata,"Tra cielo e corpo c’è un filo. Le carte aiutano a sentirlo — senza forzare il destino.

#tarocchi #universo #intuito #sincronismo #spiritualità",https://www.luxseetarot.com/tarocchi-gratis.html
503,pin-503-risonanza-vera.png,Lettura Tarocchi Gratis,Risonanza vera,"Tra cielo e corpo c’è un filo. Le carte aiutano a sentirlo — senza forzare il destino.

#tarocchi #universo #intuito #sincronismo #spiritualità",https://www.luxseetarot.com/tarocchi-gratis.html
504,pin-504-tempo-sacro.png,Lettura Tarocchi Gratis,Tempo sacro,"Tra cielo e corpo c’è un filo. Le carte aiutano a sentirlo — senza forzare il destino.

#tarocchi #universo #intuito #sincronismo #spiritualità",https://www.luxseetarot.com/tarocchi-gratis.html
505,pin-505-invito-sottile.png,Lettura Tarocchi Gratis,Invito sottile,"Tra cielo e corpo c’è un filo. Le carte aiutano a sentirlo — senza forzare il destino.

#tarocchi #universo #intuito #sincronismo #spiritualità",https://www.luxseetarot.com/tarocchi-gratis.html
506,pin-506-chiarezza-eterea.png,Lettura Tarocchi Gratis,Chiarezza eterea,"Tra cielo e corpo c’è un filo. Le carte aiutano a sentirlo — senza forzare il destino.

#tarocchi #universo #intuito #sincronismo #spiritualità",https://www.luxseetarot.com/tarocchi-gratis.html
507,pin-507-filo-d-oro-soft.png,Lettura Tarocchi Gratis,Filo d’oro soft,"Tra cielo e corpo c’è un filo. Le carte aiutano a sentirlo — senza forzare il destino.

#tarocchi #universo #intuito #sincronismo #spiritualità",https://www.luxseetarot.com/tarocchi-gratis.html
508,pin-508-preghiera-pratica.png,Lettura Tarocchi Gratis,Preghiera pratica,"Tra cielo e corpo c’è un filo. Le carte aiutano a sentirlo — senza forzare il destino.

#tarocchi #universo #intuito #sincronismo #spiritualità",https://www.luxseetarot.com/tarocchi-gratis.html
509,pin-509-velo-che-si-alza.png,Lettura Tarocchi Gratis,Velo che si alza,"Tra cielo e corpo c’è un filo. Le carte aiutano a sentirlo — senza forzare il destino.

#tarocchi #universo #intuito #sincronismo #spiritualità",https://www.luxseetarot.com/tarocchi-gratis.html
510,pin-510-centro-quieto.png,Lettura Tarocchi Gratis,Centro quieto,"Tra cielo e corpo c’è un filo. Le carte aiutano a sentirlo — senza forzare il destino.

#tarocchi #universo #intuito #sincronismo #spiritualità",https://www.luxseetarot.com/tarocchi-gratis.html
511,pin-511-attrazione-lucida.png,Lettura Tarocchi Gratis,Attrazione lucida,"Tra cielo e corpo c’è un filo. Le carte aiutano a sentirlo — senza forzare il destino.

#tarocchi #universo #intuito #sincronismo #spiritualità",https://www.luxseetarot.com/tarocchi-gratis.html
512,pin-512-messaggio-ripetuto.png,Lettura Tarocchi Gratis,Messaggio ripetuto,"Tra cielo e corpo c’è un filo. Le carte aiutano a sentirlo — senza forzare il destino.

#tarocchi #universo #intuito #sincronismo #spiritualità",https://www.luxseetarot.com/tarocchi-gratis.html
513,pin-513-equilibrio-sottile.png,Lettura Tarocchi Gratis,Equilibrio sottile,"Tra cielo e corpo c’è un filo. Le carte aiutano a sentirlo — senza forzare il destino.

#tarocchi #universo #intuito #sincronismo #spiritualità",https://www.luxseetarot.com/tarocchi-gratis.html
514,pin-514-luna-interiore.png,Lettura Tarocchi Gratis,Luna interiore,"Tra cielo e corpo c’è un filo. Le carte aiutano a sentirlo — senza forzare il destino.

#tarocchi #universo #intuito #sincronismo #spiritualità",https://www.luxseetarot.com/tarocchi-gratis.html
515,pin-515-sole-soft.png,Lettura Tarocchi Gratis,Sole soft,"Tra cielo e corpo c’è un filo. Le carte aiutano a sentirlo — senza forzare il destino.

#tarocchi #universo #intuito #sincronismo #spiritualità",https://www.luxseetarot.com/tarocchi-gratis.html
516,pin-516-cometa-di-senso.png,Lettura Tarocchi Gratis,Cometa di senso,"Tra cielo e corpo c’è un filo. Le carte aiutano a sentirlo — senza forzare il destino.

#tarocchi #universo #intuito #sincronismo #spiritualità",https://www.luxseetarot.com/tarocchi-gratis.html
517,pin-517-spazio-sacro.png,Lettura Tarocchi Gratis,Spazio sacro,"Tra cielo e corpo c’è un filo. Le carte aiutano a sentirlo — senza forzare il destino.

#tarocchi #universo #intuito #sincronismo #spiritualità",https://www.luxseetarot.com/tarocchi-gratis.html
518,pin-518-rituale-minimo.png,Lettura Tarocchi Gratis,Rituale minimo,"Tra cielo e corpo c’è un filo. Le carte aiutano a sentirlo — senza forzare il destino.

#tarocchi #universo #intuito #sincronismo #spiritualità",https://www.luxseetarot.com/tarocchi-gratis.html
519,pin-519-anima-che-chiede.png,Lettura Tarocchi Gratis,Anima che chiede,"Tra cielo e corpo c’è un filo. Le carte aiutano a sentirlo — senza forzare il destino.

#tarocchi #universo #intuito #sincronismo #spiritualità",https://www.luxseetarot.com/tarocchi-gratis.html
520,pin-520-eco-di-stelle.png,Lettura Tarocchi Gratis,Eco di stelle,"Tra cielo e corpo c’è un filo. Le carte aiutano a sentirlo — senza forzare il destino.

#tarocchi #universo #intuito #sincronismo #spiritualità",https://www.luxseetarot.com/tarocchi-gratis.html
521,pin-521-campo-magnetico.png,Lettura Tarocchi Gratis,Campo magnetico,"Tra cielo e corpo c’è un filo. Le carte aiutano a sentirlo — senza forzare il destino.

#tarocchi #universo #intuito #sincronismo #spiritualità",https://www.luxseetarot.com/tarocchi-gratis.html
522,pin-522-chiedi-poco.png,Lettura Tarocchi Gratis,Chiedi poco,"Tra cielo e corpo c’è un filo. Le carte aiutano a sentirlo — senza forzare il destino.

#tarocchi #universo #intuito #sincronismo #spiritualità",https://www.luxseetarot.com/tarocchi-gratis.html
523,pin-523-presenza-cosmica.png,Lettura Tarocchi Gratis,Presenza cosmica,"Tra cielo e corpo c’è un filo. Le carte aiutano a sentirlo — senza forzare il destino.

#tarocchi #universo #intuito #sincronismo #spiritualità",https://www.luxseetarot.com/tarocchi-gratis.html
524,pin-524-soglia-luminosa.png,Lettura Tarocchi Gratis,Soglia luminosa,"Tra cielo e corpo c’è un filo. Le carte aiutano a sentirlo — senza forzare il destino.

#tarocchi #universo #intuito #sincronismo #spiritualità",https://www.luxseetarot.com/tarocchi-gratis.html
525,pin-525-intuito-senza-posa.png,Lettura Tarocchi Gratis,Intuito senza posa,"Tra cielo e corpo c’è un filo. Le carte aiutano a sentirlo — senza forzare il destino.

#tarocchi #universo #intuito #sincronismo #spiritualità",https://www.luxseetarot.com/tarocchi-gratis.html
526,pin-526-ordine-invisibile.png,Lettura Tarocchi Gratis,Ordine invisibile,"Tra cielo e corpo c’è un filo. Le carte aiutano a sentirlo — senza forzare il destino.

#tarocchi #universo #intuito #sincronismo #spiritualità",https://www.luxseetarot.com/tarocchi-gratis.html
527,pin-527-grazia-pratica.png,Lettura Tarocchi Gratis,Grazia pratica,"Tra cielo e corpo c’è un filo. Le carte aiutano a sentirlo — senza forzare il destino.

#tarocchi #universo #intuito #sincronismo #spiritualità",https://www.luxseetarot.com/tarocchi-gratis.html
528,pin-528-vibra-e-agisci.png,Lettura Tarocchi Gratis,Vibra e agisci,"Tra cielo e corpo c’è un filo. Le carte aiutano a sentirlo — senza forzare il destino.

#tarocchi #universo #intuito #sincronismo #spiritualità",https://www.luxseetarot.com/tarocchi-gratis.html
529,pin-529-cielo-domestico.png,Lettura Tarocchi Gratis,Cielo domestico,"Tra cielo e corpo c’è un filo. Le carte aiutano a sentirlo — senza forzare il destino.

#tarocchi #universo #intuito #sincronismo #spiritualità",https://www.luxseetarot.com/tarocchi-gratis.html
530,pin-530-segnale-gentile.png,Lettura Tarocchi Gratis,Segnale gentile,"Tra cielo e corpo c’è un filo. Le carte aiutano a sentirlo — senza forzare il destino.

#tarocchi #universo #intuito #sincronismo #spiritualità",https://www.luxseetarot.com/tarocchi-gratis.html
531,pin-531-allinea-e-lascia.png,Lettura Tarocchi Gratis,Allinea e lascia,"Tra cielo e corpo c’è un filo. Le carte aiutano a sentirlo — senza forzare il destino.

#tarocchi #universo #intuito #sincronismo #spiritualità",https://www.luxseetarot.com/tarocchi-gratis.html
532,pin-532-fuoco-quieto.png,Lettura Tarocchi Gratis,Fuoco quieto,"Tra cielo e corpo c’è un filo. Le carte aiutano a sentirlo — senza forzare il destino.

#tarocchi #universo #intuito #sincronismo #spiritualità",https://www.luxseetarot.com/tarocchi-gratis.html
533,pin-533-acqua-cosmica.png,Lettura Tarocchi Gratis,Acqua cosmica,"Tra cielo e corpo c’è un filo. Le carte aiutano a sentirlo — senza forzare il destino.

#tarocchi #universo #intuito #sincronismo #spiritualità",https://www.luxseetarot.com/tarocchi-gratis.html
534,pin-534-terra-sacra.png,Lettura Tarocchi Gratis,Terra sacra,"Tra cielo e corpo c’è un filo. Le carte aiutano a sentirlo — senza forzare il destino.

#tarocchi #universo #intuito #sincronismo #spiritualità",https://www.luxseetarot.com/tarocchi-gratis.html
535,pin-535-aria-chiara.png,Lettura Tarocchi Gratis,Aria chiara,"Tra cielo e corpo c’è un filo. Le carte aiutano a sentirlo — senza forzare il destino.

#tarocchi #universo #intuito #sincronismo #spiritualità",https://www.luxseetarot.com/tarocchi-gratis.html
536,pin-536-quinta-essenza.png,Lettura Tarocchi Gratis,Quinta essenza,"Tra cielo e corpo c’è un filo. Le carte aiutano a sentirlo — senza forzare il destino.

#tarocchi #universo #intuito #sincronismo #spiritualità",https://www.luxseetarot.com/tarocchi-gratis.html
537,pin-537-rito-breve.png,Lettura Tarocchi Gratis,Rito breve,"Tra cielo e corpo c’è un filo. Le carte aiutano a sentirlo — senza forzare il destino.

#tarocchi #universo #intuito #sincronismo #spiritualità",https://www.luxseetarot.com/tarocchi-gratis.html
538,pin-538-presagio-utile.png,Lettura Tarocchi Gratis,Presagio utile,"Tra cielo e corpo c’è un filo. Le carte aiutano a sentirlo — senza forzare il destino.

#tarocchi #universo #intuito #sincronismo #spiritualità",https://www.luxseetarot.com/tarocchi-gratis.html
539,pin-539-luce-che-sceglie.png,Lettura Tarocchi Gratis,Luce che sceglie,"Tra cielo e corpo c’è un filo. Le carte aiutano a sentirlo — senza forzare il destino.

#tarocchi #universo #intuito #sincronismo #spiritualità",https://www.luxseetarot.com/tarocchi-gratis.html
540,pin-540-universo-partner.png,Lettura Tarocchi Gratis,Universo partner,"Tra cielo e corpo c’è un filo. Le carte aiutano a sentirlo — senza forzare il destino.

#tarocchi #universo #intuito #sincronismo #spiritualità",https://www.luxseetarot.com/tarocchi-gratis.html
541,pin-541-guarda-l-ombra.png,Lettura Tarocchi Gratis,Guarda l’ombra,"L’ombra non è il nemico. È la stanza dove la verità aspetta — con rispetto, senza forzature.

#tarocchi #ombra #shadowwork #mistero #karma",https://www.luxseetarot.com/tarocchi-gratis.html
542,pin-542-paura-nominata.png,Lettura Tarocchi Gratis,Paura nominata,"L’ombra non è il nemico. È la stanza dove la verità aspetta — con rispetto, senza forzature.

#tarocchi #ombra #shadowwork #mistero #karma",https://www.luxseetarot.com/tarocchi-gratis.html
543,pin-543-segreto-che-pesa.png,Lettura Tarocchi Gratis,Segreto che pesa,"L’ombra non è il nemico. È la stanza dove la verità aspetta — con rispetto, senza forzature.

#tarocchi #ombra #shadowwork #mistero #karma",https://www.luxseetarot.com/tarocchi-gratis.html
544,pin-544-parte-oscura.png,Lettura Tarocchi Gratis,Parte oscura,"L’ombra non è il nemico. È la stanza dove la verità aspetta — con rispetto, senza forzature.

#tarocchi #ombra #shadowwork #mistero #karma",https://www.luxseetarot.com/tarocchi-gratis.html
545,pin-545-shadow-work-soft.png,Lettura Tarocchi Gratis,Shadow work soft,"L’ombra non è il nemico. È la stanza dove la verità aspetta — con rispetto, senza forzature.

#tarocchi #ombra #shadowwork #mistero #karma",https://www.luxseetarot.com/tarocchi-gratis.html
546,pin-546-notte-utile.png,Lettura Tarocchi Gratis,Notte utile,"L’ombra non è il nemico. È la stanza dove la verità aspetta — con rispetto, senza forzature.

#tarocchi #ombra #shadowwork #mistero #karma",https://www.luxseetarot.com/tarocchi-gratis.html
547,pin-547-candela-nera.png,Lettura Tarocchi Gratis,Candela nera,"L’ombra non è il nemico. È la stanza dove la verità aspetta — con rispetto, senza forzature.

#tarocchi #ombra #shadowwork #mistero #karma",https://www.luxseetarot.com/tarocchi-gratis.html
548,pin-548-karma-in-moto.png,Lettura Tarocchi Gratis,Karma in moto,"L’ombra non è il nemico. È la stanza dove la verità aspetta — con rispetto, senza forzature.

#tarocchi #ombra #shadowwork #mistero #karma",https://www.luxseetarot.com/tarocchi-gratis.html
549,pin-549-ciclo-che-torna.png,Lettura Tarocchi Gratis,Ciclo che torna,"L’ombra non è il nemico. È la stanza dove la verità aspetta — con rispetto, senza forzature.

#tarocchi #ombra #shadowwork #mistero #karma",https://www.luxseetarot.com/tarocchi-gratis.html
550,pin-550-debito-sottile.png,Lettura Tarocchi Gratis,Debito sottile,"L’ombra non è il nemico. È la stanza dove la verità aspetta — con rispetto, senza forzature.

#tarocchi #ombra #shadowwork #mistero #karma",https://www.luxseetarot.com/tarocchi-gratis.html
551,pin-551-fato-o-scelta.png,Lettura Tarocchi Gratis,Fato o scelta,"L’ombra non è il nemico. È la stanza dove la verità aspetta — con rispetto, senza forzature.

#tarocchi #ombra #shadowwork #mistero #karma",https://www.luxseetarot.com/tarocchi-gratis.html
552,pin-552-destino-elastico.png,Lettura Tarocchi Gratis,Destino elastico,"L’ombra non è il nemico. È la stanza dove la verità aspetta — con rispetto, senza forzature.

#tarocchi #ombra #shadowwork #mistero #karma",https://www.luxseetarot.com/tarocchi-gratis.html
553,pin-553-alchimia-quieta.png,Lettura Tarocchi Gratis,Alchimia quieta,"L’ombra non è il nemico. È la stanza dove la verità aspetta — con rispetto, senza forzature.

#tarocchi #ombra #shadowwork #mistero #karma",https://www.luxseetarot.com/tarocchi-gratis.html
554,pin-554-magia-antica.png,Lettura Tarocchi Gratis,Magia antica,"L’ombra non è il nemico. È la stanza dove la verità aspetta — con rispetto, senza forzature.

#tarocchi #ombra #shadowwork #mistero #karma",https://www.luxseetarot.com/tarocchi-gratis.html
555,pin-555-rituale-notturno.png,Lettura Tarocchi Gratis,Rituale notturno,"L’ombra non è il nemico. È la stanza dove la verità aspetta — con rispetto, senza forzature.

#tarocchi #ombra #shadowwork #mistero #karma",https://www.luxseetarot.com/tarocchi-gratis.html
556,pin-556-conoscenza-amara.png,Lettura Tarocchi Gratis,Conoscenza amara,"L’ombra non è il nemico. È la stanza dove la verità aspetta — con rispetto, senza forzature.

#tarocchi #ombra #shadowwork #mistero #karma",https://www.luxseetarot.com/tarocchi-gratis.html
557,pin-557-strega-interiore.png,Lettura Tarocchi Gratis,Strega interiore,"L’ombra non è il nemico. È la stanza dove la verità aspetta — con rispetto, senza forzature.

#tarocchi #ombra #shadowwork #mistero #karma",https://www.luxseetarot.com/tarocchi-gratis.html
558,pin-558-veleno-e-cura.png,Lettura Tarocchi Gratis,Veleno e cura,"L’ombra non è il nemico. È la stanza dove la verità aspetta — con rispetto, senza forzature.

#tarocchi #ombra #shadowwork #mistero #karma",https://www.luxseetarot.com/tarocchi-gratis.html
559,pin-559-abisso-soft.png,Lettura Tarocchi Gratis,Abisso soft,"L’ombra non è il nemico. È la stanza dove la verità aspetta — con rispetto, senza forzature.

#tarocchi #ombra #shadowwork #mistero #karma",https://www.luxseetarot.com/tarocchi-gratis.html
560,pin-560-maschera-caduta.png,Lettura Tarocchi Gratis,Maschera caduta,"L’ombra non è il nemico. È la stanza dove la verità aspetta — con rispetto, senza forzature.

#tarocchi #ombra #shadowwork #mistero #karma",https://www.luxseetarot.com/tarocchi-gratis.html
561,pin-561-paura-del-vuoto.png,Lettura Tarocchi Gratis,Paura del vuoto,"L’ombra non è il nemico. È la stanza dove la verità aspetta — con rispetto, senza forzature.

#tarocchi #ombra #shadowwork #mistero #karma",https://www.luxseetarot.com/tarocchi-gratis.html
562,pin-562-rabbia-sacra.png,Lettura Tarocchi Gratis,Rabbia sacra,"L’ombra non è il nemico. È la stanza dove la verità aspetta — con rispetto, senza forzature.

#tarocchi #ombra #shadowwork #mistero #karma",https://www.luxseetarot.com/tarocchi-gratis.html
563,pin-563-vergogna-quieta.png,Lettura Tarocchi Gratis,Vergogna quieta,"L’ombra non è il nemico. È la stanza dove la verità aspetta — con rispetto, senza forzature.

#tarocchi #ombra #shadowwork #mistero #karma",https://www.luxseetarot.com/tarocchi-gratis.html
564,pin-564-colpa-antica.png,Lettura Tarocchi Gratis,Colpa antica,"L’ombra non è il nemico. È la stanza dove la verità aspetta — con rispetto, senza forzature.

#tarocchi #ombra #shadowwork #mistero #karma",https://www.luxseetarot.com/tarocchi-gratis.html
565,pin-565-fantasma-emotivo.png,Lettura Tarocchi Gratis,Fantasma emotivo,"L’ombra non è il nemico. È la stanza dove la verità aspetta — con rispetto, senza forzature.

#tarocchi #ombra #shadowwork #mistero #karma",https://www.luxseetarot.com/tarocchi-gratis.html
566,pin-566-soglia-oscura.png,Lettura Tarocchi Gratis,Soglia oscura,"L’ombra non è il nemico. È la stanza dove la verità aspetta — con rispetto, senza forzature.

#tarocchi #ombra #shadowwork #mistero #karma",https://www.luxseetarot.com/tarocchi-gratis.html
567,pin-567-luna-nera.png,Lettura Tarocchi Gratis,Luna nera,"L’ombra non è il nemico. È la stanza dove la verità aspetta — con rispetto, senza forzature.

#tarocchi #ombra #shadowwork #mistero #karma",https://www.luxseetarot.com/tarocchi-gratis.html
568,pin-568-inchiostro-d-ombra.png,Lettura Tarocchi Gratis,Inchiostro d’ombra,"L’ombra non è il nemico. È la stanza dove la verità aspetta — con rispetto, senza forzature.

#tarocchi #ombra #shadowwork #mistero #karma",https://www.luxseetarot.com/tarocchi-gratis.html
569,pin-569-specchio-nero.png,Lettura Tarocchi Gratis,Specchio nero,"L’ombra non è il nemico. È la stanza dove la verità aspetta — con rispetto, senza forzature.

#tarocchi #ombra #shadowwork #mistero #karma",https://www.luxseetarot.com/tarocchi-gratis.html
570,pin-570-cripta-del-se.png,Lettura Tarocchi Gratis,Cripta del sé,"L’ombra non è il nemico. È la stanza dove la verità aspetta — con rispetto, senza forzature.

#tarocchi #ombra #shadowwork #mistero #karma",https://www.luxseetarot.com/tarocchi-gratis.html
571,pin-571-fumo-e-senso.png,Lettura Tarocchi Gratis,Fumo e senso,"L’ombra non è il nemico. È la stanza dove la verità aspetta — con rispetto, senza forzature.

#tarocchi #ombra #shadowwork #mistero #karma",https://www.luxseetarot.com/tarocchi-gratis.html
572,pin-572-rovina-fertile.png,Lettura Tarocchi Gratis,Rovina fertile,"L’ombra non è il nemico. È la stanza dove la verità aspetta — con rispetto, senza forzature.

#tarocchi #ombra #shadowwork #mistero #karma",https://www.luxseetarot.com/tarocchi-gratis.html
573,pin-573-patto-con-te.png,Lettura Tarocchi Gratis,Patto con te,"L’ombra non è il nemico. È la stanza dove la verità aspetta — con rispetto, senza forzature.

#tarocchi #ombra #shadowwork #mistero #karma",https://www.luxseetarot.com/tarocchi-gratis.html
574,pin-574-occhio-nel-buio.png,Lettura Tarocchi Gratis,Occhio nel buio,"L’ombra non è il nemico. È la stanza dove la verità aspetta — con rispetto, senza forzature.

#tarocchi #ombra #shadowwork #mistero #karma",https://www.luxseetarot.com/tarocchi-gratis.html
575,pin-575-silenzio-denso.png,Lettura Tarocchi Gratis,Silenzio denso,"L’ombra non è il nemico. È la stanza dove la verità aspetta — con rispetto, senza forzature.

#tarocchi #ombra #shadowwork #mistero #karma",https://www.luxseetarot.com/tarocchi-gratis.html
576,pin-576-ferita-antica.png,Lettura Tarocchi Gratis,Ferita antica,"L’ombra non è il nemico. È la stanza dove la verità aspetta — con rispetto, senza forzature.

#tarocchi #ombra #shadowwork #mistero #karma",https://www.luxseetarot.com/tarocchi-gratis.html
577,pin-577-ombra-amata.png,Lettura Tarocchi Gratis,Ombra amata,"L’ombra non è il nemico. È la stanza dove la verità aspetta — con rispetto, senza forzature.

#tarocchi #ombra #shadowwork #mistero #karma",https://www.luxseetarot.com/tarocchi-gratis.html
578,pin-578-cicatrice-utile.png,Lettura Tarocchi Gratis,Cicatrice utile,"L’ombra non è il nemico. È la stanza dove la verità aspetta — con rispetto, senza forzature.

#tarocchi #ombra #shadowwork #mistero #karma",https://www.luxseetarot.com/tarocchi-gratis.html
579,pin-579-notte-iniziatica.png,Lettura Tarocchi Gratis,Notte iniziatica,"L’ombra non è il nemico. È la stanza dove la verità aspetta — con rispetto, senza forzature.

#tarocchi #ombra #shadowwork #mistero #karma",https://www.luxseetarot.com/tarocchi-gratis.html
580,pin-580-cenere-e-oro.png,Lettura Tarocchi Gratis,Cenere e oro,"L’ombra non è il nemico. È la stanza dove la verità aspetta — con rispetto, senza forzature.

#tarocchi #ombra #shadowwork #mistero #karma",https://www.luxseetarot.com/tarocchi-gratis.html
581,pin-581-veleno-dolce.png,Lettura Tarocchi Gratis,Veleno dolce,"L’ombra non è il nemico. È la stanza dove la verità aspetta — con rispetto, senza forzature.

#tarocchi #ombra #shadowwork #mistero #karma",https://www.luxseetarot.com/tarocchi-gratis.html
582,pin-582-confine-oscuro.png,Lettura Tarocchi Gratis,Confine oscuro,"L’ombra non è il nemico. È la stanza dove la verità aspetta — con rispetto, senza forzature.

#tarocchi #ombra #shadowwork #mistero #karma",https://www.luxseetarot.com/tarocchi-gratis.html
583,pin-583-eco-karmica.png,Lettura Tarocchi Gratis,Eco karmica,"L’ombra non è il nemico. È la stanza dove la verità aspetta — con rispetto, senza forzature.

#tarocchi #ombra #shadowwork #mistero #karma",https://www.luxseetarot.com/tarocchi-gratis.html
584,pin-584-ripeti-il-pattern.png,Lettura Tarocchi Gratis,Ripeti il pattern,"L’ombra non è il nemico. È la stanza dove la verità aspetta — con rispetto, senza forzature.

#tarocchi #ombra #shadowwork #mistero #karma",https://www.luxseetarot.com/tarocchi-gratis.html
585,pin-585-catena-soft.png,Lettura Tarocchi Gratis,Catena soft,"L’ombra non è il nemico. È la stanza dove la verità aspetta — con rispetto, senza forzature.

#tarocchi #ombra #shadowwork #mistero #karma",https://www.luxseetarot.com/tarocchi-gratis.html
586,pin-586-oracolo-d-ombra.png,Lettura Tarocchi Gratis,Oracolo d’ombra,"L’ombra non è il nemico. È la stanza dove la verità aspetta — con rispetto, senza forzature.

#tarocchi #ombra #shadowwork #mistero #karma",https://www.luxseetarot.com/tarocchi-gratis.html
587,pin-587-pozione-amara.png,Lettura Tarocchi Gratis,Pozione amara,"L’ombra non è il nemico. È la stanza dove la verità aspetta — con rispetto, senza forzature.

#tarocchi #ombra #shadowwork #mistero #karma",https://www.luxseetarot.com/tarocchi-gratis.html
588,pin-588-santuario-nero.png,Lettura Tarocchi Gratis,Santuario nero,"L’ombra non è il nemico. È la stanza dove la verità aspetta — con rispetto, senza forzature.

#tarocchi #ombra #shadowwork #mistero #karma",https://www.luxseetarot.com/tarocchi-gratis.html
589,pin-589-manto-notturno.png,Lettura Tarocchi Gratis,Manto notturno,"L’ombra non è il nemico. È la stanza dove la verità aspetta — con rispetto, senza forzature.

#tarocchi #ombra #shadowwork #mistero #karma",https://www.luxseetarot.com/tarocchi-gratis.html
590,pin-590-chiave-di-ferro.png,Lettura Tarocchi Gratis,Chiave di ferro,"L’ombra non è il nemico. È la stanza dove la verità aspetta — con rispetto, senza forzature.

#tarocchi #ombra #shadowwork #mistero #karma",https://www.luxseetarot.com/tarocchi-gratis.html
591,pin-591-rovo-utile.png,Lettura Tarocchi Gratis,Rovo utile,"L’ombra non è il nemico. È la stanza dove la verità aspetta — con rispetto, senza forzature.

#tarocchi #ombra #shadowwork #mistero #karma",https://www.luxseetarot.com/tarocchi-gratis.html
592,pin-592-canto-basso.png,Lettura Tarocchi Gratis,Canto basso,"L’ombra non è il nemico. È la stanza dove la verità aspetta — con rispetto, senza forzature.

#tarocchi #ombra #shadowwork #mistero #karma",https://www.luxseetarot.com/tarocchi-gratis.html
593,pin-593-cenacolo-d-ombra.png,Lettura Tarocchi Gratis,Cenacolo d’ombra,"L’ombra non è il nemico. È la stanza dove la verità aspetta — con rispetto, senza forzature.

#tarocchi #ombra #shadowwork #mistero #karma",https://www.luxseetarot.com/tarocchi-gratis.html
594,pin-594-libro-proibito.png,Lettura Tarocchi Gratis,Libro proibito,"L’ombra non è il nemico. È la stanza dove la verità aspetta — con rispetto, senza forzature.

#tarocchi #ombra #shadowwork #mistero #karma",https://www.luxseetarot.com/tarocchi-gratis.html
595,pin-595-incantesimo-vero.png,Lettura Tarocchi Gratis,Incantesimo vero,"L’ombra non è il nemico. È la stanza dove la verità aspetta — con rispetto, senza forzature.

#tarocchi #ombra #shadowwork #mistero #karma",https://www.luxseetarot.com/tarocchi-gratis.html
596,pin-596-cerchio-di-sale.png,Lettura Tarocchi Gratis,Cerchio di sale,"L’ombra non è il nemico. È la stanza dove la verità aspetta — con rispetto, senza forzature.

#tarocchi #ombra #shadowwork #mistero #karma",https://www.luxseetarot.com/tarocchi-gratis.html
597,pin-597-fato-che-piega.png,Lettura Tarocchi Gratis,Fato che piega,"L’ombra non è il nemico. È la stanza dove la verità aspetta — con rispetto, senza forzature.

#tarocchi #ombra #shadowwork #mistero #karma",https://www.luxseetarot.com/tarocchi-gratis.html
598,pin-598-ruota-che-gira.png,Lettura Tarocchi Gratis,Ruota che gira,"L’ombra non è il nemico. È la stanza dove la verità aspetta — con rispetto, senza forzature.

#tarocchi #ombra #shadowwork #mistero #karma",https://www.luxseetarot.com/tarocchi-gratis.html
599,pin-599-semina-oscura.png,Lettura Tarocchi Gratis,Semina oscura,"L’ombra non è il nemico. È la stanza dove la verità aspetta — con rispetto, senza forzature.

#tarocchi #ombra #shadowwork #mistero #karma",https://www.luxseetarot.com/tarocchi-gratis.html
600,pin-600-teschio-soft.png,Lettura Tarocchi Gratis,Teschio soft,"L’ombra non è il nemico. È la stanza dove la verità aspetta — con rispetto, senza forzature.

#tarocchi #ombra #shadowwork #mistero #karma",https://www.luxseetarot.com/tarocchi-gratis.html
601,pin-601-velluto-nero.png,Lettura Tarocchi Gratis,Velluto nero,"L’ombra non è il nemico. È la stanza dove la verità aspetta — con rispetto, senza forzature.

#tarocchi #ombra #shadowwork #mistero #karma",https://www.luxseetarot.com/tarocchi-gratis.html
602,pin-602-lanterna-minima.png,Lettura Tarocchi Gratis,Lanterna minima,"L’ombra non è il nemico. È la stanza dove la verità aspetta — con rispetto, senza forzature.

#tarocchi #ombra #shadowwork #mistero #karma",https://www.luxseetarot.com/tarocchi-gratis.html
603,pin-603-corridoio-buio.png,Lettura Tarocchi Gratis,Corridoio buio,"L’ombra non è il nemico. È la stanza dove la verità aspetta — con rispetto, senza forzature.

#tarocchi #ombra #shadowwork #mistero #karma",https://www.luxseetarot.com/tarocchi-gratis.html
604,pin-604-soglia-strega.png,Lettura Tarocchi Gratis,Soglia strega,"L’ombra non è il nemico. È la stanza dove la verità aspetta — con rispetto, senza forzature.

#tarocchi #ombra #shadowwork #mistero #karma",https://www.luxseetarot.com/tarocchi-gratis.html
605,pin-605-grimoire-emotivo.png,Lettura Tarocchi Gratis,Grimoire emotivo,"L’ombra non è il nemico. È la stanza dove la verità aspetta — con rispetto, senza forzature.

#tarocchi #ombra #shadowwork #mistero #karma",https://www.luxseetarot.com/tarocchi-gratis.html
606,pin-606-polvere-di-stelle.png,Lettura Tarocchi Gratis,Polvere di stelle,"L’ombra non è il nemico. È la stanza dove la verità aspetta — con rispetto, senza forzature.

#tarocchi #ombra #shadowwork #mistero #karma",https://www.luxseetarot.com/tarocchi-gratis.html
607,pin-607-patto-d-ombra.png,Lettura Tarocchi Gratis,Patto d’ombra,"L’ombra non è il nemico. È la stanza dove la verità aspetta — con rispetto, senza forzature.

#tarocchi #ombra #shadowwork #mistero #karma",https://www.luxseetarot.com/tarocchi-gratis.html
608,pin-608-fendente-gentile.png,Lettura Tarocchi Gratis,Fendente gentile,"L’ombra non è il nemico. È la stanza dove la verità aspetta — con rispetto, senza forzature.

#tarocchi #ombra #shadowwork #mistero #karma",https://www.luxseetarot.com/tarocchi-gratis.html
609,pin-609-culla-del-buio.png,Lettura Tarocchi Gratis,Culla del buio,"L’ombra non è il nemico. È la stanza dove la verità aspetta — con rispetto, senza forzature.

#tarocchi #ombra #shadowwork #mistero #karma",https://www.luxseetarot.com/tarocchi-gratis.html
610,pin-610-rito-di-chiusura.png,Lettura Tarocchi Gratis,Rito di chiusura,"L’ombra non è il nemico. È la stanza dove la verità aspetta — con rispetto, senza forzature.

#tarocchi #ombra #shadowwork #mistero #karma",https://www.luxseetarot.com/tarocchi-gratis.html
611,pin-611-anima-bifronte.png,Lettura Tarocchi Gratis,Anima bifronte,"L’ombra non è il nemico. È la stanza dove la verità aspetta — con rispetto, senza forzature.

#tarocchi #ombra #shadowwork #mistero #karma",https://www.luxseetarot.com/tarocchi-gratis.html
612,pin-612-gelo-utile.png,Lettura Tarocchi Gratis,Gelo utile,"L’ombra non è il nemico. È la stanza dove la verità aspetta — con rispetto, senza forzature.

#tarocchi #ombra #shadowwork #mistero #karma",https://www.luxseetarot.com/tarocchi-gratis.html
613,pin-613-morso-del-karma.png,Lettura Tarocchi Gratis,Morso del karma,"L’ombra non è il nemico. È la stanza dove la verità aspetta — con rispetto, senza forzature.

#tarocchi #ombra #shadowwork #mistero #karma",https://www.luxseetarot.com/tarocchi-gratis.html
614,pin-614-labirinto-soft.png,Lettura Tarocchi Gratis,Labirinto soft,"L’ombra non è il nemico. È la stanza dove la verità aspetta — con rispetto, senza forzature.

#tarocchi #ombra #shadowwork #mistero #karma",https://www.luxseetarot.com/tarocchi-gratis.html
615,pin-615-occhio-di-nottola.png,Lettura Tarocchi Gratis,Occhio di nottola,"L’ombra non è il nemico. È la stanza dove la verità aspetta — con rispetto, senza forzature.

#tarocchi #ombra #shadowwork #mistero #karma",https://www.luxseetarot.com/tarocchi-gratis.html
616,pin-616-inchiostro-e-luna.png,Lettura Tarocchi Gratis,Inchiostro e luna,"L’ombra non è il nemico. È la stanza dove la verità aspetta — con rispetto, senza forzature.

#tarocchi #ombra #shadowwork #mistero #karma",https://www.luxseetarot.com/tarocchi-gratis.html
617,pin-617-cripta-aperta.png,Lettura Tarocchi Gratis,Cripta aperta,"L’ombra non è il nemico. È la stanza dove la verità aspetta — con rispetto, senza forzature.

#tarocchi #ombra #shadowwork #mistero #karma",https://www.luxseetarot.com/tarocchi-gratis.html
618,pin-618-voto-silenzioso.png,Lettura Tarocchi Gratis,Voto silenzioso,"L’ombra non è il nemico. È la stanza dove la verità aspetta — con rispetto, senza forzature.

#tarocchi #ombra #shadowwork #mistero #karma",https://www.luxseetarot.com/tarocchi-gratis.html
619,pin-619-cenere-calda.png,Lettura Tarocchi Gratis,Cenere calda,"L’ombra non è il nemico. È la stanza dove la verità aspetta — con rispetto, senza forzature.

#tarocchi #ombra #shadowwork #mistero #karma",https://www.luxseetarot.com/tarocchi-gratis.html
620,pin-620-sogno-nero.png,Lettura Tarocchi Gratis,Sogno nero,"L’ombra non è il nemico. È la stanza dove la verità aspetta — con rispetto, senza forzature.

#tarocchi #ombra #shadowwork #mistero #karma",https://www.luxseetarot.com/tarocchi-gratis.html
621,pin-621-porta-sigillata.png,Lettura Tarocchi Gratis,Porta sigillata,"L’ombra non è il nemico. È la stanza dove la verità aspetta — con rispetto, senza forzature.

#tarocchi #ombra #shadowwork #mistero #karma",https://www.luxseetarot.com/tarocchi-gratis.html
622,pin-622-ombra-alleata.png,Lettura Tarocchi Gratis,Ombra alleata,"L’ombra non è il nemico. È la stanza dove la verità aspetta — con rispetto, senza forzature.

#tarocchi #ombra #shadowwork #mistero #karma",https://www.luxseetarot.com/tarocchi-gratis.html
623,pin-623-nodo-antico.png,Lettura Tarocchi Gratis,Nodo antico,"L’ombra non è il nemico. È la stanza dove la verità aspetta — con rispetto, senza forzature.

#tarocchi #ombra #shadowwork #mistero #karma",https://www.luxseetarot.com/tarocchi-gratis.html
624,pin-624-mistero-fertile.png,Lettura Tarocchi Gratis,Mistero fertile,"L’ombra non è il nemico. È la stanza dove la verità aspetta — con rispetto, senza forzature.

#tarocchi #ombra #shadowwork #mistero #karma",https://www.luxseetarot.com/tarocchi-gratis.html
625,pin-625-calice-nero.png,Lettura Tarocchi Gratis,Calice nero,"L’ombra non è il nemico. È la stanza dove la verità aspetta — con rispetto, senza forzature.

#tarocchi #ombra #shadowwork #mistero #karma",https://www.luxseetarot.com/tarocchi-gratis.html
626,pin-626-spada-di-notte.png,Lettura Tarocchi Gratis,Spada di notte,"L’ombra non è il nemico. È la stanza dove la verità aspetta — con rispetto, senza forzature.

#tarocchi #ombra #shadowwork #mistero #karma",https://www.luxseetarot.com/tarocchi-gratis.html
627,pin-627-bastone-d-ombra.png,Lettura Tarocchi Gratis,Bastone d’ombra,"L’ombra non è il nemico. È la stanza dove la verità aspetta — con rispetto, senza forzature.

#tarocchi #ombra #shadowwork #mistero #karma",https://www.luxseetarot.com/tarocchi-gratis.html
628,pin-628-denaro-oscuro.png,Lettura Tarocchi Gratis,Denaro oscuro,"L’ombra non è il nemico. È la stanza dove la verità aspetta — con rispetto, senza forzature.

#tarocchi #ombra #shadowwork #mistero #karma",https://www.luxseetarot.com/tarocchi-gratis.html
629,pin-629-corvo-interiore.png,Lettura Tarocchi Gratis,Corvo interiore,"L’ombra non è il nemico. È la stanza dove la verità aspetta — con rispetto, senza forzature.

#tarocchi #ombra #shadowwork #mistero #karma",https://www.luxseetarot.com/tarocchi-gratis.html
630,pin-630-neve-nera.png,Lettura Tarocchi Gratis,Neve nera,"L’ombra non è il nemico. È la stanza dove la verità aspetta — con rispetto, senza forzature.

#tarocchi #ombra #shadowwork #mistero #karma",https://www.luxseetarot.com/tarocchi-gratis.html
631,pin-631-tempio-vuoto.png,Lettura Tarocchi Gratis,Tempio vuoto,"L’ombra non è il nemico. È la stanza dove la verità aspetta — con rispetto, senza forzature.

#tarocchi #ombra #shadowwork #mistero #karma",https://www.luxseetarot.com/tarocchi-gratis.html
632,pin-632-sigillo-rotto.png,Lettura Tarocchi Gratis,Sigillo rotto,"L’ombra non è il nemico. È la stanza dove la verità aspetta — con rispetto, senza forzature.

#tarocchi #ombra #shadowwork #mistero #karma",https://www.luxseetarot.com/tarocchi-gratis.html
633,pin-633-eco-nel-pozzo.png,Lettura Tarocchi Gratis,Eco nel pozzo,"L’ombra non è il nemico. È la stanza dove la verità aspetta — con rispetto, senza forzature.

#tarocchi #ombra #shadowwork #mistero #karma",https://www.luxseetarot.com/tarocchi-gratis.html
634,pin-634-mantello-corto.png,Lettura Tarocchi Gratis,Mantello corto,"L’ombra non è il nemico. È la stanza dove la verità aspetta — con rispetto, senza forzature.

#tarocchi #ombra #shadowwork #mistero #karma",https://www.luxseetarot.com/tarocchi-gratis.html
635,pin-635-ora-strega.png,Lettura Tarocchi Gratis,Ora strega,"L’ombra non è il nemico. È la stanza dove la verità aspetta — con rispetto, senza forzature.

#tarocchi #ombra #shadowwork #mistero #karma",https://www.luxseetarot.com/tarocchi-gratis.html
636,pin-636-radice-nera.png,Lettura Tarocchi Gratis,Radice nera,"L’ombra non è il nemico. È la stanza dove la verità aspetta — con rispetto, senza forzature.

#tarocchi #ombra #shadowwork #mistero #karma",https://www.luxseetarot.com/tarocchi-gratis.html
637,pin-637-fiore-notturno.png,Lettura Tarocchi Gratis,Fiore notturno,"L’ombra non è il nemico. È la stanza dove la verità aspetta — con rispetto, senza forzature.

#tarocchi #ombra #shadowwork #mistero #karma",https://www.luxseetarot.com/tarocchi-gratis.html
638,pin-638-verita-cruda.png,Lettura Tarocchi Gratis,Verità cruda,"L’ombra non è il nemico. È la stanza dove la verità aspetta — con rispetto, senza forzature.

#tarocchi #ombra #shadowwork #mistero #karma",https://www.luxseetarot.com/tarocchi-gratis.html
639,pin-639-fine-necessaria.png,Lettura Tarocchi Gratis,Fine necessaria,"L’ombra non è il nemico. È la stanza dove la verità aspetta — con rispetto, senza forzature.

#tarocchi #ombra #shadowwork #mistero #karma",https://www.luxseetarot.com/tarocchi-gratis.html
640,pin-640-ombra-integrata.png,Lettura Tarocchi Gratis,Ombra integrata,"L’ombra non è il nemico. È la stanza dove la verità aspetta — con rispetto, senza forzature.

#tarocchi #ombra #shadowwork #mistero #karma",https://www.luxseetarot.com/tarocchi-gratis.html
641,pin-641-viaggio-del-matto.png,Tarocchi Futuro,Viaggio del Matto,"I tarocchi come mappa psicologica: lezioni, soglie e scelte — non previsioni assolute.

#tarocchi #crescita #psicologia #consapevolezza #scelte",https://www.luxseetarot.com/tarocchi-futuro.html
642,pin-642-lezione-della-carta.png,Tarocchi Futuro,Lezione della carta,"I tarocchi come mappa psicologica: lezioni, soglie e scelte — non previsioni assolute.

#tarocchi #crescita #psicologia #consapevolezza #scelte",https://www.luxseetarot.com/tarocchi-futuro.html
643,pin-643-tappa-dopo-tappa.png,Tarocchi Futuro,Tappa dopo tappa,"I tarocchi come mappa psicologica: lezioni, soglie e scelte — non previsioni assolute.

#tarocchi #crescita #psicologia #consapevolezza #scelte",https://www.luxseetarot.com/tarocchi-futuro.html
644,pin-644-matto-consapevole.png,Tarocchi Futuro,Matto consapevole,"I tarocchi come mappa psicologica: lezioni, soglie e scelte — non previsioni assolute.

#tarocchi #crescita #psicologia #consapevolezza #scelte",https://www.luxseetarot.com/tarocchi-futuro.html
645,pin-645-fine-di-un-ciclo.png,Tarocchi Futuro,Fine di un ciclo,"I tarocchi come mappa psicologica: lezioni, soglie e scelte — non previsioni assolute.

#tarocchi #crescita #psicologia #consapevolezza #scelte",https://www.luxseetarot.com/tarocchi-futuro.html
646,pin-646-morte-come-soglia.png,Tarocchi Futuro,Morte come soglia,"I tarocchi come mappa psicologica: lezioni, soglie e scelte — non previsioni assolute.

#tarocchi #crescita #psicologia #consapevolezza #scelte",https://www.luxseetarot.com/tarocchi-futuro.html
647,pin-647-trasforma-il-blocco.png,Tarocchi Futuro,Trasforma il blocco,"I tarocchi come mappa psicologica: lezioni, soglie e scelte — non previsioni assolute.

#tarocchi #crescita #psicologia #consapevolezza #scelte",https://www.luxseetarot.com/tarocchi-futuro.html
648,pin-648-guarigione-lenta.png,Tarocchi Futuro,Guarigione lenta,"I tarocchi come mappa psicologica: lezioni, soglie e scelte — non previsioni assolute.

#tarocchi #crescita #psicologia #consapevolezza #scelte",https://www.luxseetarot.com/tarocchi-futuro.html
649,pin-649-accetta-la-chiusura.png,Tarocchi Futuro,Accetta la chiusura,"I tarocchi come mappa psicologica: lezioni, soglie e scelte — non previsioni assolute.

#tarocchi #crescita #psicologia #consapevolezza #scelte",https://www.luxseetarot.com/tarocchi-futuro.html
650,pin-650-scelta-nel-presente.png,Tarocchi Futuro,Scelta nel presente,"I tarocchi come mappa psicologica: lezioni, soglie e scelte — non previsioni assolute.

#tarocchi #crescita #psicologia #consapevolezza #scelte",https://www.luxseetarot.com/tarocchi-futuro.html
651,pin-651-tarocchi-per-decidere.png,Tarocchi Futuro,Tarocchi per decidere,"I tarocchi come mappa psicologica: lezioni, soglie e scelte — non previsioni assolute.

#tarocchi #crescita #psicologia #consapevolezza #scelte",https://www.luxseetarot.com/tarocchi-futuro.html
652,pin-652-consapevolezza-prima.png,Tarocchi Futuro,Consapevolezza prima,"I tarocchi come mappa psicologica: lezioni, soglie e scelte — non previsioni assolute.

#tarocchi #crescita #psicologia #consapevolezza #scelte",https://www.luxseetarot.com/tarocchi-futuro.html
653,pin-653-blocco-mentale.png,Tarocchi Futuro,Blocco mentale,"I tarocchi come mappa psicologica: lezioni, soglie e scelte — non previsioni assolute.

#tarocchi #crescita #psicologia #consapevolezza #scelte",https://www.luxseetarot.com/tarocchi-futuro.html
654,pin-654-pattern-ripetuto.png,Tarocchi Futuro,Pattern ripetuto,"I tarocchi come mappa psicologica: lezioni, soglie e scelte — non previsioni assolute.

#tarocchi #crescita #psicologia #consapevolezza #scelte",https://www.luxseetarot.com/tarocchi-futuro.html
655,pin-655-crescita-soft.png,Tarocchi Futuro,Crescita soft,"I tarocchi come mappa psicologica: lezioni, soglie e scelte — non previsioni assolute.

#tarocchi #crescita #psicologia #consapevolezza #scelte",https://www.luxseetarot.com/tarocchi-futuro.html
656,pin-656-benessere-reale.png,Tarocchi Futuro,Benessere reale,"I tarocchi come mappa psicologica: lezioni, soglie e scelte — non previsioni assolute.

#tarocchi #crescita #psicologia #consapevolezza #scelte",https://www.luxseetarot.com/tarocchi-futuro.html
657,pin-657-psiche-e-carte.png,Tarocchi Futuro,Psiche e carte,"I tarocchi come mappa psicologica: lezioni, soglie e scelte — non previsioni assolute.

#tarocchi #crescita #psicologia #consapevolezza #scelte",https://www.luxseetarot.com/tarocchi-futuro.html
658,pin-658-lezione-amara.png,Tarocchi Futuro,Lezione amara,"I tarocchi come mappa psicologica: lezioni, soglie e scelte — non previsioni assolute.

#tarocchi #crescita #psicologia #consapevolezza #scelte",https://www.luxseetarot.com/tarocchi-futuro.html
659,pin-659-rinascita-quieta.png,Tarocchi Futuro,Rinascita quieta,"I tarocchi come mappa psicologica: lezioni, soglie e scelte — non previsioni assolute.

#tarocchi #crescita #psicologia #consapevolezza #scelte",https://www.luxseetarot.com/tarocchi-futuro.html
660,pin-660-decisione-lucida.png,Tarocchi Futuro,Decisione lucida,"I tarocchi come mappa psicologica: lezioni, soglie e scelte — non previsioni assolute.

#tarocchi #crescita #psicologia #consapevolezza #scelte",https://www.luxseetarot.com/tarocchi-futuro.html
661,pin-661-futuro-come-bussola.png,Tarocchi Futuro,Futuro come bussola,"I tarocchi come mappa psicologica: lezioni, soglie e scelte — non previsioni assolute.

#tarocchi #crescita #psicologia #consapevolezza #scelte",https://www.luxseetarot.com/tarocchi-futuro.html
662,pin-662-presente-che-conta.png,Tarocchi Futuro,Presente che conta,"I tarocchi come mappa psicologica: lezioni, soglie e scelte — non previsioni assolute.

#tarocchi #crescita #psicologia #consapevolezza #scelte",https://www.luxseetarot.com/tarocchi-futuro.html
663,pin-663-mindset-onesto.png,Tarocchi Futuro,Mindset onesto,"I tarocchi come mappa psicologica: lezioni, soglie e scelte — non previsioni assolute.

#tarocchi #crescita #psicologia #consapevolezza #scelte",https://www.luxseetarot.com/tarocchi-futuro.html
664,pin-664-confine-sano.png,Tarocchi Futuro,Confine sano,"I tarocchi come mappa psicologica: lezioni, soglie e scelte — non previsioni assolute.

#tarocchi #crescita #psicologia #consapevolezza #scelte",https://www.luxseetarot.com/tarocchi-futuro.html
665,pin-665-autoascolto-vero.png,Tarocchi Futuro,Autoascolto vero,"I tarocchi come mappa psicologica: lezioni, soglie e scelte — non previsioni assolute.

#tarocchi #crescita #psicologia #consapevolezza #scelte",https://www.luxseetarot.com/tarocchi-futuro.html
666,pin-666-trauma-soft.png,Tarocchi Futuro,Trauma soft,"I tarocchi come mappa psicologica: lezioni, soglie e scelte — non previsioni assolute.

#tarocchi #crescita #psicologia #consapevolezza #scelte",https://www.luxseetarot.com/tarocchi-futuro.html
667,pin-667-resilienza-concreta.png,Tarocchi Futuro,Resilienza concreta,"I tarocchi come mappa psicologica: lezioni, soglie e scelte — non previsioni assolute.

#tarocchi #crescita #psicologia #consapevolezza #scelte",https://www.luxseetarot.com/tarocchi-futuro.html
668,pin-668-identita-in-moto.png,Tarocchi Futuro,Identità in moto,"I tarocchi come mappa psicologica: lezioni, soglie e scelte — non previsioni assolute.

#tarocchi #crescita #psicologia #consapevolezza #scelte",https://www.luxseetarot.com/tarocchi-futuro.html
669,pin-669-ruolo-che-pesa.png,Tarocchi Futuro,Ruolo che pesa,"I tarocchi come mappa psicologica: lezioni, soglie e scelte — non previsioni assolute.

#tarocchi #crescita #psicologia #consapevolezza #scelte",https://www.luxseetarot.com/tarocchi-futuro.html
670,pin-670-valori-in-fila.png,Tarocchi Futuro,Valori in fila,"I tarocchi come mappa psicologica: lezioni, soglie e scelte — non previsioni assolute.

#tarocchi #crescita #psicologia #consapevolezza #scelte",https://www.luxseetarot.com/tarocchi-futuro.html
671,pin-671-paura-del-cambiamento.png,Tarocchi Futuro,Paura del cambiamento,"I tarocchi come mappa psicologica: lezioni, soglie e scelte — non previsioni assolute.

#tarocchi #crescita #psicologia #consapevolezza #scelte",https://www.luxseetarot.com/tarocchi-futuro.html
672,pin-672-comfort-zone.png,Tarocchi Futuro,Comfort zone,"I tarocchi come mappa psicologica: lezioni, soglie e scelte — non previsioni assolute.

#tarocchi #crescita #psicologia #consapevolezza #scelte",https://www.luxseetarot.com/tarocchi-futuro.html
673,pin-673-obiettivo-umano.png,Tarocchi Futuro,Obiettivo umano,"I tarocchi come mappa psicologica: lezioni, soglie e scelte — non previsioni assolute.

#tarocchi #crescita #psicologia #consapevolezza #scelte",https://www.luxseetarot.com/tarocchi-futuro.html
674,pin-674-fallimento-fertile.png,Tarocchi Futuro,Fallimento fertile,"I tarocchi come mappa psicologica: lezioni, soglie e scelte — non previsioni assolute.

#tarocchi #crescita #psicologia #consapevolezza #scelte",https://www.luxseetarot.com/tarocchi-futuro.html
675,pin-675-successo-quieto.png,Tarocchi Futuro,Successo quieto,"I tarocchi come mappa psicologica: lezioni, soglie e scelte — non previsioni assolute.

#tarocchi #crescita #psicologia #consapevolezza #scelte",https://www.luxseetarot.com/tarocchi-futuro.html
676,pin-676-routine-sacra.png,Tarocchi Futuro,Routine sacra,"I tarocchi come mappa psicologica: lezioni, soglie e scelte — non previsioni assolute.

#tarocchi #crescita #psicologia #consapevolezza #scelte",https://www.luxseetarot.com/tarocchi-futuro.html
677,pin-677-corpo-che-parla.png,Tarocchi Futuro,Corpo che parla,"I tarocchi come mappa psicologica: lezioni, soglie e scelte — non previsioni assolute.

#tarocchi #crescita #psicologia #consapevolezza #scelte",https://www.luxseetarot.com/tarocchi-futuro.html
678,pin-678-mente-che-gira.png,Tarocchi Futuro,Mente che gira,"I tarocchi come mappa psicologica: lezioni, soglie e scelte — non previsioni assolute.

#tarocchi #crescita #psicologia #consapevolezza #scelte",https://www.luxseetarot.com/tarocchi-futuro.html
679,pin-679-emozione-utile.png,Tarocchi Futuro,Emozione utile,"I tarocchi come mappa psicologica: lezioni, soglie e scelte — non previsioni assolute.

#tarocchi #crescita #psicologia #consapevolezza #scelte",https://www.luxseetarot.com/tarocchi-futuro.html
680,pin-680-scelta-coraggiosa.png,Tarocchi Futuro,Scelta coraggiosa,"I tarocchi come mappa psicologica: lezioni, soglie e scelte — non previsioni assolute.

#tarocchi #crescita #psicologia #consapevolezza #scelte",https://www.luxseetarot.com/tarocchi-futuro.html
681,pin-681-dubbio-sano.png,Tarocchi Futuro,Dubbio sano,"I tarocchi come mappa psicologica: lezioni, soglie e scelte — non previsioni assolute.

#tarocchi #crescita #psicologia #consapevolezza #scelte",https://www.luxseetarot.com/tarocchi-futuro.html
682,pin-682-perfezionismo.png,Tarocchi Futuro,Perfezionismo,"I tarocchi come mappa psicologica: lezioni, soglie e scelte — non previsioni assolute.

#tarocchi #crescita #psicologia #consapevolezza #scelte",https://www.luxseetarot.com/tarocchi-futuro.html
683,pin-683-procrastinazione.png,Tarocchi Futuro,Procrastinazione,"I tarocchi come mappa psicologica: lezioni, soglie e scelte — non previsioni assolute.

#tarocchi #crescita #psicologia #consapevolezza #scelte",https://www.luxseetarot.com/tarocchi-futuro.html
684,pin-684-burnout-segnale.png,Tarocchi Futuro,Burnout segnale,"I tarocchi come mappa psicologica: lezioni, soglie e scelte — non previsioni assolute.

#tarocchi #crescita #psicologia #consapevolezza #scelte",https://www.luxseetarot.com/tarocchi-futuro.html
685,pin-685-riposo-strategico.png,Tarocchi Futuro,Riposo strategico,"I tarocchi come mappa psicologica: lezioni, soglie e scelte — non previsioni assolute.

#tarocchi #crescita #psicologia #consapevolezza #scelte",https://www.luxseetarot.com/tarocchi-futuro.html
686,pin-686-focus-unico.png,Tarocchi Futuro,Focus unico,"I tarocchi come mappa psicologica: lezioni, soglie e scelte — non previsioni assolute.

#tarocchi #crescita #psicologia #consapevolezza #scelte",https://www.luxseetarot.com/tarocchi-futuro.html
687,pin-687-priorita-chiare.png,Tarocchi Futuro,Priorità chiare,"I tarocchi come mappa psicologica: lezioni, soglie e scelte — non previsioni assolute.

#tarocchi #crescita #psicologia #consapevolezza #scelte",https://www.luxseetarot.com/tarocchi-futuro.html
688,pin-688-comunicazione-onesta.png,Tarocchi Futuro,Comunicazione onesta,"I tarocchi come mappa psicologica: lezioni, soglie e scelte — non previsioni assolute.

#tarocchi #crescita #psicologia #consapevolezza #scelte",https://www.luxseetarot.com/tarocchi-futuro.html
689,pin-689-relazione-con-se.png,Tarocchi Futuro,Relazione con sé,"I tarocchi come mappa psicologica: lezioni, soglie e scelte — non previsioni assolute.

#tarocchi #crescita #psicologia #consapevolezza #scelte",https://www.luxseetarot.com/tarocchi-futuro.html
690,pin-690-autostima-quieta.png,Tarocchi Futuro,Autostima quieta,"I tarocchi come mappa psicologica: lezioni, soglie e scelte — non previsioni assolute.

#tarocchi #crescita #psicologia #consapevolezza #scelte",https://www.luxseetarot.com/tarocchi-futuro.html
691,pin-691-vergogna-sciolta.png,Tarocchi Futuro,Vergogna sciolta,"I tarocchi come mappa psicologica: lezioni, soglie e scelte — non previsioni assolute.

#tarocchi #crescita #psicologia #consapevolezza #scelte",https://www.luxseetarot.com/tarocchi-futuro.html
692,pin-692-rabbia-canalizzata.png,Tarocchi Futuro,Rabbia canalizzata,"I tarocchi come mappa psicologica: lezioni, soglie e scelte — non previsioni assolute.

#tarocchi #crescita #psicologia #consapevolezza #scelte",https://www.luxseetarot.com/tarocchi-futuro.html
693,pin-693-tristezza-attraversata.png,Tarocchi Futuro,Tristezza attraversata,"I tarocchi come mappa psicologica: lezioni, soglie e scelte — non previsioni assolute.

#tarocchi #crescita #psicologia #consapevolezza #scelte",https://www.luxseetarot.com/tarocchi-futuro.html
694,pin-694-gioia-semplice.png,Tarocchi Futuro,Gioia semplice,"I tarocchi come mappa psicologica: lezioni, soglie e scelte — non previsioni assolute.

#tarocchi #crescita #psicologia #consapevolezza #scelte",https://www.luxseetarot.com/tarocchi-futuro.html
695,pin-695-gratitudine-pratica.png,Tarocchi Futuro,Gratitudine pratica,"I tarocchi come mappa psicologica: lezioni, soglie e scelte — non previsioni assolute.

#tarocchi #crescita #psicologia #consapevolezza #scelte",https://www.luxseetarot.com/tarocchi-futuro.html
696,pin-696-perdono-utile.png,Tarocchi Futuro,Perdono utile,"I tarocchi come mappa psicologica: lezioni, soglie e scelte — non previsioni assolute.

#tarocchi #crescita #psicologia #consapevolezza #scelte",https://www.luxseetarot.com/tarocchi-futuro.html
697,pin-697-lutto-di-un-idea.png,Tarocchi Futuro,Lutto di un’idea,"I tarocchi come mappa psicologica: lezioni, soglie e scelte — non previsioni assolute.

#tarocchi #crescita #psicologia #consapevolezza #scelte",https://www.luxseetarot.com/tarocchi-futuro.html
698,pin-698-nuova-narrazione.png,Tarocchi Futuro,Nuova narrazione,"I tarocchi come mappa psicologica: lezioni, soglie e scelte — non previsioni assolute.

#tarocchi #crescita #psicologia #consapevolezza #scelte",https://www.luxseetarot.com/tarocchi-futuro.html
699,pin-699-identita-aggiornata.png,Tarocchi Futuro,Identità aggiornata,"I tarocchi come mappa psicologica: lezioni, soglie e scelte — non previsioni assolute.

#tarocchi #crescita #psicologia #consapevolezza #scelte",https://www.luxseetarot.com/tarocchi-futuro.html
700,pin-700-compito-della-fase.png,Tarocchi Futuro,Compito della fase,"I tarocchi come mappa psicologica: lezioni, soglie e scelte — non previsioni assolute.

#tarocchi #crescita #psicologia #consapevolezza #scelte",https://www.luxseetarot.com/tarocchi-futuro.html
701,pin-701-arco-del-matto.png,Tarocchi Futuro,Arco del Matto,"I tarocchi come mappa psicologica: lezioni, soglie e scelte — non previsioni assolute.

#tarocchi #crescita #psicologia #consapevolezza #scelte",https://www.luxseetarot.com/tarocchi-futuro.html
702,pin-702-torre-interiore.png,Tarocchi Futuro,Torre interiore,"I tarocchi come mappa psicologica: lezioni, soglie e scelte — non previsioni assolute.

#tarocchi #crescita #psicologia #consapevolezza #scelte",https://www.luxseetarot.com/tarocchi-futuro.html
703,pin-703-stella-dopo.png,Tarocchi Futuro,Stella dopo,"I tarocchi come mappa psicologica: lezioni, soglie e scelte — non previsioni assolute.

#tarocchi #crescita #psicologia #consapevolezza #scelte",https://www.luxseetarot.com/tarocchi-futuro.html
704,pin-704-sole-che-torna.png,Tarocchi Futuro,Sole che torna,"I tarocchi come mappa psicologica: lezioni, soglie e scelte — non previsioni assolute.

#tarocchi #crescita #psicologia #consapevolezza #scelte",https://www.luxseetarot.com/tarocchi-futuro.html
705,pin-705-giudizio-interno.png,Tarocchi Futuro,Giudizio interno,"I tarocchi come mappa psicologica: lezioni, soglie e scelte — non previsioni assolute.

#tarocchi #crescita #psicologia #consapevolezza #scelte",https://www.luxseetarot.com/tarocchi-futuro.html
706,pin-706-mondo-nuovo.png,Tarocchi Futuro,Mondo nuovo,"I tarocchi come mappa psicologica: lezioni, soglie e scelte — non previsioni assolute.

#tarocchi #crescita #psicologia #consapevolezza #scelte",https://www.luxseetarot.com/tarocchi-futuro.html
707,pin-707-eremita-utile.png,Tarocchi Futuro,Eremita utile,"I tarocchi come mappa psicologica: lezioni, soglie e scelte — non previsioni assolute.

#tarocchi #crescita #psicologia #consapevolezza #scelte",https://www.luxseetarot.com/tarocchi-futuro.html
708,pin-708-ruota-personale.png,Tarocchi Futuro,Ruota personale,"I tarocchi come mappa psicologica: lezioni, soglie e scelte — non previsioni assolute.

#tarocchi #crescita #psicologia #consapevolezza #scelte",https://www.luxseetarot.com/tarocchi-futuro.html
709,pin-709-forza-gentile.png,Tarocchi Futuro,Forza gentile,"I tarocchi come mappa psicologica: lezioni, soglie e scelte — non previsioni assolute.

#tarocchi #crescita #psicologia #consapevolezza #scelte",https://www.luxseetarot.com/tarocchi-futuro.html
710,pin-710-temperanza.png,Tarocchi Futuro,Temperanza,"I tarocchi come mappa psicologica: lezioni, soglie e scelte — non previsioni assolute.

#tarocchi #crescita #psicologia #consapevolezza #scelte",https://www.luxseetarot.com/tarocchi-futuro.html
711,pin-711-diavolo-soft.png,Tarocchi Futuro,Diavolo soft,"I tarocchi come mappa psicologica: lezioni, soglie e scelte — non previsioni assolute.

#tarocchi #crescita #psicologia #consapevolezza #scelte",https://www.luxseetarot.com/tarocchi-futuro.html
712,pin-712-appeso-che-aspetta.png,Tarocchi Futuro,Appeso che aspetta,"I tarocchi come mappa psicologica: lezioni, soglie e scelte — non previsioni assolute.

#tarocchi #crescita #psicologia #consapevolezza #scelte",https://www.luxseetarot.com/tarocchi-futuro.html
713,pin-713-imperatrice-cura.png,Tarocchi Futuro,Imperatrice cura,"I tarocchi come mappa psicologica: lezioni, soglie e scelte — non previsioni assolute.

#tarocchi #crescita #psicologia #consapevolezza #scelte",https://www.luxseetarot.com/tarocchi-futuro.html
714,pin-714-imperatore-struttura.png,Tarocchi Futuro,Imperatore struttura,"I tarocchi come mappa psicologica: lezioni, soglie e scelte — non previsioni assolute.

#tarocchi #crescita #psicologia #consapevolezza #scelte",https://www.luxseetarot.com/tarocchi-futuro.html
715,pin-715-papessa-ascolto.png,Tarocchi Futuro,Papessa ascolto,"I tarocchi come mappa psicologica: lezioni, soglie e scelte — non previsioni assolute.

#tarocchi #crescita #psicologia #consapevolezza #scelte",https://www.luxseetarot.com/tarocchi-futuro.html
716,pin-716-papa-valori.png,Tarocchi Futuro,Papa valori,"I tarocchi come mappa psicologica: lezioni, soglie e scelte — non previsioni assolute.

#tarocchi #crescita #psicologia #consapevolezza #scelte",https://www.luxseetarot.com/tarocchi-futuro.html
717,pin-717-amanti-scelta.png,Tarocchi Futuro,Amanti scelta,"I tarocchi come mappa psicologica: lezioni, soglie e scelte — non previsioni assolute.

#tarocchi #crescita #psicologia #consapevolezza #scelte",https://www.luxseetarot.com/tarocchi-futuro.html
718,pin-718-carro-direzione.png,Tarocchi Futuro,Carro direzione,"I tarocchi come mappa psicologica: lezioni, soglie e scelte — non previsioni assolute.

#tarocchi #crescita #psicologia #consapevolezza #scelte",https://www.luxseetarot.com/tarocchi-futuro.html
719,pin-719-giustizia-equilibrio.png,Tarocchi Futuro,Giustizia equilibrio,"I tarocchi come mappa psicologica: lezioni, soglie e scelte — non previsioni assolute.

#tarocchi #crescita #psicologia #consapevolezza #scelte",https://www.luxseetarot.com/tarocchi-futuro.html
720,pin-720-eremita-lampada.png,Tarocchi Futuro,Eremita lampada,"I tarocchi come mappa psicologica: lezioni, soglie e scelte — non previsioni assolute.

#tarocchi #crescita #psicologia #consapevolezza #scelte",https://www.luxseetarot.com/tarocchi-futuro.html
721,pin-721-mago-focus.png,Tarocchi Futuro,Mago focus,"I tarocchi come mappa psicologica: lezioni, soglie e scelte — non previsioni assolute.

#tarocchi #crescita #psicologia #consapevolezza #scelte",https://www.luxseetarot.com/tarocchi-futuro.html
722,pin-722-sacerdotessa.png,Tarocchi Futuro,Sacerdotessa,"I tarocchi come mappa psicologica: lezioni, soglie e scelte — non previsioni assolute.

#tarocchi #crescita #psicologia #consapevolezza #scelte",https://www.luxseetarot.com/tarocchi-futuro.html
723,pin-723-cambiamento-sano.png,Tarocchi Futuro,Cambiamento sano,"I tarocchi come mappa psicologica: lezioni, soglie e scelte — non previsioni assolute.

#tarocchi #crescita #psicologia #consapevolezza #scelte",https://www.luxseetarot.com/tarocchi-futuro.html
724,pin-724-crisi-come-porta.png,Tarocchi Futuro,Crisi come porta,"I tarocchi come mappa psicologica: lezioni, soglie e scelte — non previsioni assolute.

#tarocchi #crescita #psicologia #consapevolezza #scelte",https://www.luxseetarot.com/tarocchi-futuro.html
725,pin-725-integrazione.png,Tarocchi Futuro,Integrazione,"I tarocchi come mappa psicologica: lezioni, soglie e scelte — non previsioni assolute.

#tarocchi #crescita #psicologia #consapevolezza #scelte",https://www.luxseetarot.com/tarocchi-futuro.html
726,pin-726-adulto-interiore.png,Tarocchi Futuro,Adulto interiore,"I tarocchi come mappa psicologica: lezioni, soglie e scelte — non previsioni assolute.

#tarocchi #crescita #psicologia #consapevolezza #scelte",https://www.luxseetarot.com/tarocchi-futuro.html
727,pin-727-bambino-ferito.png,Tarocchi Futuro,Bambino ferito,"I tarocchi come mappa psicologica: lezioni, soglie e scelte — non previsioni assolute.

#tarocchi #crescita #psicologia #consapevolezza #scelte",https://www.luxseetarot.com/tarocchi-futuro.html
728,pin-728-genitore-interno.png,Tarocchi Futuro,Genitore interno,"I tarocchi come mappa psicologica: lezioni, soglie e scelte — non previsioni assolute.

#tarocchi #crescita #psicologia #consapevolezza #scelte",https://www.luxseetarot.com/tarocchi-futuro.html
729,pin-729-confini-chiari.png,Tarocchi Futuro,Confini chiari,"I tarocchi come mappa psicologica: lezioni, soglie e scelte — non previsioni assolute.

#tarocchi #crescita #psicologia #consapevolezza #scelte",https://www.luxseetarot.com/tarocchi-futuro.html
730,pin-730-dire-no.png,Tarocchi Futuro,Dire no,"I tarocchi come mappa psicologica: lezioni, soglie e scelte — non previsioni assolute.

#tarocchi #crescita #psicologia #consapevolezza #scelte",https://www.luxseetarot.com/tarocchi-futuro.html
731,pin-731-dire-si.png,Tarocchi Futuro,Dire sì,"I tarocchi come mappa psicologica: lezioni, soglie e scelte — non previsioni assolute.

#tarocchi #crescita #psicologia #consapevolezza #scelte",https://www.luxseetarot.com/tarocchi-futuro.html
732,pin-732-piano-piccolo.png,Tarocchi Futuro,Piano piccolo,"I tarocchi come mappa psicologica: lezioni, soglie e scelte — non previsioni assolute.

#tarocchi #crescita #psicologia #consapevolezza #scelte",https://www.luxseetarot.com/tarocchi-futuro.html
733,pin-733-review-della-settimana.png,Tarocchi Futuro,Review della settimana,"I tarocchi come mappa psicologica: lezioni, soglie e scelte — non previsioni assolute.

#tarocchi #crescita #psicologia #consapevolezza #scelte",https://www.luxseetarot.com/tarocchi-futuro.html
734,pin-734-check-in-emotivo.png,Tarocchi Futuro,Check-in emotivo,"I tarocchi come mappa psicologica: lezioni, soglie e scelte — non previsioni assolute.

#tarocchi #crescita #psicologia #consapevolezza #scelte",https://www.luxseetarot.com/tarocchi-futuro.html
735,pin-735-micro-vittoria.png,Tarocchi Futuro,Micro-vittoria,"I tarocchi come mappa psicologica: lezioni, soglie e scelte — non previsioni assolute.

#tarocchi #crescita #psicologia #consapevolezza #scelte",https://www.luxseetarot.com/tarocchi-futuro.html
736,pin-736-abitudine-nuova.png,Tarocchi Futuro,Abitudine nuova,"I tarocchi come mappa psicologica: lezioni, soglie e scelte — non previsioni assolute.

#tarocchi #crescita #psicologia #consapevolezza #scelte",https://www.luxseetarot.com/tarocchi-futuro.html
737,pin-737-ricominciare.png,Tarocchi Futuro,Ricominciare,"I tarocchi come mappa psicologica: lezioni, soglie e scelte — non previsioni assolute.

#tarocchi #crescita #psicologia #consapevolezza #scelte",https://www.luxseetarot.com/tarocchi-futuro.html
738,pin-738-versione-migliore.png,Tarocchi Futuro,Versione migliore,"I tarocchi come mappa psicologica: lezioni, soglie e scelte — non previsioni assolute.

#tarocchi #crescita #psicologia #consapevolezza #scelte",https://www.luxseetarot.com/tarocchi-futuro.html
739,pin-739-cammino-continuo.png,Tarocchi Futuro,Cammino continuo,"I tarocchi come mappa psicologica: lezioni, soglie e scelte — non previsioni assolute.

#tarocchi #crescita #psicologia #consapevolezza #scelte",https://www.luxseetarot.com/tarocchi-futuro.html
740,pin-740-lezione-integrata.png,Tarocchi Futuro,Lezione integrata,"I tarocchi come mappa psicologica: lezioni, soglie e scelte — non previsioni assolute.

#tarocchi #crescita #psicologia #consapevolezza #scelte",https://www.luxseetarot.com/tarocchi-futuro.html
741,pin-741-acqua-che-sente.png,Tarocchi Amore,Acqua che sente,"Semi di Coppe: emozioni, legami, intuito. Chiarezza affettiva senza forzare l’altro.

#tarocchi #coppe #amore #emozioni #acqua",https://www.luxseetarot.com/tarocchi-amore.html
742,pin-742-cuore-in-ascolto.png,Tarocchi Amore,Cuore in ascolto,"Semi di Coppe: emozioni, legami, intuito. Chiarezza affettiva senza forzare l’altro.

#tarocchi #coppe #amore #emozioni #acqua",https://www.luxseetarot.com/tarocchi-amore.html
743,pin-743-emozione-vera.png,Tarocchi Amore,Emozione vera,"Semi di Coppe: emozioni, legami, intuito. Chiarezza affettiva senza forzare l’altro.

#tarocchi #coppe #amore #emozioni #acqua",https://www.luxseetarot.com/tarocchi-amore.html
744,pin-744-relazione-onesta.png,Tarocchi Amore,Relazione onesta,"Semi di Coppe: emozioni, legami, intuito. Chiarezza affettiva senza forzare l’altro.

#tarocchi #coppe #amore #emozioni #acqua",https://www.luxseetarot.com/tarocchi-amore.html
745,pin-745-intuito-liquido.png,Tarocchi Amore,Intuito liquido,"Semi di Coppe: emozioni, legami, intuito. Chiarezza affettiva senza forzare l’altro.

#tarocchi #coppe #amore #emozioni #acqua",https://www.luxseetarot.com/tarocchi-amore.html
746,pin-746-calice-pieno.png,Tarocchi Amore,Calice pieno,"Semi di Coppe: emozioni, legami, intuito. Chiarezza affettiva senza forzare l’altro.

#tarocchi #coppe #amore #emozioni #acqua",https://www.luxseetarot.com/tarocchi-amore.html
747,pin-747-marea-del-sentimento.png,Tarocchi Amore,Marea del sentimento,"Semi di Coppe: emozioni, legami, intuito. Chiarezza affettiva senza forzare l’altro.

#tarocchi #coppe #amore #emozioni #acqua",https://www.luxseetarot.com/tarocchi-amore.html
748,pin-748-amore-senza-possesso.png,Tarocchi Amore,Amore senza possesso,"Semi di Coppe: emozioni, legami, intuito. Chiarezza affettiva senza forzare l’altro.

#tarocchi #coppe #amore #emozioni #acqua",https://www.luxseetarot.com/tarocchi-amore.html
749,pin-749-pianto-utile.png,Tarocchi Amore,Pianto utile,"Semi di Coppe: emozioni, legami, intuito. Chiarezza affettiva senza forzare l’altro.

#tarocchi #coppe #amore #emozioni #acqua",https://www.luxseetarot.com/tarocchi-amore.html
750,pin-750-tenerezza-concreta.png,Tarocchi Amore,Tenerezza concreta,"Semi di Coppe: emozioni, legami, intuito. Chiarezza affettiva senza forzare l’altro.

#tarocchi #coppe #amore #emozioni #acqua",https://www.luxseetarot.com/tarocchi-amore.html
751,pin-751-confine-affettivo.png,Tarocchi Amore,Confine affettivo,"Semi di Coppe: emozioni, legami, intuito. Chiarezza affettiva senza forzare l’altro.

#tarocchi #coppe #amore #emozioni #acqua",https://www.luxseetarot.com/tarocchi-amore.html
752,pin-752-gelosia-messaggio.png,Tarocchi Amore,Gelosia messaggio,"Semi di Coppe: emozioni, legami, intuito. Chiarezza affettiva senza forzare l’altro.

#tarocchi #coppe #amore #emozioni #acqua",https://www.luxseetarot.com/tarocchi-amore.html
753,pin-753-nostalgia-soft.png,Tarocchi Amore,Nostalgia soft,"Semi di Coppe: emozioni, legami, intuito. Chiarezza affettiva senza forzare l’altro.

#tarocchi #coppe #amore #emozioni #acqua",https://www.luxseetarot.com/tarocchi-amore.html
754,pin-754-perdono-emotivo.png,Tarocchi Amore,Perdono emotivo,"Semi di Coppe: emozioni, legami, intuito. Chiarezza affettiva senza forzare l’altro.

#tarocchi #coppe #amore #emozioni #acqua",https://www.luxseetarot.com/tarocchi-amore.html
755,pin-755-bisogno-nominato.png,Tarocchi Amore,Bisogno nominato,"Semi di Coppe: emozioni, legami, intuito. Chiarezza affettiva senza forzare l’altro.

#tarocchi #coppe #amore #emozioni #acqua",https://www.luxseetarot.com/tarocchi-amore.html
756,pin-756-coppa-rovesciata.png,Tarocchi Amore,Coppa rovesciata,"Semi di Coppe: emozioni, legami, intuito. Chiarezza affettiva senza forzare l’altro.

#tarocchi #coppe #amore #emozioni #acqua",https://www.luxseetarot.com/tarocchi-amore.html
757,pin-757-fiume-interiore.png,Tarocchi Amore,Fiume interiore,"Semi di Coppe: emozioni, legami, intuito. Chiarezza affettiva senza forzare l’altro.

#tarocchi #coppe #amore #emozioni #acqua",https://www.luxseetarot.com/tarocchi-amore.html
758,pin-758-profondita-vera.png,Tarocchi Amore,Profondità vera,"Semi di Coppe: emozioni, legami, intuito. Chiarezza affettiva senza forzare l’altro.

#tarocchi #coppe #amore #emozioni #acqua",https://www.luxseetarot.com/tarocchi-amore.html
759,pin-759-legame-sottile.png,Tarocchi Amore,Legame sottile,"Semi di Coppe: emozioni, legami, intuito. Chiarezza affettiva senza forzare l’altro.

#tarocchi #coppe #amore #emozioni #acqua",https://www.luxseetarot.com/tarocchi-amore.html
760,pin-760-silenzio-a-due.png,Tarocchi Amore,Silenzio a due,"Semi di Coppe: emozioni, legami, intuito. Chiarezza affettiva senza forzare l’altro.

#tarocchi #coppe #amore #emozioni #acqua",https://www.luxseetarot.com/tarocchi-amore.html
761,pin-761-riconciliazione.png,Tarocchi Amore,Riconciliazione,"Semi di Coppe: emozioni, legami, intuito. Chiarezza affettiva senza forzare l’altro.

#tarocchi #coppe #amore #emozioni #acqua",https://www.luxseetarot.com/tarocchi-amore.html
762,pin-762-distanza-sana.png,Tarocchi Amore,Distanza sana,"Semi di Coppe: emozioni, legami, intuito. Chiarezza affettiva senza forzare l’altro.

#tarocchi #coppe #amore #emozioni #acqua",https://www.luxseetarot.com/tarocchi-amore.html
763,pin-763-presenza-affettiva.png,Tarocchi Amore,Presenza affettiva,"Semi di Coppe: emozioni, legami, intuito. Chiarezza affettiva senza forzare l’altro.

#tarocchi #coppe #amore #emozioni #acqua",https://www.luxseetarot.com/tarocchi-amore.html
764,pin-764-sogno-di-coppia.png,Tarocchi Amore,Sogno di coppia,"Semi di Coppe: emozioni, legami, intuito. Chiarezza affettiva senza forzare l’altro.

#tarocchi #coppe #amore #emozioni #acqua",https://www.luxseetarot.com/tarocchi-amore.html
765,pin-765-cuore-e-corpo.png,Tarocchi Amore,Cuore e corpo,"Semi di Coppe: emozioni, legami, intuito. Chiarezza affettiva senza forzare l’altro.

#tarocchi #coppe #amore #emozioni #acqua",https://www.luxseetarot.com/tarocchi-amore.html
766,pin-766-fuoco-che-chiama.png,Tarocchi Lavoro,Fuoco che chiama,"Semi di Bastoni: fuoco, passione, iniziativa. Muovere energia senza bruciare tutto.

#tarocchi #bastoni #passione #creatività #fuoco",https://www.luxseetarot.com/tarocchi-lavoro.html
767,pin-767-scintilla-creativa.png,Tarocchi Lavoro,Scintilla creativa,"Semi di Bastoni: fuoco, passione, iniziativa. Muovere energia senza bruciare tutto.

#tarocchi #bastoni #passione #creatività #fuoco",https://www.luxseetarot.com/tarocchi-lavoro.html
768,pin-768-passione-utile.png,Tarocchi Lavoro,Passione utile,"Semi di Bastoni: fuoco, passione, iniziativa. Muovere energia senza bruciare tutto.

#tarocchi #bastoni #passione #creatività #fuoco",https://www.luxseetarot.com/tarocchi-lavoro.html
769,pin-769-ambizione-soft.png,Tarocchi Lavoro,Ambizione soft,"Semi di Bastoni: fuoco, passione, iniziativa. Muovere energia senza bruciare tutto.

#tarocchi #bastoni #passione #creatività #fuoco",https://www.luxseetarot.com/tarocchi-lavoro.html
770,pin-770-carriera-viva.png,Tarocchi Lavoro,Carriera viva,"Semi di Bastoni: fuoco, passione, iniziativa. Muovere energia senza bruciare tutto.

#tarocchi #bastoni #passione #creatività #fuoco",https://www.luxseetarot.com/tarocchi-lavoro.html
771,pin-771-progetto-acceso.png,Tarocchi Lavoro,Progetto acceso,"Semi di Bastoni: fuoco, passione, iniziativa. Muovere energia senza bruciare tutto.

#tarocchi #bastoni #passione #creatività #fuoco",https://www.luxseetarot.com/tarocchi-lavoro.html
772,pin-772-energia-sparsa.png,Tarocchi Lavoro,Energia sparsa,"Semi di Bastoni: fuoco, passione, iniziativa. Muovere energia senza bruciare tutto.

#tarocchi #bastoni #passione #creatività #fuoco",https://www.luxseetarot.com/tarocchi-lavoro.html
773,pin-773-rabbia-creativa.png,Tarocchi Lavoro,Rabbia creativa,"Semi di Bastoni: fuoco, passione, iniziativa. Muovere energia senza bruciare tutto.

#tarocchi #bastoni #passione #creatività #fuoco",https://www.luxseetarot.com/tarocchi-lavoro.html
774,pin-774-impulso-vero.png,Tarocchi Lavoro,Impulso vero,"Semi di Bastoni: fuoco, passione, iniziativa. Muovere energia senza bruciare tutto.

#tarocchi #bastoni #passione #creatività #fuoco",https://www.luxseetarot.com/tarocchi-lavoro.html
775,pin-775-bastone-in-mano.png,Tarocchi Lavoro,Bastone in mano,"Semi di Bastoni: fuoco, passione, iniziativa. Muovere energia senza bruciare tutto.

#tarocchi #bastoni #passione #creatività #fuoco",https://www.luxseetarot.com/tarocchi-lavoro.html
776,pin-776-fiamma-piccola.png,Tarocchi Lavoro,Fiamma piccola,"Semi di Bastoni: fuoco, passione, iniziativa. Muovere energia senza bruciare tutto.

#tarocchi #bastoni #passione #creatività #fuoco",https://www.luxseetarot.com/tarocchi-lavoro.html
777,pin-777-coraggio-quotidiano.png,Tarocchi Lavoro,Coraggio quotidiano,"Semi di Bastoni: fuoco, passione, iniziativa. Muovere energia senza bruciare tutto.

#tarocchi #bastoni #passione #creatività #fuoco",https://www.luxseetarot.com/tarocchi-lavoro.html
778,pin-778-vision-chiara.png,Tarocchi Lavoro,Vision chiara,"Semi di Bastoni: fuoco, passione, iniziativa. Muovere energia senza bruciare tutto.

#tarocchi #bastoni #passione #creatività #fuoco",https://www.luxseetarot.com/tarocchi-lavoro.html
779,pin-779-team-difficile.png,Tarocchi Lavoro,Team difficile,"Semi di Bastoni: fuoco, passione, iniziativa. Muovere energia senza bruciare tutto.

#tarocchi #bastoni #passione #creatività #fuoco",https://www.luxseetarot.com/tarocchi-lavoro.html
780,pin-780-leadership-gentile.png,Tarocchi Lavoro,Leadership gentile,"Semi di Bastoni: fuoco, passione, iniziativa. Muovere energia senza bruciare tutto.

#tarocchi #bastoni #passione #creatività #fuoco",https://www.luxseetarot.com/tarocchi-lavoro.html
781,pin-781-burnout-di-fuoco.png,Tarocchi Lavoro,Burnout di fuoco,"Semi di Bastoni: fuoco, passione, iniziativa. Muovere energia senza bruciare tutto.

#tarocchi #bastoni #passione #creatività #fuoco",https://www.luxseetarot.com/tarocchi-lavoro.html
782,pin-782-idee-in-eccesso.png,Tarocchi Lavoro,Idee in eccesso,"Semi di Bastoni: fuoco, passione, iniziativa. Muovere energia senza bruciare tutto.

#tarocchi #bastoni #passione #creatività #fuoco",https://www.luxseetarot.com/tarocchi-lavoro.html
783,pin-783-motivazione-vera.png,Tarocchi Lavoro,Motivazione vera,"Semi di Bastoni: fuoco, passione, iniziativa. Muovere energia senza bruciare tutto.

#tarocchi #bastoni #passione #creatività #fuoco",https://www.luxseetarot.com/tarocchi-lavoro.html
784,pin-784-competizione-sana.png,Tarocchi Lavoro,Competizione sana,"Semi di Bastoni: fuoco, passione, iniziativa. Muovere energia senza bruciare tutto.

#tarocchi #bastoni #passione #creatività #fuoco",https://www.luxseetarot.com/tarocchi-lavoro.html
785,pin-785-rischio-calcolato.png,Tarocchi Lavoro,Rischio calcolato,"Semi di Bastoni: fuoco, passione, iniziativa. Muovere energia senza bruciare tutto.

#tarocchi #bastoni #passione #creatività #fuoco",https://www.luxseetarot.com/tarocchi-lavoro.html
786,pin-786-avvio-ritardato.png,Tarocchi Lavoro,Avvio ritardato,"Semi di Bastoni: fuoco, passione, iniziativa. Muovere energia senza bruciare tutto.

#tarocchi #bastoni #passione #creatività #fuoco",https://www.luxseetarot.com/tarocchi-lavoro.html
787,pin-787-creativita-bloccata.png,Tarocchi Lavoro,Creatività bloccata,"Semi di Bastoni: fuoco, passione, iniziativa. Muovere energia senza bruciare tutto.

#tarocchi #bastoni #passione #creatività #fuoco",https://www.luxseetarot.com/tarocchi-lavoro.html
788,pin-788-missione-personale.png,Tarocchi Lavoro,Missione personale,"Semi di Bastoni: fuoco, passione, iniziativa. Muovere energia senza bruciare tutto.

#tarocchi #bastoni #passione #creatività #fuoco",https://www.luxseetarot.com/tarocchi-lavoro.html
789,pin-789-entusiasmo-fragile.png,Tarocchi Lavoro,Entusiasmo fragile,"Semi di Bastoni: fuoco, passione, iniziativa. Muovere energia senza bruciare tutto.

#tarocchi #bastoni #passione #creatività #fuoco",https://www.luxseetarot.com/tarocchi-lavoro.html
790,pin-790-azione-dopo-respiro.png,Tarocchi Lavoro,Azione dopo respiro,"Semi di Bastoni: fuoco, passione, iniziativa. Muovere energia senza bruciare tutto.

#tarocchi #bastoni #passione #creatività #fuoco",https://www.luxseetarot.com/tarocchi-lavoro.html
791,pin-791-verita-che-taglia.png,Come Fare una Domanda ai Tarocchi,Verità che taglia,"Semi di Spade: aria, mente, verità. Chiarezza anche quando taglia — con rispetto.

#tarocchi #spade #mente #verità #chiarezza",https://www.luxseetarot.com/blog/come-fare-una-domanda-ai-tarocchi
792,pin-792-mente-troppo-piena.png,Come Fare una Domanda ai Tarocchi,Mente troppo piena,"Semi di Spade: aria, mente, verità. Chiarezza anche quando taglia — con rispetto.

#tarocchi #spade #mente #verità #chiarezza",https://www.luxseetarot.com/blog/come-fare-una-domanda-ai-tarocchi
793,pin-793-conflitto-chiaro.png,Come Fare una Domanda ai Tarocchi,Conflitto chiaro,"Semi di Spade: aria, mente, verità. Chiarezza anche quando taglia — con rispetto.

#tarocchi #spade #mente #verità #chiarezza",https://www.luxseetarot.com/blog/come-fare-una-domanda-ai-tarocchi
794,pin-794-pensiero-tagliente.png,Come Fare una Domanda ai Tarocchi,Pensiero tagliente,"Semi di Spade: aria, mente, verità. Chiarezza anche quando taglia — con rispetto.

#tarocchi #spade #mente #verità #chiarezza",https://www.luxseetarot.com/blog/come-fare-una-domanda-ai-tarocchi
795,pin-795-chiarezza-mentale.png,Come Fare una Domanda ai Tarocchi,Chiarezza mentale,"Semi di Spade: aria, mente, verità. Chiarezza anche quando taglia — con rispetto.

#tarocchi #spade #mente #verità #chiarezza",https://www.luxseetarot.com/blog/come-fare-una-domanda-ai-tarocchi
796,pin-796-decisione-logica.png,Come Fare una Domanda ai Tarocchi,Decisione logica,"Semi di Spade: aria, mente, verità. Chiarezza anche quando taglia — con rispetto.

#tarocchi #spade #mente #verità #chiarezza",https://www.luxseetarot.com/blog/come-fare-una-domanda-ai-tarocchi
797,pin-797-ansia-di-pensiero.png,Come Fare una Domanda ai Tarocchi,Ansia di pensiero,"Semi di Spade: aria, mente, verità. Chiarezza anche quando taglia — con rispetto.

#tarocchi #spade #mente #verità #chiarezza",https://www.luxseetarot.com/blog/come-fare-una-domanda-ai-tarocchi
798,pin-798-parola-giusta.png,Come Fare una Domanda ai Tarocchi,Parola giusta,"Semi di Spade: aria, mente, verità. Chiarezza anche quando taglia — con rispetto.

#tarocchi #spade #mente #verità #chiarezza",https://www.luxseetarot.com/blog/come-fare-una-domanda-ai-tarocchi
799,pin-799-bugia-soft.png,Come Fare una Domanda ai Tarocchi,Bugia soft,"Semi di Spade: aria, mente, verità. Chiarezza anche quando taglia — con rispetto.

#tarocchi #spade #mente #verità #chiarezza",https://www.luxseetarot.com/blog/come-fare-una-domanda-ai-tarocchi
800,pin-800-confine-verbale.png,Come Fare una Domanda ai Tarocchi,Confine verbale,"Semi di Spade: aria, mente, verità. Chiarezza anche quando taglia — con rispetto.

#tarocchi #spade #mente #verità #chiarezza",https://www.luxseetarot.com/blog/come-fare-una-domanda-ai-tarocchi
801,pin-801-analisi-infinita.png,Come Fare una Domanda ai Tarocchi,Analisi infinita,"Semi di Spade: aria, mente, verità. Chiarezza anche quando taglia — con rispetto.

#tarocchi #spade #mente #verità #chiarezza",https://www.luxseetarot.com/blog/come-fare-una-domanda-ai-tarocchi
802,pin-802-dubbio-mentale.png,Come Fare una Domanda ai Tarocchi,Dubbio mentale,"Semi di Spade: aria, mente, verità. Chiarezza anche quando taglia — con rispetto.

#tarocchi #spade #mente #verità #chiarezza",https://www.luxseetarot.com/blog/come-fare-una-domanda-ai-tarocchi
803,pin-803-spada-abbassata.png,Come Fare una Domanda ai Tarocchi,Spada abbassata,"Semi di Spade: aria, mente, verità. Chiarezza anche quando taglia — con rispetto.

#tarocchi #spade #mente #verità #chiarezza",https://www.luxseetarot.com/blog/come-fare-una-domanda-ai-tarocchi
804,pin-804-critica-utile.png,Come Fare una Domanda ai Tarocchi,Critica utile,"Semi di Spade: aria, mente, verità. Chiarezza anche quando taglia — con rispetto.

#tarocchi #spade #mente #verità #chiarezza",https://www.luxseetarot.com/blog/come-fare-una-domanda-ai-tarocchi
805,pin-805-focus-chirurgico.png,Come Fare una Domanda ai Tarocchi,Focus chirurgico,"Semi di Spade: aria, mente, verità. Chiarezza anche quando taglia — con rispetto.

#tarocchi #spade #mente #verità #chiarezza",https://www.luxseetarot.com/blog/come-fare-una-domanda-ai-tarocchi
806,pin-806-notte-insonne.png,Come Fare una Domanda ai Tarocchi,Notte insonne,"Semi di Spade: aria, mente, verità. Chiarezza anche quando taglia — con rispetto.

#tarocchi #spade #mente #verità #chiarezza",https://www.luxseetarot.com/blog/come-fare-una-domanda-ai-tarocchi
807,pin-807-dialogo-difficile.png,Come Fare una Domanda ai Tarocchi,Dialogo difficile,"Semi di Spade: aria, mente, verità. Chiarezza anche quando taglia — con rispetto.

#tarocchi #spade #mente #verità #chiarezza",https://www.luxseetarot.com/blog/come-fare-una-domanda-ai-tarocchi
808,pin-808-ideale-vs-reale.png,Come Fare una Domanda ai Tarocchi,Ideale vs reale,"Semi di Spade: aria, mente, verità. Chiarezza anche quando taglia — con rispetto.

#tarocchi #spade #mente #verità #chiarezza",https://www.luxseetarot.com/blog/come-fare-una-domanda-ai-tarocchi
809,pin-809-critica-a-te-stesso.png,Come Fare una Domanda ai Tarocchi,Critica a te stesso,"Semi di Spade: aria, mente, verità. Chiarezza anche quando taglia — con rispetto.

#tarocchi #spade #mente #verità #chiarezza",https://www.luxseetarot.com/blog/come-fare-una-domanda-ai-tarocchi
810,pin-810-fatto-contro-storia.png,Come Fare una Domanda ai Tarocchi,Fatto contro storia,"Semi di Spade: aria, mente, verità. Chiarezza anche quando taglia — con rispetto.

#tarocchi #spade #mente #verità #chiarezza",https://www.luxseetarot.com/blog/come-fare-una-domanda-ai-tarocchi
811,pin-811-chiarezza-dolorosa.png,Come Fare una Domanda ai Tarocchi,Chiarezza dolorosa,"Semi di Spade: aria, mente, verità. Chiarezza anche quando taglia — con rispetto.

#tarocchi #spade #mente #verità #chiarezza",https://www.luxseetarot.com/blog/come-fare-una-domanda-ai-tarocchi
812,pin-812-mente-alleata.png,Come Fare una Domanda ai Tarocchi,Mente alleata,"Semi di Spade: aria, mente, verità. Chiarezza anche quando taglia — con rispetto.

#tarocchi #spade #mente #verità #chiarezza",https://www.luxseetarot.com/blog/come-fare-una-domanda-ai-tarocchi
813,pin-813-taglio-necessario.png,Come Fare una Domanda ai Tarocchi,Taglio necessario,"Semi di Spade: aria, mente, verità. Chiarezza anche quando taglia — con rispetto.

#tarocchi #spade #mente #verità #chiarezza",https://www.luxseetarot.com/blog/come-fare-una-domanda-ai-tarocchi
814,pin-814-strategia-quieta.png,Come Fare una Domanda ai Tarocchi,Strategia quieta,"Semi di Spade: aria, mente, verità. Chiarezza anche quando taglia — con rispetto.

#tarocchi #spade #mente #verità #chiarezza",https://www.luxseetarot.com/blog/come-fare-una-domanda-ai-tarocchi
815,pin-815-aria-pulita.png,Come Fare una Domanda ai Tarocchi,Aria pulita,"Semi di Spade: aria, mente, verità. Chiarezza anche quando taglia — con rispetto.

#tarocchi #spade #mente #verità #chiarezza",https://www.luxseetarot.com/blog/come-fare-una-domanda-ai-tarocchi
816,pin-816-terra-sotto-i-piedi.png,Tarocchi Lavoro,Terra sotto i piedi,"Semi di Denari: terra, corpo, risorse. Stabilità e abbondanza senza ansia performativa.

#tarocchi #denari #soldi #stabilità #terra",https://www.luxseetarot.com/tarocchi-lavoro.html
817,pin-817-soldi-e-senso.png,Tarocchi Lavoro,Soldi e senso,"Semi di Denari: terra, corpo, risorse. Stabilità e abbondanza senza ansia performativa.

#tarocchi #denari #soldi #stabilità #terra",https://www.luxseetarot.com/tarocchi-lavoro.html
818,pin-818-corpo-che-chiede.png,Tarocchi Lavoro,Corpo che chiede,"Semi di Denari: terra, corpo, risorse. Stabilità e abbondanza senza ansia performativa.

#tarocchi #denari #soldi #stabilità #terra",https://www.luxseetarot.com/tarocchi-lavoro.html
819,pin-819-casa-come-nido.png,Tarocchi Lavoro,Casa come nido,"Semi di Denari: terra, corpo, risorse. Stabilità e abbondanza senza ansia performativa.

#tarocchi #denari #soldi #stabilità #terra",https://www.luxseetarot.com/tarocchi-lavoro.html
820,pin-820-abbondanza-quieta.png,Tarocchi Lavoro,Abbondanza quieta,"Semi di Denari: terra, corpo, risorse. Stabilità e abbondanza senza ansia performativa.

#tarocchi #denari #soldi #stabilità #terra",https://www.luxseetarot.com/tarocchi-lavoro.html
821,pin-821-lavoro-concreto.png,Tarocchi Lavoro,Lavoro concreto,"Semi di Denari: terra, corpo, risorse. Stabilità e abbondanza senza ansia performativa.

#tarocchi #denari #soldi #stabilità #terra",https://www.luxseetarot.com/tarocchi-lavoro.html
822,pin-822-budget-emotivo.png,Tarocchi Lavoro,Budget emotivo,"Semi di Denari: terra, corpo, risorse. Stabilità e abbondanza senza ansia performativa.

#tarocchi #denari #soldi #stabilità #terra",https://www.luxseetarot.com/tarocchi-lavoro.html
823,pin-823-ricchezza-vera.png,Tarocchi Lavoro,Ricchezza vera,"Semi di Denari: terra, corpo, risorse. Stabilità e abbondanza senza ansia performativa.

#tarocchi #denari #soldi #stabilità #terra",https://www.luxseetarot.com/tarocchi-lavoro.html
824,pin-824-radici-pratiche.png,Tarocchi Lavoro,Radici pratiche,"Semi di Denari: terra, corpo, risorse. Stabilità e abbondanza senza ansia performativa.

#tarocchi #denari #soldi #stabilità #terra",https://www.luxseetarot.com/tarocchi-lavoro.html
825,pin-825-denaro-e-paura.png,Tarocchi Lavoro,Denaro e paura,"Semi di Denari: terra, corpo, risorse. Stabilità e abbondanza senza ansia performativa.

#tarocchi #denari #soldi #stabilità #terra",https://www.luxseetarot.com/tarocchi-lavoro.html
826,pin-826-investimento-in-te.png,Tarocchi Lavoro,Investimento in te,"Semi di Denari: terra, corpo, risorse. Stabilità e abbondanza senza ansia performativa.

#tarocchi #denari #soldi #stabilità #terra",https://www.luxseetarot.com/tarocchi-lavoro.html
827,pin-827-routine-del-corpo.png,Tarocchi Lavoro,Routine del corpo,"Semi di Denari: terra, corpo, risorse. Stabilità e abbondanza senza ansia performativa.

#tarocchi #denari #soldi #stabilità #terra",https://www.luxseetarot.com/tarocchi-lavoro.html
828,pin-828-scarsita-mentale.png,Tarocchi Lavoro,Scarsità mentale,"Semi di Denari: terra, corpo, risorse. Stabilità e abbondanza senza ansia performativa.

#tarocchi #denari #soldi #stabilità #terra",https://www.luxseetarot.com/tarocchi-lavoro.html
829,pin-829-raccolto-lento.png,Tarocchi Lavoro,Raccolto lento,"Semi di Denari: terra, corpo, risorse. Stabilità e abbondanza senza ansia performativa.

#tarocchi #denari #soldi #stabilità #terra",https://www.luxseetarot.com/tarocchi-lavoro.html
830,pin-830-mani-in-pasta.png,Tarocchi Lavoro,Mani in pasta,"Semi di Denari: terra, corpo, risorse. Stabilità e abbondanza senza ansia performativa.

#tarocchi #denari #soldi #stabilità #terra",https://www.luxseetarot.com/tarocchi-lavoro.html
831,pin-831-sicurezza-soft.png,Tarocchi Lavoro,Sicurezza soft,"Semi di Denari: terra, corpo, risorse. Stabilità e abbondanza senza ansia performativa.

#tarocchi #denari #soldi #stabilità #terra",https://www.luxseetarot.com/tarocchi-lavoro.html
832,pin-832-proprieta-e-identita.png,Tarocchi Lavoro,Proprietà e identità,"Semi di Denari: terra, corpo, risorse. Stabilità e abbondanza senza ansia performativa.

#tarocchi #denari #soldi #stabilità #terra",https://www.luxseetarot.com/tarocchi-lavoro.html
833,pin-833-cibo-e-umore.png,Tarocchi Lavoro,Cibo e umore,"Semi di Denari: terra, corpo, risorse. Stabilità e abbondanza senza ansia performativa.

#tarocchi #denari #soldi #stabilità #terra",https://www.luxseetarot.com/tarocchi-lavoro.html
834,pin-834-sonno-come-base.png,Tarocchi Lavoro,Sonno come base,"Semi di Denari: terra, corpo, risorse. Stabilità e abbondanza senza ansia performativa.

#tarocchi #denari #soldi #stabilità #terra",https://www.luxseetarot.com/tarocchi-lavoro.html
835,pin-835-lavoro-che-nutre.png,Tarocchi Lavoro,Lavoro che nutre,"Semi di Denari: terra, corpo, risorse. Stabilità e abbondanza senza ansia performativa.

#tarocchi #denari #soldi #stabilità #terra",https://www.luxseetarot.com/tarocchi-lavoro.html
836,pin-836-contratto-chiaro.png,Tarocchi Lavoro,Contratto chiaro,"Semi di Denari: terra, corpo, risorse. Stabilità e abbondanza senza ansia performativa.

#tarocchi #denari #soldi #stabilità #terra",https://www.luxseetarot.com/tarocchi-lavoro.html
837,pin-837-risparmio-di-energia.png,Tarocchi Lavoro,Risparmio di energia,"Semi di Denari: terra, corpo, risorse. Stabilità e abbondanza senza ansia performativa.

#tarocchi #denari #soldi #stabilità #terra",https://www.luxseetarot.com/tarocchi-lavoro.html
838,pin-838-terra-fertile.png,Tarocchi Lavoro,Terra fertile,"Semi di Denari: terra, corpo, risorse. Stabilità e abbondanza senza ansia performativa.

#tarocchi #denari #soldi #stabilità #terra",https://www.luxseetarot.com/tarocchi-lavoro.html
839,pin-839-valore-non-visto.png,Tarocchi Lavoro,Valore non visto,"Semi di Denari: terra, corpo, risorse. Stabilità e abbondanza senza ansia performativa.

#tarocchi #denari #soldi #stabilità #terra",https://www.luxseetarot.com/tarocchi-lavoro.html
840,pin-840-stabilita-scelta.png,Tarocchi Lavoro,Stabilità scelta,"Semi di Denari: terra, corpo, risorse. Stabilità e abbondanza senza ansia performativa.

#tarocchi #denari #soldi #stabilità #terra",https://www.luxseetarot.com/tarocchi-lavoro.html
841,pin-841-maschera-del-ribelle.png,Lettura Tarocchi Gratis,Maschera del Ribelle,"Ogni carta è una maschera della psiche. Incontrala con rispetto — non per giudicare, per conoscere.

#tarocchi #archetipi #jung #psiche #miti",https://www.luxseetarot.com/tarocchi-gratis.html
842,pin-842-maschera-del-saggio.png,Lettura Tarocchi Gratis,Maschera del Saggio,"Ogni carta è una maschera della psiche. Incontrala con rispetto — non per giudicare, per conoscere.

#tarocchi #archetipi #jung #psiche #miti",https://www.luxseetarot.com/tarocchi-gratis.html
843,pin-843-il-sovrano-interno.png,Lettura Tarocchi Gratis,Il Sovrano interno,"Ogni carta è una maschera della psiche. Incontrala con rispetto — non per giudicare, per conoscere.

#tarocchi #archetipi #jung #psiche #miti",https://www.luxseetarot.com/tarocchi-gratis.html
844,pin-844-il-bambino-ferito.png,Lettura Tarocchi Gratis,Il Bambino ferito,"Ogni carta è una maschera della psiche. Incontrala con rispetto — non per giudicare, per conoscere.

#tarocchi #archetipi #jung #psiche #miti",https://www.luxseetarot.com/tarocchi-gratis.html
845,pin-845-l-eroe-quieto.png,Lettura Tarocchi Gratis,L’Eroe quieto,"Ogni carta è una maschera della psiche. Incontrala con rispetto — non per giudicare, per conoscere.

#tarocchi #archetipi #jung #psiche #miti",https://www.luxseetarot.com/tarocchi-gratis.html
846,pin-846-l-ombra-alleata.png,Lettura Tarocchi Gratis,L’Ombra alleata,"Ogni carta è una maschera della psiche. Incontrala con rispetto — non per giudicare, per conoscere.

#tarocchi #archetipi #jung #psiche #miti",https://www.luxseetarot.com/tarocchi-gratis.html
847,pin-847-persona-e-se.png,Lettura Tarocchi Gratis,Persona e Sé,"Ogni carta è una maschera della psiche. Incontrala con rispetto — non per giudicare, per conoscere.

#tarocchi #archetipi #jung #psiche #miti",https://www.luxseetarot.com/tarocchi-gratis.html
848,pin-848-archetipo-attivo.png,Lettura Tarocchi Gratis,Archetipo attivo,"Ogni carta è una maschera della psiche. Incontrala con rispetto — non per giudicare, per conoscere.

#tarocchi #archetipi #jung #psiche #miti",https://www.luxseetarot.com/tarocchi-gratis.html
849,pin-849-ruolo-che-indossi.png,Lettura Tarocchi Gratis,Ruolo che indossi,"Ogni carta è una maschera della psiche. Incontrala con rispetto — non per giudicare, per conoscere.

#tarocchi #archetipi #jung #psiche #miti",https://www.luxseetarot.com/tarocchi-gratis.html
850,pin-850-il-giullare-sacro.png,Lettura Tarocchi Gratis,Il Giullare sacro,"Ogni carta è una maschera della psiche. Incontrala con rispetto — non per giudicare, per conoscere.

#tarocchi #archetipi #jung #psiche #miti",https://www.luxseetarot.com/tarocchi-gratis.html
851,pin-851-la-madre-interiore.png,Lettura Tarocchi Gratis,La Madre interiore,"Ogni carta è una maschera della psiche. Incontrala con rispetto — non per giudicare, per conoscere.

#tarocchi #archetipi #jung #psiche #miti",https://www.luxseetarot.com/tarocchi-gratis.html
852,pin-852-il-padre-struttura.png,Lettura Tarocchi Gratis,Il Padre struttura,"Ogni carta è una maschera della psiche. Incontrala con rispetto — non per giudicare, per conoscere.

#tarocchi #archetipi #jung #psiche #miti",https://www.luxseetarot.com/tarocchi-gratis.html
853,pin-853-anima-e-persona.png,Lettura Tarocchi Gratis,Anima e persona,"Ogni carta è una maschera della psiche. Incontrala con rispetto — non per giudicare, per conoscere.

#tarocchi #archetipi #jung #psiche #miti",https://www.luxseetarot.com/tarocchi-gratis.html
854,pin-854-figura-guida.png,Lettura Tarocchi Gratis,Figura guida,"Ogni carta è una maschera della psiche. Incontrala con rispetto — non per giudicare, per conoscere.

#tarocchi #archetipi #jung #psiche #miti",https://www.luxseetarot.com/tarocchi-gratis.html
855,pin-855-mito-personale.png,Lettura Tarocchi Gratis,Mito personale,"Ogni carta è una maschera della psiche. Incontrala con rispetto — non per giudicare, per conoscere.

#tarocchi #archetipi #jung #psiche #miti",https://www.luxseetarot.com/tarocchi-gratis.html
856,pin-856-eroe-del-quotidiano.png,Lettura Tarocchi Gratis,Eroe del quotidiano,"Ogni carta è una maschera della psiche. Incontrala con rispetto — non per giudicare, per conoscere.

#tarocchi #archetipi #jung #psiche #miti",https://www.luxseetarot.com/tarocchi-gratis.html
857,pin-857-trickster-soft.png,Lettura Tarocchi Gratis,Trickster soft,"Ogni carta è una maschera della psiche. Incontrala con rispetto — non per giudicare, per conoscere.

#tarocchi #archetipi #jung #psiche #miti",https://www.luxseetarot.com/tarocchi-gratis.html
858,pin-858-saggio-nel-silenzio.png,Lettura Tarocchi Gratis,Saggio nel silenzio,"Ogni carta è una maschera della psiche. Incontrala con rispetto — non per giudicare, per conoscere.

#tarocchi #archetipi #jung #psiche #miti",https://www.luxseetarot.com/tarocchi-gratis.html
859,pin-859-guerriero-gentile.png,Lettura Tarocchi Gratis,Guerriero gentile,"Ogni carta è una maschera della psiche. Incontrala con rispetto — non per giudicare, per conoscere.

#tarocchi #archetipi #jung #psiche #miti",https://www.luxseetarot.com/tarocchi-gratis.html
860,pin-860-amante-consapevole.png,Lettura Tarocchi Gratis,Amante consapevole,"Ogni carta è una maschera della psiche. Incontrala con rispetto — non per giudicare, per conoscere.

#tarocchi #archetipi #jung #psiche #miti",https://www.luxseetarot.com/tarocchi-gratis.html
861,pin-861-creatore-in-moto.png,Lettura Tarocchi Gratis,Creatore in moto,"Ogni carta è una maschera della psiche. Incontrala con rispetto — non per giudicare, per conoscere.

#tarocchi #archetipi #jung #psiche #miti",https://www.luxseetarot.com/tarocchi-gratis.html
862,pin-862-distruttore-sacro.png,Lettura Tarocchi Gratis,Distruttore sacro,"Ogni carta è una maschera della psiche. Incontrala con rispetto — non per giudicare, per conoscere.

#tarocchi #archetipi #jung #psiche #miti",https://www.luxseetarot.com/tarocchi-gratis.html
863,pin-863-innocente-vivo.png,Lettura Tarocchi Gratis,Innocente vivo,"Ogni carta è una maschera della psiche. Incontrala con rispetto — non per giudicare, per conoscere.

#tarocchi #archetipi #jung #psiche #miti",https://www.luxseetarot.com/tarocchi-gratis.html
864,pin-864-orfano-che-cresce.png,Lettura Tarocchi Gratis,Orfano che cresce,"Ogni carta è una maschera della psiche. Incontrala con rispetto — non per giudicare, per conoscere.

#tarocchi #archetipi #jung #psiche #miti",https://www.luxseetarot.com/tarocchi-gratis.html
865,pin-865-mago-interiore.png,Lettura Tarocchi Gratis,Mago interiore,"Ogni carta è una maschera della psiche. Incontrala con rispetto — non per giudicare, per conoscere.

#tarocchi #archetipi #jung #psiche #miti",https://www.luxseetarot.com/tarocchi-gratis.html
866,pin-866-papessa-ricettiva.png,Lettura Tarocchi Gratis,Papessa ricettiva,"Ogni carta è una maschera della psiche. Incontrala con rispetto — non per giudicare, per conoscere.

#tarocchi #archetipi #jung #psiche #miti",https://www.luxseetarot.com/tarocchi-gratis.html
867,pin-867-imperatrice-fertile.png,Lettura Tarocchi Gratis,Imperatrice fertile,"Ogni carta è una maschera della psiche. Incontrala con rispetto — non per giudicare, per conoscere.

#tarocchi #archetipi #jung #psiche #miti",https://www.luxseetarot.com/tarocchi-gratis.html
868,pin-868-imperatore-saldo.png,Lettura Tarocchi Gratis,Imperatore saldo,"Ogni carta è una maschera della psiche. Incontrala con rispetto — non per giudicare, per conoscere.

#tarocchi #archetipi #jung #psiche #miti",https://www.luxseetarot.com/tarocchi-gratis.html
869,pin-869-ierofante-valori.png,Lettura Tarocchi Gratis,Ierofante valori,"Ogni carta è una maschera della psiche. Incontrala con rispetto — non per giudicare, per conoscere.

#tarocchi #archetipi #jung #psiche #miti",https://www.luxseetarot.com/tarocchi-gratis.html
870,pin-870-divino-femminile.png,Lettura Tarocchi Gratis,Divino femminile,"Ogni carta è una maschera della psiche. Incontrala con rispetto — non per giudicare, per conoscere.

#tarocchi #archetipi #jung #psiche #miti",https://www.luxseetarot.com/tarocchi-gratis.html
871,pin-871-divino-maschile.png,Lettura Tarocchi Gratis,Divino maschile,"Ogni carta è una maschera della psiche. Incontrala con rispetto — non per giudicare, per conoscere.

#tarocchi #archetipi #jung #psiche #miti",https://www.luxseetarot.com/tarocchi-gratis.html
872,pin-872-equilibrio-sacro.png,Lettura Tarocchi Gratis,Equilibrio sacro,"Ogni carta è una maschera della psiche. Incontrala con rispetto — non per giudicare, per conoscere.

#tarocchi #archetipi #jung #psiche #miti",https://www.luxseetarot.com/tarocchi-gratis.html
873,pin-873-ricettivo-e-attivo.png,Lettura Tarocchi Gratis,Ricettivo e attivo,"Ogni carta è una maschera della psiche. Incontrala con rispetto — non per giudicare, per conoscere.

#tarocchi #archetipi #jung #psiche #miti",https://www.luxseetarot.com/tarocchi-gratis.html
874,pin-874-intuito-e-azione.png,Lettura Tarocchi Gratis,Intuito e azione,"Ogni carta è una maschera della psiche. Incontrala con rispetto — non per giudicare, per conoscere.

#tarocchi #archetipi #jung #psiche #miti",https://www.luxseetarot.com/tarocchi-gratis.html
875,pin-875-papessa-e-imperatore.png,Lettura Tarocchi Gratis,Papessa e Imperatore,"Ogni carta è una maschera della psiche. Incontrala con rispetto — non per giudicare, per conoscere.

#tarocchi #archetipi #jung #psiche #miti",https://www.luxseetarot.com/tarocchi-gratis.html
876,pin-876-luna-e-sole-interni.png,Lettura Tarocchi Gratis,Luna e sole interni,"Ogni carta è una maschera della psiche. Incontrala con rispetto — non per giudicare, per conoscere.

#tarocchi #archetipi #jung #psiche #miti",https://www.luxseetarot.com/tarocchi-gratis.html
877,pin-877-forza-ricettiva.png,Lettura Tarocchi Gratis,Forza ricettiva,"Ogni carta è una maschera della psiche. Incontrala con rispetto — non per giudicare, per conoscere.

#tarocchi #archetipi #jung #psiche #miti",https://www.luxseetarot.com/tarocchi-gratis.html
878,pin-878-azione-strutturata.png,Lettura Tarocchi Gratis,Azione strutturata,"Ogni carta è una maschera della psiche. Incontrala con rispetto — non per giudicare, per conoscere.

#tarocchi #archetipi #jung #psiche #miti",https://www.luxseetarot.com/tarocchi-gratis.html
879,pin-879-sacro-equilibrio.png,Lettura Tarocchi Gratis,Sacro equilibrio,"Ogni carta è una maschera della psiche. Incontrala con rispetto — non per giudicare, per conoscere.

#tarocchi #archetipi #jung #psiche #miti",https://www.luxseetarot.com/tarocchi-gratis.html
880,pin-880-anima-bifronte.png,Lettura Tarocchi Gratis,Anima bifronte,"Ogni carta è una maschera della psiche. Incontrala con rispetto — non per giudicare, per conoscere.

#tarocchi #archetipi #jung #psiche #miti",https://www.luxseetarot.com/tarocchi-gratis.html
881,pin-881-eremita-cercato.png,Lettura Tarocchi Gratis,Eremita cercato,"Ogni carta è una maschera della psiche. Incontrala con rispetto — non per giudicare, per conoscere.

#tarocchi #archetipi #jung #psiche #miti",https://www.luxseetarot.com/tarocchi-gratis.html
882,pin-882-solitudine-fertile.png,Lettura Tarocchi Gratis,Solitudine fertile,"Ogni carta è una maschera della psiche. Incontrala con rispetto — non per giudicare, per conoscere.

#tarocchi #archetipi #jung #psiche #miti",https://www.luxseetarot.com/tarocchi-gratis.html
883,pin-883-silenzio-scelto.png,Lettura Tarocchi Gratis,Silenzio scelto,"Ogni carta è una maschera della psiche. Incontrala con rispetto — non per giudicare, per conoscere.

#tarocchi #archetipi #jung #psiche #miti",https://www.luxseetarot.com/tarocchi-gratis.html
884,pin-884-distacco-utile.png,Lettura Tarocchi Gratis,Distacco utile,"Ogni carta è una maschera della psiche. Incontrala con rispetto — non per giudicare, per conoscere.

#tarocchi #archetipi #jung #psiche #miti",https://www.luxseetarot.com/tarocchi-gratis.html
885,pin-885-lampada-interiore.png,Lettura Tarocchi Gratis,Lampada interiore,"Ogni carta è una maschera della psiche. Incontrala con rispetto — non per giudicare, per conoscere.

#tarocchi #archetipi #jung #psiche #miti",https://www.luxseetarot.com/tarocchi-gratis.html
886,pin-886-ritiro-strategico.png,Lettura Tarocchi Gratis,Ritiro strategico,"Ogni carta è una maschera della psiche. Incontrala con rispetto — non per giudicare, per conoscere.

#tarocchi #archetipi #jung #psiche #miti",https://www.luxseetarot.com/tarocchi-gratis.html
887,pin-887-montagna-quieta.png,Lettura Tarocchi Gratis,Montagna quieta,"Ogni carta è una maschera della psiche. Incontrala con rispetto — non per giudicare, per conoscere.

#tarocchi #archetipi #jung #psiche #miti",https://www.luxseetarot.com/tarocchi-gratis.html
888,pin-888-sage-mode-on.png,Lettura Tarocchi Gratis,Sage mode on,"Ogni carta è una maschera della psiche. Incontrala con rispetto — non per giudicare, per conoscere.

#tarocchi #archetipi #jung #psiche #miti",https://www.luxseetarot.com/tarocchi-gratis.html
889,pin-889-cella-del-cuore.png,Lettura Tarocchi Gratis,Cella del cuore,"Ogni carta è una maschera della psiche. Incontrala con rispetto — non per giudicare, per conoscere.

#tarocchi #archetipi #jung #psiche #miti",https://www.luxseetarot.com/tarocchi-gratis.html
890,pin-890-notte-dell-eremita.png,Lettura Tarocchi Gratis,Notte dell’eremita,"Ogni carta è una maschera della psiche. Incontrala con rispetto — non per giudicare, per conoscere.

#tarocchi #archetipi #jung #psiche #miti",https://www.luxseetarot.com/tarocchi-gratis.html
891,pin-891-via-stretta.png,Lettura Tarocchi Gratis,Via stretta,"Ogni carta è una maschera della psiche. Incontrala con rispetto — non per giudicare, per conoscere.

#tarocchi #archetipi #jung #psiche #miti",https://www.luxseetarot.com/tarocchi-gratis.html
892,pin-892-ritiro-dal-mondo.png,Lettura Tarocchi Gratis,Ritiro dal mondo,"Ogni carta è una maschera della psiche. Incontrala con rispetto — non per giudicare, per conoscere.

#tarocchi #archetipi #jung #psiche #miti",https://www.luxseetarot.com/tarocchi-gratis.html
893,pin-893-saggezza-lenta.png,Lettura Tarocchi Gratis,Saggezza lenta,"Ogni carta è una maschera della psiche. Incontrala con rispetto — non per giudicare, per conoscere.

#tarocchi #archetipi #jung #psiche #miti",https://www.luxseetarot.com/tarocchi-gratis.html
894,pin-894-compagnia-di-se.png,Lettura Tarocchi Gratis,Compagnia di sé,"Ogni carta è una maschera della psiche. Incontrala con rispetto — non per giudicare, per conoscere.

#tarocchi #archetipi #jung #psiche #miti",https://www.luxseetarot.com/tarocchi-gratis.html
895,pin-895-eremita-moderno.png,Lettura Tarocchi Gratis,Eremita moderno,"Ogni carta è una maschera della psiche. Incontrala con rispetto — non per giudicare, per conoscere.

#tarocchi #archetipi #jung #psiche #miti",https://www.luxseetarot.com/tarocchi-gratis.html
896,pin-896-deserto-utile.png,Lettura Tarocchi Gratis,Deserto utile,"Ogni carta è una maschera della psiche. Incontrala con rispetto — non per giudicare, per conoscere.

#tarocchi #archetipi #jung #psiche #miti",https://www.luxseetarot.com/tarocchi-gratis.html
897,pin-897-voto-di-silenzio.png,Lettura Tarocchi Gratis,Voto di silenzio,"Ogni carta è una maschera della psiche. Incontrala con rispetto — non per giudicare, per conoscere.

#tarocchi #archetipi #jung #psiche #miti",https://www.luxseetarot.com/tarocchi-gratis.html
898,pin-898-caverna-interiore.png,Lettura Tarocchi Gratis,Caverna interiore,"Ogni carta è una maschera della psiche. Incontrala con rispetto — non per giudicare, per conoscere.

#tarocchi #archetipi #jung #psiche #miti",https://www.luxseetarot.com/tarocchi-gratis.html
899,pin-899-guida-solitaria.png,Lettura Tarocchi Gratis,Guida solitaria,"Ogni carta è una maschera della psiche. Incontrala con rispetto — non per giudicare, per conoscere.

#tarocchi #archetipi #jung #psiche #miti",https://www.luxseetarot.com/tarocchi-gratis.html
900,pin-900-passo-dell-eremita.png,Lettura Tarocchi Gratis,Passo dell’eremita,"Ogni carta è una maschera della psiche. Incontrala con rispetto — non per giudicare, per conoscere.

#tarocchi #archetipi #jung #psiche #miti",https://www.luxseetarot.com/tarocchi-gratis.html
901,pin-901-luce-nella-grotta.png,Lettura Tarocchi Gratis,Luce nella grotta,"Ogni carta è una maschera della psiche. Incontrala con rispetto — non per giudicare, per conoscere.

#tarocchi #archetipi #jung #psiche #miti",https://www.luxseetarot.com/tarocchi-gratis.html
902,pin-902-scuola-del-silenzio.png,Lettura Tarocchi Gratis,Scuola del silenzio,"Ogni carta è una maschera della psiche. Incontrala con rispetto — non per giudicare, per conoscere.

#tarocchi #archetipi #jung #psiche #miti",https://www.luxseetarot.com/tarocchi-gratis.html
903,pin-903-maschera-caduta.png,Lettura Tarocchi Gratis,Maschera caduta,"Ogni carta è una maschera della psiche. Incontrala con rispetto — non per giudicare, per conoscere.

#tarocchi #archetipi #jung #psiche #miti",https://www.luxseetarot.com/tarocchi-gratis.html
904,pin-904-archetipo-dominante.png,Lettura Tarocchi Gratis,Archetipo dominante,"Ogni carta è una maschera della psiche. Incontrala con rispetto — non per giudicare, per conoscere.

#tarocchi #archetipi #jung #psiche #miti",https://www.luxseetarot.com/tarocchi-gratis.html
905,pin-905-corte-interiore.png,Lettura Tarocchi Gratis,Corte interiore,"Ogni carta è una maschera della psiche. Incontrala con rispetto — non per giudicare, per conoscere.

#tarocchi #archetipi #jung #psiche #miti",https://www.luxseetarot.com/tarocchi-gratis.html
906,pin-906-re-e-regina.png,Lettura Tarocchi Gratis,Re e Regina,"Ogni carta è una maschera della psiche. Incontrala con rispetto — non per giudicare, per conoscere.

#tarocchi #archetipi #jung #psiche #miti",https://www.luxseetarot.com/tarocchi-gratis.html
907,pin-907-cavaliere-e-fante.png,Lettura Tarocchi Gratis,Cavaliere e fante,"Ogni carta è una maschera della psiche. Incontrala con rispetto — non per giudicare, per conoscere.

#tarocchi #archetipi #jung #psiche #miti",https://www.luxseetarot.com/tarocchi-gratis.html
908,pin-908-mito-che-ripeti.png,Lettura Tarocchi Gratis,Mito che ripeti,"Ogni carta è una maschera della psiche. Incontrala con rispetto — non per giudicare, per conoscere.

#tarocchi #archetipi #jung #psiche #miti",https://www.luxseetarot.com/tarocchi-gratis.html
909,pin-909-favola-personale.png,Lettura Tarocchi Gratis,Favola personale,"Ogni carta è una maschera della psiche. Incontrala con rispetto — non per giudicare, per conoscere.

#tarocchi #archetipi #jung #psiche #miti",https://www.luxseetarot.com/tarocchi-gratis.html
910,pin-910-simbolo-vivo.png,Lettura Tarocchi Gratis,Simbolo vivo,"Ogni carta è una maschera della psiche. Incontrala con rispetto — non per giudicare, per conoscere.

#tarocchi #archetipi #jung #psiche #miti",https://www.luxseetarot.com/tarocchi-gratis.html
911,pin-911-figura-che-chiama.png,Lettura Tarocchi Gratis,Figura che chiama,"Ogni carta è una maschera della psiche. Incontrala con rispetto — non per giudicare, per conoscere.

#tarocchi #archetipi #jung #psiche #miti",https://www.luxseetarot.com/tarocchi-gratis.html
912,pin-912-psiche-e-mito.png,Lettura Tarocchi Gratis,Psiche e mito,"Ogni carta è una maschera della psiche. Incontrala con rispetto — non per giudicare, per conoscere.

#tarocchi #archetipi #jung #psiche #miti",https://www.luxseetarot.com/tarocchi-gratis.html
913,pin-913-jung-in-tasca.png,Lettura Tarocchi Gratis,Jung in tasca,"Ogni carta è una maschera della psiche. Incontrala con rispetto — non per giudicare, per conoscere.

#tarocchi #archetipi #jung #psiche #miti",https://www.luxseetarot.com/tarocchi-gratis.html
914,pin-914-inconscio-che-bussa.png,Lettura Tarocchi Gratis,Inconscio che bussa,"Ogni carta è una maschera della psiche. Incontrala con rispetto — non per giudicare, per conoscere.

#tarocchi #archetipi #jung #psiche #miti",https://www.luxseetarot.com/tarocchi-gratis.html
915,pin-915-se-superiore-soft.png,Lettura Tarocchi Gratis,Sé superiore soft,"Ogni carta è una maschera della psiche. Incontrala con rispetto — non per giudicare, per conoscere.

#tarocchi #archetipi #jung #psiche #miti",https://www.luxseetarot.com/tarocchi-gratis.html
916,pin-916-anima-mundi.png,Lettura Tarocchi Gratis,Anima mundi,"Ogni carta è una maschera della psiche. Incontrala con rispetto — non per giudicare, per conoscere.

#tarocchi #archetipi #jung #psiche #miti",https://www.luxseetarot.com/tarocchi-gratis.html
917,pin-917-complesso-attivo.png,Lettura Tarocchi Gratis,Complesso attivo,"Ogni carta è una maschera della psiche. Incontrala con rispetto — non per giudicare, per conoscere.

#tarocchi #archetipi #jung #psiche #miti",https://www.luxseetarot.com/tarocchi-gratis.html
918,pin-918-proiezione-soft.png,Lettura Tarocchi Gratis,Proiezione soft,"Ogni carta è una maschera della psiche. Incontrala con rispetto — non per giudicare, per conoscere.

#tarocchi #archetipi #jung #psiche #miti",https://www.luxseetarot.com/tarocchi-gratis.html
919,pin-919-integrazione.png,Lettura Tarocchi Gratis,Integrazione,"Ogni carta è una maschera della psiche. Incontrala con rispetto — non per giudicare, per conoscere.

#tarocchi #archetipi #jung #psiche #miti",https://www.luxseetarot.com/tarocchi-gratis.html
920,pin-920-individuazione.png,Lettura Tarocchi Gratis,Individuazione,"Ogni carta è una maschera della psiche. Incontrala con rispetto — non per giudicare, per conoscere.

#tarocchi #archetipi #jung #psiche #miti",https://www.luxseetarot.com/tarocchi-gratis.html
921,pin-921-ombra-e-persona.png,Lettura Tarocchi Gratis,Ombra e persona,"Ogni carta è una maschera della psiche. Incontrala con rispetto — non per giudicare, per conoscere.

#tarocchi #archetipi #jung #psiche #miti",https://www.luxseetarot.com/tarocchi-gratis.html
922,pin-922-anima-animus.png,Lettura Tarocchi Gratis,Anima / animus,"Ogni carta è una maschera della psiche. Incontrala con rispetto — non per giudicare, per conoscere.

#tarocchi #archetipi #jung #psiche #miti",https://www.luxseetarot.com/tarocchi-gratis.html
923,pin-923-sogno-archetipico.png,Lettura Tarocchi Gratis,Sogno archetipico,"Ogni carta è una maschera della psiche. Incontrala con rispetto — non per giudicare, per conoscere.

#tarocchi #archetipi #jung #psiche #miti",https://www.luxseetarot.com/tarocchi-gratis.html
924,pin-924-tempio-interiore.png,Lettura Tarocchi Gratis,Tempio interiore,"Ogni carta è una maschera della psiche. Incontrala con rispetto — non per giudicare, per conoscere.

#tarocchi #archetipi #jung #psiche #miti",https://www.luxseetarot.com/tarocchi-gratis.html
925,pin-925-passato-presente-filo.png,Tarocchi Futuro,Passato presente filo,"Il tempo nei tarocchi non è oracolo fisso: è filo tra ciò che è stato, ciò che vivi e ciò che prepari.

#tarocchi #cicli #tempo #ruota #trasformazione",https://www.luxseetarot.com/tarocchi-futuro.html
926,pin-926-cio-che-e-stato.png,Tarocchi Futuro,Ciò che è stato,"Il tempo nei tarocchi non è oracolo fisso: è filo tra ciò che è stato, ciò che vivi e ciò che prepari.

#tarocchi #cicli #tempo #ruota #trasformazione",https://www.luxseetarot.com/tarocchi-futuro.html
927,pin-927-presente-che-conta.png,Tarocchi Futuro,Presente che conta,"Il tempo nei tarocchi non è oracolo fisso: è filo tra ciò che è stato, ciò che vivi e ciò che prepari.

#tarocchi #cicli #tempo #ruota #trasformazione",https://www.luxseetarot.com/tarocchi-futuro.html
928,pin-928-futuro-in-germe.png,Tarocchi Futuro,Futuro in germe,"Il tempo nei tarocchi non è oracolo fisso: è filo tra ciò che è stato, ciò che vivi e ciò che prepari.

#tarocchi #cicli #tempo #ruota #trasformazione",https://www.luxseetarot.com/tarocchi-futuro.html
929,pin-929-tre-carte-una-storia.png,Tarocchi Futuro,Tre carte una storia,"Il tempo nei tarocchi non è oracolo fisso: è filo tra ciò che è stato, ciò che vivi e ciò che prepari.

#tarocchi #cicli #tempo #ruota #trasformazione",https://www.luxseetarot.com/tarocchi-futuro.html
930,pin-930-tempo-elastico.png,Tarocchi Futuro,Tempo elastico,"Il tempo nei tarocchi non è oracolo fisso: è filo tra ciò che è stato, ciò che vivi e ciò che prepari.

#tarocchi #cicli #tempo #ruota #trasformazione",https://www.luxseetarot.com/tarocchi-futuro.html
931,pin-931-orologio-interiore.png,Tarocchi Futuro,Orologio interiore,"Il tempo nei tarocchi non è oracolo fisso: è filo tra ciò che è stato, ciò che vivi e ciò che prepari.

#tarocchi #cicli #tempo #ruota #trasformazione",https://www.luxseetarot.com/tarocchi-futuro.html
932,pin-932-stagione-dell-anima.png,Tarocchi Futuro,Stagione dell’anima,"Il tempo nei tarocchi non è oracolo fisso: è filo tra ciò che è stato, ciò che vivi e ciò che prepari.

#tarocchi #cicli #tempo #ruota #trasformazione",https://www.luxseetarot.com/tarocchi-futuro.html
933,pin-933-fase-lunare-soft.png,Tarocchi Futuro,Fase lunare soft,"Il tempo nei tarocchi non è oracolo fisso: è filo tra ciò che è stato, ciò che vivi e ciò che prepari.

#tarocchi #cicli #tempo #ruota #trasformazione",https://www.luxseetarot.com/tarocchi-futuro.html
934,pin-934-ciclo-che-chiude.png,Tarocchi Futuro,Ciclo che chiude,"Il tempo nei tarocchi non è oracolo fisso: è filo tra ciò che è stato, ciò che vivi e ciò che prepari.

#tarocchi #cicli #tempo #ruota #trasformazione",https://www.luxseetarot.com/tarocchi-futuro.html
935,pin-935-ciclo-che-apre.png,Tarocchi Futuro,Ciclo che apre,"Il tempo nei tarocchi non è oracolo fisso: è filo tra ciò che è stato, ciò che vivi e ciò che prepari.

#tarocchi #cicli #tempo #ruota #trasformazione",https://www.luxseetarot.com/tarocchi-futuro.html
936,pin-936-danza-del-tempo.png,Tarocchi Futuro,Danza del tempo,"Il tempo nei tarocchi non è oracolo fisso: è filo tra ciò che è stato, ciò che vivi e ciò che prepari.

#tarocchi #cicli #tempo #ruota #trasformazione",https://www.luxseetarot.com/tarocchi-futuro.html
937,pin-937-ieri-ancora-vivo.png,Tarocchi Futuro,Ieri ancora vivo,"Il tempo nei tarocchi non è oracolo fisso: è filo tra ciò che è stato, ciò che vivi e ciò che prepari.

#tarocchi #cicli #tempo #ruota #trasformazione",https://www.luxseetarot.com/tarocchi-futuro.html
938,pin-938-domani-gia-qui.png,Tarocchi Futuro,Domani già qui,"Il tempo nei tarocchi non è oracolo fisso: è filo tra ciò che è stato, ciò che vivi e ciò che prepari.

#tarocchi #cicli #tempo #ruota #trasformazione",https://www.luxseetarot.com/tarocchi-futuro.html
939,pin-939-nodo-temporale.png,Tarocchi Futuro,Nodo temporale,"Il tempo nei tarocchi non è oracolo fisso: è filo tra ciò che è stato, ciò che vivi e ciò che prepari.

#tarocchi #cicli #tempo #ruota #trasformazione",https://www.luxseetarot.com/tarocchi-futuro.html
940,pin-940-memoria-utile.png,Tarocchi Futuro,Memoria utile,"Il tempo nei tarocchi non è oracolo fisso: è filo tra ciò che è stato, ciò che vivi e ciò che prepari.

#tarocchi #cicli #tempo #ruota #trasformazione",https://www.luxseetarot.com/tarocchi-futuro.html
941,pin-941-profezia-soft.png,Tarocchi Futuro,Profezia soft,"Il tempo nei tarocchi non è oracolo fisso: è filo tra ciò che è stato, ciò che vivi e ciò che prepari.

#tarocchi #cicli #tempo #ruota #trasformazione",https://www.luxseetarot.com/tarocchi-futuro.html
942,pin-942-timeline-personale.png,Tarocchi Futuro,Timeline personale,"Il tempo nei tarocchi non è oracolo fisso: è filo tra ciò che è stato, ciò che vivi e ciò che prepari.

#tarocchi #cicli #tempo #ruota #trasformazione",https://www.luxseetarot.com/tarocchi-futuro.html
943,pin-943-attesa-fertile.png,Tarocchi Futuro,Attesa fertile,"Il tempo nei tarocchi non è oracolo fisso: è filo tra ciò che è stato, ciò che vivi e ciò che prepari.

#tarocchi #cicli #tempo #ruota #trasformazione",https://www.luxseetarot.com/tarocchi-futuro.html
944,pin-944-momento-esatto.png,Tarocchi Futuro,Momento esatto,"Il tempo nei tarocchi non è oracolo fisso: è filo tra ciò che è stato, ciò che vivi e ciò che prepari.

#tarocchi #cicli #tempo #ruota #trasformazione",https://www.luxseetarot.com/tarocchi-futuro.html
945,pin-945-ora-e-sempre.png,Tarocchi Futuro,Ora e sempre,"Il tempo nei tarocchi non è oracolo fisso: è filo tra ciò che è stato, ciò che vivi e ciò che prepari.

#tarocchi #cicli #tempo #ruota #trasformazione",https://www.luxseetarot.com/tarocchi-futuro.html
946,pin-946-torre-che-cade.png,Tarocchi Futuro,Torre che cade,"Il tempo nei tarocchi non è oracolo fisso: è filo tra ciò che è stato, ciò che vivi e ciò che prepari.

#tarocchi #cicli #tempo #ruota #trasformazione",https://www.luxseetarot.com/tarocchi-futuro.html
947,pin-947-crollo-costruttivo.png,Tarocchi Futuro,Crollo costruttivo,"Il tempo nei tarocchi non è oracolo fisso: è filo tra ciò che è stato, ciò che vivi e ciò che prepari.

#tarocchi #cicli #tempo #ruota #trasformazione",https://www.luxseetarot.com/tarocchi-futuro.html
948,pin-948-morte-come-soglia.png,Tarocchi Futuro,Morte come soglia,"Il tempo nei tarocchi non è oracolo fisso: è filo tra ciò che è stato, ciò che vivi e ciò che prepari.

#tarocchi #cicli #tempo #ruota #trasformazione",https://www.luxseetarot.com/tarocchi-futuro.html
949,pin-949-fine-necessaria.png,Tarocchi Futuro,Fine necessaria,"Il tempo nei tarocchi non è oracolo fisso: è filo tra ciò che è stato, ciò che vivi e ciò che prepari.

#tarocchi #cicli #tempo #ruota #trasformazione",https://www.luxseetarot.com/tarocchi-futuro.html
950,pin-950-distruzione-fertile.png,Tarocchi Futuro,Distruzione fertile,"Il tempo nei tarocchi non è oracolo fisso: è filo tra ciò che è stato, ciò che vivi e ciò che prepari.

#tarocchi #cicli #tempo #ruota #trasformazione",https://www.luxseetarot.com/tarocchi-futuro.html
951,pin-951-macerie-e-seme.png,Tarocchi Futuro,Macerie e seme,"Il tempo nei tarocchi non è oracolo fisso: è filo tra ciò che è stato, ciò che vivi e ciò che prepari.

#tarocchi #cicli #tempo #ruota #trasformazione",https://www.luxseetarot.com/tarocchi-futuro.html
952,pin-952-shock-che-libera.png,Tarocchi Futuro,Shock che libera,"Il tempo nei tarocchi non è oracolo fisso: è filo tra ciò che è stato, ciò che vivi e ciò che prepari.

#tarocchi #cicli #tempo #ruota #trasformazione",https://www.luxseetarot.com/tarocchi-futuro.html
953,pin-953-carta-torre-soft.png,Tarocchi Futuro,Carta Torre soft,"Il tempo nei tarocchi non è oracolo fisso: è filo tra ciò che è stato, ciò che vivi e ciò che prepari.

#tarocchi #cicli #tempo #ruota #trasformazione",https://www.luxseetarot.com/tarocchi-futuro.html
954,pin-954-carta-morte-soft.png,Tarocchi Futuro,Carta Morte soft,"Il tempo nei tarocchi non è oracolo fisso: è filo tra ciò che è stato, ciò che vivi e ciò che prepari.

#tarocchi #cicli #tempo #ruota #trasformazione",https://www.luxseetarot.com/tarocchi-futuro.html
955,pin-955-addio-a-un-idea.png,Tarocchi Futuro,Addio a un’idea,"Il tempo nei tarocchi non è oracolo fisso: è filo tra ciò che è stato, ciò che vivi e ciò che prepari.

#tarocchi #cicli #tempo #ruota #trasformazione",https://www.luxseetarot.com/tarocchi-futuro.html
956,pin-956-rovina-elegante.png,Tarocchi Futuro,Rovina elegante,"Il tempo nei tarocchi non è oracolo fisso: è filo tra ciò che è stato, ciò che vivi e ciò che prepari.

#tarocchi #cicli #tempo #ruota #trasformazione",https://www.luxseetarot.com/tarocchi-futuro.html
957,pin-957-cenere-calda.png,Tarocchi Futuro,Cenere calda,"Il tempo nei tarocchi non è oracolo fisso: è filo tra ciò che è stato, ciò che vivi e ciò che prepari.

#tarocchi #cicli #tempo #ruota #trasformazione",https://www.luxseetarot.com/tarocchi-futuro.html
958,pin-958-dopo-il-crollo.png,Tarocchi Futuro,Dopo il crollo,"Il tempo nei tarocchi non è oracolo fisso: è filo tra ciò che è stato, ciò che vivi e ciò che prepari.

#tarocchi #cicli #tempo #ruota #trasformazione",https://www.luxseetarot.com/tarocchi-futuro.html
959,pin-959-bellezza-del-vuoto.png,Tarocchi Futuro,Bellezza del vuoto,"Il tempo nei tarocchi non è oracolo fisso: è filo tra ciò che è stato, ciò che vivi e ciò che prepari.

#tarocchi #cicli #tempo #ruota #trasformazione",https://www.luxseetarot.com/tarocchi-futuro.html
960,pin-960-soglia-della-torre.png,Tarocchi Futuro,Soglia della Torre,"Il tempo nei tarocchi non è oracolo fisso: è filo tra ciò che è stato, ciò che vivi e ciò che prepari.

#tarocchi #cicli #tempo #ruota #trasformazione",https://www.luxseetarot.com/tarocchi-futuro.html
961,pin-961-trasformazione-cruda.png,Tarocchi Futuro,Trasformazione cruda,"Il tempo nei tarocchi non è oracolo fisso: è filo tra ciò che è stato, ciò che vivi e ciò che prepari.

#tarocchi #cicli #tempo #ruota #trasformazione",https://www.luxseetarot.com/tarocchi-futuro.html
962,pin-962-ciclo-spezzato.png,Tarocchi Futuro,Ciclo spezzato,"Il tempo nei tarocchi non è oracolo fisso: è filo tra ciò che è stato, ciò che vivi e ciò che prepari.

#tarocchi #cicli #tempo #ruota #trasformazione",https://www.luxseetarot.com/tarocchi-futuro.html
963,pin-963-fine-di-un-era.png,Tarocchi Futuro,Fine di un’era,"Il tempo nei tarocchi non è oracolo fisso: è filo tra ciò che è stato, ciò che vivi e ciò che prepari.

#tarocchi #cicli #tempo #ruota #trasformazione",https://www.luxseetarot.com/tarocchi-futuro.html
964,pin-964-ruota-che-gira.png,Tarocchi Futuro,Ruota che gira,"Il tempo nei tarocchi non è oracolo fisso: è filo tra ciò che è stato, ciò che vivi e ciò che prepari.

#tarocchi #cicli #tempo #ruota #trasformazione",https://www.luxseetarot.com/tarocchi-futuro.html
965,pin-965-eterno-ritorno.png,Tarocchi Futuro,Eterno ritorno,"Il tempo nei tarocchi non è oracolo fisso: è filo tra ciò che è stato, ciò che vivi e ciò che prepari.

#tarocchi #cicli #tempo #ruota #trasformazione",https://www.luxseetarot.com/tarocchi-futuro.html
966,pin-966-pattern-che-torna.png,Tarocchi Futuro,Pattern che torna,"Il tempo nei tarocchi non è oracolo fisso: è filo tra ciò che è stato, ciò che vivi e ciò che prepari.

#tarocchi #cicli #tempo #ruota #trasformazione",https://www.luxseetarot.com/tarocchi-futuro.html
967,pin-967-su-e-giu.png,Tarocchi Futuro,Su e giù,"Il tempo nei tarocchi non è oracolo fisso: è filo tra ciò che è stato, ciò che vivi e ciò che prepari.

#tarocchi #cicli #tempo #ruota #trasformazione",https://www.luxseetarot.com/tarocchi-futuro.html
968,pin-968-fortuna-in-moto.png,Tarocchi Futuro,Fortuna in moto,"Il tempo nei tarocchi non è oracolo fisso: è filo tra ciò che è stato, ciò che vivi e ciò che prepari.

#tarocchi #cicli #tempo #ruota #trasformazione",https://www.luxseetarot.com/tarocchi-futuro.html
969,pin-969-lezione-non-imparata.png,Tarocchi Futuro,Lezione non imparata,"Il tempo nei tarocchi non è oracolo fisso: è filo tra ciò che è stato, ciò che vivi e ciò che prepari.

#tarocchi #cicli #tempo #ruota #trasformazione",https://www.luxseetarot.com/tarocchi-futuro.html
970,pin-970-nulla-resta-fermo.png,Tarocchi Futuro,Nulla resta fermo,"Il tempo nei tarocchi non è oracolo fisso: è filo tra ciò che è stato, ciò che vivi e ciò che prepari.

#tarocchi #cicli #tempo #ruota #trasformazione",https://www.luxseetarot.com/tarocchi-futuro.html
971,pin-971-ciclo-karmico.png,Tarocchi Futuro,Ciclo karmico,"Il tempo nei tarocchi non è oracolo fisso: è filo tra ciò che è stato, ciò che vivi e ciò che prepari.

#tarocchi #cicli #tempo #ruota #trasformazione",https://www.luxseetarot.com/tarocchi-futuro.html
972,pin-972-ruota-personale.png,Tarocchi Futuro,Ruota personale,"Il tempo nei tarocchi non è oracolo fisso: è filo tra ciò che è stato, ciò che vivi e ciò che prepari.

#tarocchi #cicli #tempo #ruota #trasformazione",https://www.luxseetarot.com/tarocchi-futuro.html
973,pin-973-alto-e-basso.png,Tarocchi Futuro,Alto e basso,"Il tempo nei tarocchi non è oracolo fisso: è filo tra ciò che è stato, ciò che vivi e ciò che prepari.

#tarocchi #cicli #tempo #ruota #trasformazione",https://www.luxseetarot.com/tarocchi-futuro.html
974,pin-974-momento-in-cima.png,Tarocchi Futuro,Momento in cima,"Il tempo nei tarocchi non è oracolo fisso: è filo tra ciò che è stato, ciò che vivi e ciò che prepari.

#tarocchi #cicli #tempo #ruota #trasformazione",https://www.luxseetarot.com/tarocchi-futuro.html
975,pin-975-momento-in-fondo.png,Tarocchi Futuro,Momento in fondo,"Il tempo nei tarocchi non è oracolo fisso: è filo tra ciò che è stato, ciò che vivi e ciò che prepari.

#tarocchi #cicli #tempo #ruota #trasformazione",https://www.luxseetarot.com/tarocchi-futuro.html
976,pin-976-ritorno-utile.png,Tarocchi Futuro,Ritorno utile,"Il tempo nei tarocchi non è oracolo fisso: è filo tra ciò che è stato, ciò che vivi e ciò che prepari.

#tarocchi #cicli #tempo #ruota #trasformazione",https://www.luxseetarot.com/tarocchi-futuro.html
977,pin-977-stessa-scena.png,Tarocchi Futuro,Stessa scena,"Il tempo nei tarocchi non è oracolo fisso: è filo tra ciò che è stato, ciò che vivi e ciò che prepari.

#tarocchi #cicli #tempo #ruota #trasformazione",https://www.luxseetarot.com/tarocchi-futuro.html
978,pin-978-karma-in-loop.png,Tarocchi Futuro,Karma in loop,"Il tempo nei tarocchi non è oracolo fisso: è filo tra ciò che è stato, ciò che vivi e ciò che prepari.

#tarocchi #cicli #tempo #ruota #trasformazione",https://www.luxseetarot.com/tarocchi-futuro.html
979,pin-979-ruota-e-scelta.png,Tarocchi Futuro,Ruota e scelta,"Il tempo nei tarocchi non è oracolo fisso: è filo tra ciò che è stato, ciò che vivi e ciò che prepari.

#tarocchi #cicli #tempo #ruota #trasformazione",https://www.luxseetarot.com/tarocchi-futuro.html
980,pin-980-tempo-ciclico.png,Tarocchi Futuro,Tempo ciclico,"Il tempo nei tarocchi non è oracolo fisso: è filo tra ciò che è stato, ciò che vivi e ciò che prepari.

#tarocchi #cicli #tempo #ruota #trasformazione",https://www.luxseetarot.com/tarocchi-futuro.html
981,pin-981-ricomincia-consapevole.png,Tarocchi Futuro,Ricomincia consapevole,"Il tempo nei tarocchi non è oracolo fisso: è filo tra ciò che è stato, ciò che vivi e ciò che prepari.

#tarocchi #cicli #tempo #ruota #trasformazione",https://www.luxseetarot.com/tarocchi-futuro.html
982,pin-982-stagioni-dell-amore.png,Tarocchi Futuro,Stagioni dell’amore,"Il tempo nei tarocchi non è oracolo fisso: è filo tra ciò che è stato, ciò che vivi e ciò che prepari.

#tarocchi #cicli #tempo #ruota #trasformazione",https://www.luxseetarot.com/tarocchi-futuro.html
983,pin-983-inverno-interiore.png,Tarocchi Futuro,Inverno interiore,"Il tempo nei tarocchi non è oracolo fisso: è filo tra ciò che è stato, ciò che vivi e ciò che prepari.

#tarocchi #cicli #tempo #ruota #trasformazione",https://www.luxseetarot.com/tarocchi-futuro.html
984,pin-984-estate-dell-azione.png,Tarocchi Futuro,Estate dell’azione,"Il tempo nei tarocchi non è oracolo fisso: è filo tra ciò che è stato, ciò che vivi e ciò che prepari.

#tarocchi #cicli #tempo #ruota #trasformazione",https://www.luxseetarot.com/tarocchi-futuro.html
985,pin-985-autunno-del-bilancio.png,Tarocchi Futuro,Autunno del bilancio,"Il tempo nei tarocchi non è oracolo fisso: è filo tra ciò che è stato, ciò che vivi e ciò che prepari.

#tarocchi #cicli #tempo #ruota #trasformazione",https://www.luxseetarot.com/tarocchi-futuro.html
986,pin-986-clessidra-soft.png,Tarocchi Futuro,Clessidra soft,"Il tempo nei tarocchi non è oracolo fisso: è filo tra ciò che è stato, ciò che vivi e ciò che prepari.

#tarocchi #cicli #tempo #ruota #trasformazione",https://www.luxseetarot.com/tarocchi-futuro.html
987,pin-987-calendario-emotivo.png,Tarocchi Futuro,Calendario emotivo,"Il tempo nei tarocchi non è oracolo fisso: è filo tra ciò che è stato, ciò che vivi e ciò che prepari.

#tarocchi #cicli #tempo #ruota #trasformazione",https://www.luxseetarot.com/tarocchi-futuro.html
988,pin-988-anniversario-interno.png,Tarocchi Futuro,Anniversario interno,"Il tempo nei tarocchi non è oracolo fisso: è filo tra ciò che è stato, ciò che vivi e ciò che prepari.

#tarocchi #cicli #tempo #ruota #trasformazione",https://www.luxseetarot.com/tarocchi-futuro.html
989,pin-989-compleanno-dell-anima.png,Tarocchi Futuro,Compleanno dell’anima,"Il tempo nei tarocchi non è oracolo fisso: è filo tra ciò che è stato, ciò che vivi e ciò che prepari.

#tarocchi #cicli #tempo #ruota #trasformazione",https://www.luxseetarot.com/tarocchi-futuro.html
990,pin-990-scadenza-sacra.png,Tarocchi Futuro,Scadenza sacra,"Il tempo nei tarocchi non è oracolo fisso: è filo tra ciò che è stato, ciò che vivi e ciò che prepari.

#tarocchi #cicli #tempo #ruota #trasformazione",https://www.luxseetarot.com/tarocchi-futuro.html
991,pin-991-rinvio-utile.png,Tarocchi Futuro,Rinvio utile,"Il tempo nei tarocchi non è oracolo fisso: è filo tra ciò che è stato, ciò che vivi e ciò che prepari.

#tarocchi #cicli #tempo #ruota #trasformazione",https://www.luxseetarot.com/tarocchi-futuro.html
992,pin-992-urgenza-falsa.png,Tarocchi Futuro,Urgenza falsa,"Il tempo nei tarocchi non è oracolo fisso: è filo tra ciò che è stato, ciò che vivi e ciò che prepari.

#tarocchi #cicli #tempo #ruota #trasformazione",https://www.luxseetarot.com/tarocchi-futuro.html
993,pin-993-pausa-nel-tempo.png,Tarocchi Futuro,Pausa nel tempo,"Il tempo nei tarocchi non è oracolo fisso: è filo tra ciò che è stato, ciò che vivi e ciò che prepari.

#tarocchi #cicli #tempo #ruota #trasformazione",https://www.luxseetarot.com/tarocchi-futuro.html
994,pin-994-accelerazione-soft.png,Tarocchi Futuro,Accelerazione soft,"Il tempo nei tarocchi non è oracolo fisso: è filo tra ciò che è stato, ciò che vivi e ciò che prepari.

#tarocchi #cicli #tempo #ruota #trasformazione",https://www.luxseetarot.com/tarocchi-futuro.html
995,pin-995-rallenta-il-ritmo.png,Tarocchi Futuro,Rallenta il ritmo,"Il tempo nei tarocchi non è oracolo fisso: è filo tra ciò che è stato, ciò che vivi e ciò che prepari.

#tarocchi #cicli #tempo #ruota #trasformazione",https://www.luxseetarot.com/tarocchi-futuro.html
996,pin-996-sincronia-temporale.png,Tarocchi Futuro,Sincronia temporale,"Il tempo nei tarocchi non è oracolo fisso: è filo tra ciò che è stato, ciò che vivi e ciò che prepari.

#tarocchi #cicli #tempo #ruota #trasformazione",https://www.luxseetarot.com/tarocchi-futuro.html
997,pin-997-passato-che-chiede.png,Tarocchi Futuro,Passato che chiede,"Il tempo nei tarocchi non è oracolo fisso: è filo tra ciò che è stato, ciò che vivi e ciò che prepari.

#tarocchi #cicli #tempo #ruota #trasformazione",https://www.luxseetarot.com/tarocchi-futuro.html
998,pin-998-futuro-che-aspetta.png,Tarocchi Futuro,Futuro che aspetta,"Il tempo nei tarocchi non è oracolo fisso: è filo tra ciò che è stato, ciò che vivi e ciò che prepari.

#tarocchi #cicli #tempo #ruota #trasformazione",https://www.luxseetarot.com/tarocchi-futuro.html
999,pin-999-presente-ponte.png,Tarocchi Futuro,Presente ponte,"Il tempo nei tarocchi non è oracolo fisso: è filo tra ciò che è stato, ciò che vivi e ciò che prepari.

#tarocchi #cicli #tempo #ruota #trasformazione",https://www.luxseetarot.com/tarocchi-futuro.html
1000,pin-1000-tre-tempi-un-nodo.png,Tarocchi Futuro,Tre tempi un nodo,"Il tempo nei tarocchi non è oracolo fisso: è filo tra ciò che è stato, ciò che vivi e ciò che prepari.

#tarocchi #cicli #tempo #ruota #trasformazione",https://www.luxseetarot.com/tarocchi-futuro.html
1001,pin-1001-stesa-temporale.png,Tarocchi Futuro,Stesa temporale,"Il tempo nei tarocchi non è oracolo fisso: è filo tra ciò che è stato, ciò che vivi e ciò che prepari.

#tarocchi #cicli #tempo #ruota #trasformazione",https://www.luxseetarot.com/tarocchi-futuro.html
1002,pin-1002-orologio-fermo.png,Tarocchi Futuro,Orologio fermo,"Il tempo nei tarocchi non è oracolo fisso: è filo tra ciò che è stato, ciò che vivi e ciò che prepari.

#tarocchi #cicli #tempo #ruota #trasformazione",https://www.luxseetarot.com/tarocchi-futuro.html
1003,pin-1003-tempo-sospeso.png,Tarocchi Futuro,Tempo sospeso,"Il tempo nei tarocchi non è oracolo fisso: è filo tra ciò che è stato, ciò che vivi e ciò che prepari.

#tarocchi #cicli #tempo #ruota #trasformazione",https://www.luxseetarot.com/tarocchi-futuro.html
1004,pin-1004-ciclo-completo.png,Tarocchi Futuro,Ciclo completo,"Il tempo nei tarocchi non è oracolo fisso: è filo tra ciò che è stato, ciò che vivi e ciò che prepari.

#tarocchi #cicli #tempo #ruota #trasformazione",https://www.luxseetarot.com/tarocchi-futuro.html
1005,pin-1005-nuovo-giro.png,Tarocchi Futuro,Nuovo giro,"Il tempo nei tarocchi non è oracolo fisso: è filo tra ciò che è stato, ciò che vivi e ciò che prepari.

#tarocchi #cicli #tempo #ruota #trasformazione",https://www.luxseetarot.com/tarocchi-futuro.html
1006,pin-1006-incontro-di-anime.png,Tarocchi Amore,Incontro di anime,"Relazioni e karma: non per controllare l’altro, per vedere la dinamica e il tuo ruolo nella danza.

#tarocchi #amore #karma #relazioni #animigemelle",https://www.luxseetarot.com/tarocchi-amore.html
1007,pin-1007-amanti-consapevoli.png,Tarocchi Amore,Amanti consapevoli,"Relazioni e karma: non per controllare l’altro, per vedere la dinamica e il tuo ruolo nella danza.

#tarocchi #amore #karma #relazioni #animigemelle",https://www.luxseetarot.com/tarocchi-amore.html
1008,pin-1008-attrazione-fatale.png,Tarocchi Amore,Attrazione fatale,"Relazioni e karma: non per controllare l’altro, per vedere la dinamica e il tuo ruolo nella danza.

#tarocchi #amore #karma #relazioni #animigemelle",https://www.luxseetarot.com/tarocchi-amore.html
1009,pin-1009-specchio-nell-altro.png,Tarocchi Amore,Specchio nell’altro,"Relazioni e karma: non per controllare l’altro, per vedere la dinamica e il tuo ruolo nella danza.

#tarocchi #amore #karma #relazioni #animigemelle",https://www.luxseetarot.com/tarocchi-amore.html
1010,pin-1010-cuore-che-sceglie.png,Tarocchi Amore,Cuore che sceglie,"Relazioni e karma: non per controllare l’altro, per vedere la dinamica e il tuo ruolo nella danza.

#tarocchi #amore #karma #relazioni #animigemelle",https://www.luxseetarot.com/tarocchi-amore.html
1011,pin-1011-legame-che-chiama.png,Tarocchi Amore,Legame che chiama,"Relazioni e karma: non per controllare l’altro, per vedere la dinamica e il tuo ruolo nella danza.

#tarocchi #amore #karma #relazioni #animigemelle",https://www.luxseetarot.com/tarocchi-amore.html
1012,pin-1012-scelta-di-cuore.png,Tarocchi Amore,Scelta di cuore,"Relazioni e karma: non per controllare l’altro, per vedere la dinamica e il tuo ruolo nella danza.

#tarocchi #amore #karma #relazioni #animigemelle",https://www.luxseetarot.com/tarocchi-amore.html
1013,pin-1013-danza-a-due.png,Tarocchi Amore,Danza a due,"Relazioni e karma: non per controllare l’altro, per vedere la dinamica e il tuo ruolo nella danza.

#tarocchi #amore #karma #relazioni #animigemelle",https://www.luxseetarot.com/tarocchi-amore.html
1014,pin-1014-riconoscimento-soft.png,Tarocchi Amore,Riconoscimento soft,"Relazioni e karma: non per controllare l’altro, per vedere la dinamica e il tuo ruolo nella danza.

#tarocchi #amore #karma #relazioni #animigemelle",https://www.luxseetarot.com/tarocchi-amore.html
1015,pin-1015-chimica-e-karma.png,Tarocchi Amore,Chimica e karma,"Relazioni e karma: non per controllare l’altro, per vedere la dinamica e il tuo ruolo nella danza.

#tarocchi #amore #karma #relazioni #animigemelle",https://www.luxseetarot.com/tarocchi-amore.html
1016,pin-1016-amore-che-cresce.png,Tarocchi Amore,Amore che cresce,"Relazioni e karma: non per controllare l’altro, per vedere la dinamica e il tuo ruolo nella danza.

#tarocchi #amore #karma #relazioni #animigemelle",https://www.luxseetarot.com/tarocchi-amore.html
1017,pin-1017-noi-e-io.png,Tarocchi Amore,Noi e io,"Relazioni e karma: non per controllare l’altro, per vedere la dinamica e il tuo ruolo nella danza.

#tarocchi #amore #karma #relazioni #animigemelle",https://www.luxseetarot.com/tarocchi-amore.html
1018,pin-1018-promessa-muta.png,Tarocchi Amore,Promessa muta,"Relazioni e karma: non per controllare l’altro, per vedere la dinamica e il tuo ruolo nella danza.

#tarocchi #amore #karma #relazioni #animigemelle",https://www.luxseetarot.com/tarocchi-amore.html
1019,pin-1019-corpo-che-sa.png,Tarocchi Amore,Corpo che sa,"Relazioni e karma: non per controllare l’altro, per vedere la dinamica e il tuo ruolo nella danza.

#tarocchi #amore #karma #relazioni #animigemelle",https://www.luxseetarot.com/tarocchi-amore.html
1020,pin-1020-sguardo-che-resta.png,Tarocchi Amore,Sguardo che resta,"Relazioni e karma: non per controllare l’altro, per vedere la dinamica e il tuo ruolo nella danza.

#tarocchi #amore #karma #relazioni #animigemelle",https://www.luxseetarot.com/tarocchi-amore.html
1021,pin-1021-tre-di-spade.png,Tarocchi Amore,Tre di Spade,"Relazioni e karma: non per controllare l’altro, per vedere la dinamica e il tuo ruolo nella danza.

#tarocchi #amore #karma #relazioni #animigemelle",https://www.luxseetarot.com/tarocchi-amore.html
1022,pin-1022-cuore-trafitto.png,Tarocchi Amore,Cuore trafitto,"Relazioni e karma: non per controllare l’altro, per vedere la dinamica e il tuo ruolo nella danza.

#tarocchi #amore #karma #relazioni #animigemelle",https://www.luxseetarot.com/tarocchi-amore.html
1023,pin-1023-tradimento-scoperto.png,Tarocchi Amore,Tradimento scoperto,"Relazioni e karma: non per controllare l’altro, per vedere la dinamica e il tuo ruolo nella danza.

#tarocchi #amore #karma #relazioni #animigemelle",https://www.luxseetarot.com/tarocchi-amore.html
1024,pin-1024-illusione-d-amore.png,Tarocchi Amore,Illusione d’amore,"Relazioni e karma: non per controllare l’altro, per vedere la dinamica e il tuo ruolo nella danza.

#tarocchi #amore #karma #relazioni #animigemelle",https://www.luxseetarot.com/tarocchi-amore.html
1025,pin-1025-sette-di-spade.png,Tarocchi Amore,Sette di Spade,"Relazioni e karma: non per controllare l’altro, per vedere la dinamica e il tuo ruolo nella danza.

#tarocchi #amore #karma #relazioni #animigemelle",https://www.luxseetarot.com/tarocchi-amore.html
1026,pin-1026-rami-secchi.png,Tarocchi Amore,Rami secchi,"Relazioni e karma: non per controllare l’altro, per vedere la dinamica e il tuo ruolo nella danza.

#tarocchi #amore #karma #relazioni #animigemelle",https://www.luxseetarot.com/tarocchi-amore.html
1027,pin-1027-bugia-soft.png,Tarocchi Amore,Bugia soft,"Relazioni e karma: non per controllare l’altro, per vedere la dinamica e il tuo ruolo nella danza.

#tarocchi #amore #karma #relazioni #animigemelle",https://www.luxseetarot.com/tarocchi-amore.html
1028,pin-1028-dolore-che-insegna.png,Tarocchi Amore,Dolore che insegna,"Relazioni e karma: non per controllare l’altro, per vedere la dinamica e il tuo ruolo nella danza.

#tarocchi #amore #karma #relazioni #animigemelle",https://www.luxseetarot.com/tarocchi-amore.html
1029,pin-1029-chiusura-affettiva.png,Tarocchi Amore,Chiusura affettiva,"Relazioni e karma: non per controllare l’altro, per vedere la dinamica e il tuo ruolo nella danza.

#tarocchi #amore #karma #relazioni #animigemelle",https://www.luxseetarot.com/tarocchi-amore.html
1030,pin-1030-lutto-di-un-noi.png,Tarocchi Amore,Lutto di un noi,"Relazioni e karma: non per controllare l’altro, per vedere la dinamica e il tuo ruolo nella danza.

#tarocchi #amore #karma #relazioni #animigemelle",https://www.luxseetarot.com/tarocchi-amore.html
1031,pin-1031-gelosia-messaggio.png,Tarocchi Amore,Gelosia messaggio,"Relazioni e karma: non per controllare l’altro, per vedere la dinamica e il tuo ruolo nella danza.

#tarocchi #amore #karma #relazioni #animigemelle",https://www.luxseetarot.com/tarocchi-amore.html
1032,pin-1032-attaccamento.png,Tarocchi Amore,Attaccamento,"Relazioni e karma: non per controllare l’altro, per vedere la dinamica e il tuo ruolo nella danza.

#tarocchi #amore #karma #relazioni #animigemelle",https://www.luxseetarot.com/tarocchi-amore.html
1033,pin-1033-dipendenza-soft.png,Tarocchi Amore,Dipendenza soft,"Relazioni e karma: non per controllare l’altro, per vedere la dinamica e il tuo ruolo nella danza.

#tarocchi #amore #karma #relazioni #animigemelle",https://www.luxseetarot.com/tarocchi-amore.html
1034,pin-1034-verita-tagliente.png,Tarocchi Amore,Verità tagliente,"Relazioni e karma: non per controllare l’altro, per vedere la dinamica e il tuo ruolo nella danza.

#tarocchi #amore #karma #relazioni #animigemelle",https://www.luxseetarot.com/tarocchi-amore.html
1035,pin-1035-perdono-possibile.png,Tarocchi Amore,Perdono possibile,"Relazioni e karma: non per controllare l’altro, per vedere la dinamica e il tuo ruolo nella danza.

#tarocchi #amore #karma #relazioni #animigemelle",https://www.luxseetarot.com/tarocchi-amore.html
1036,pin-1036-confine-nella-coppia.png,Tarocchi Amore,Confine nella coppia,"Relazioni e karma: non per controllare l’altro, per vedere la dinamica e il tuo ruolo nella danza.

#tarocchi #amore #karma #relazioni #animigemelle",https://www.luxseetarot.com/tarocchi-amore.html
1037,pin-1037-silenzio-a-due.png,Tarocchi Amore,Silenzio a due,"Relazioni e karma: non per controllare l’altro, per vedere la dinamica e il tuo ruolo nella danza.

#tarocchi #amore #karma #relazioni #animigemelle",https://www.luxseetarot.com/tarocchi-amore.html
1038,pin-1038-parole-mancate.png,Tarocchi Amore,Parole mancate,"Relazioni e karma: non per controllare l’altro, per vedere la dinamica e il tuo ruolo nella danza.

#tarocchi #amore #karma #relazioni #animigemelle",https://www.luxseetarot.com/tarocchi-amore.html
1039,pin-1039-riconciliazione-onesta.png,Tarocchi Amore,Riconciliazione onesta,"Relazioni e karma: non per controllare l’altro, per vedere la dinamica e il tuo ruolo nella danza.

#tarocchi #amore #karma #relazioni #animigemelle",https://www.luxseetarot.com/tarocchi-amore.html
1040,pin-1040-distanza-sana.png,Tarocchi Amore,Distanza sana,"Relazioni e karma: non per controllare l’altro, per vedere la dinamica e il tuo ruolo nella danza.

#tarocchi #amore #karma #relazioni #animigemelle",https://www.luxseetarot.com/tarocchi-amore.html
1041,pin-1041-ritorno-o-chiusura.png,Tarocchi Amore,Ritorno o chiusura,"Relazioni e karma: non per controllare l’altro, per vedere la dinamica e il tuo ruolo nella danza.

#tarocchi #amore #karma #relazioni #animigemelle",https://www.luxseetarot.com/tarocchi-amore.html
1042,pin-1042-anime-gemelle-soft.png,Tarocchi Amore,Anime gemelle soft,"Relazioni e karma: non per controllare l’altro, per vedere la dinamica e il tuo ruolo nella danza.

#tarocchi #amore #karma #relazioni #animigemelle",https://www.luxseetarot.com/tarocchi-amore.html
1043,pin-1043-fiamma-gemella.png,Tarocchi Amore,Fiamma gemella,"Relazioni e karma: non per controllare l’altro, per vedere la dinamica e il tuo ruolo nella danza.

#tarocchi #amore #karma #relazioni #animigemelle",https://www.luxseetarot.com/tarocchi-amore.html
1044,pin-1044-destino-a-due.png,Tarocchi Amore,Destino a due,"Relazioni e karma: non per controllare l’altro, per vedere la dinamica e il tuo ruolo nella danza.

#tarocchi #amore #karma #relazioni #animigemelle",https://www.luxseetarot.com/tarocchi-amore.html
1045,pin-1045-legame-karmico.png,Tarocchi Amore,Legame karmico,"Relazioni e karma: non per controllare l’altro, per vedere la dinamica e il tuo ruolo nella danza.

#tarocchi #amore #karma #relazioni #animigemelle",https://www.luxseetarot.com/tarocchi-amore.html
1046,pin-1046-contratto-d-anime.png,Tarocchi Amore,Contratto d’anime,"Relazioni e karma: non per controllare l’altro, per vedere la dinamica e il tuo ruolo nella danza.

#tarocchi #amore #karma #relazioni #animigemelle",https://www.luxseetarot.com/tarocchi-amore.html
1047,pin-1047-incontro-ripetuto.png,Tarocchi Amore,Incontro ripetuto,"Relazioni e karma: non per controllare l’altro, per vedere la dinamica e il tuo ruolo nella danza.

#tarocchi #amore #karma #relazioni #animigemelle",https://www.luxseetarot.com/tarocchi-amore.html
1048,pin-1048-magnete-reciproco.png,Tarocchi Amore,Magnete reciproco,"Relazioni e karma: non per controllare l’altro, per vedere la dinamica e il tuo ruolo nella danza.

#tarocchi #amore #karma #relazioni #animigemelle",https://www.luxseetarot.com/tarocchi-amore.html
1049,pin-1049-casa-nell-altro.png,Tarocchi Amore,Casa nell’altro,"Relazioni e karma: non per controllare l’altro, per vedere la dinamica e il tuo ruolo nella danza.

#tarocchi #amore #karma #relazioni #animigemelle",https://www.luxseetarot.com/tarocchi-amore.html
1050,pin-1050-noi-sacri.png,Tarocchi Amore,Noi sacri,"Relazioni e karma: non per controllare l’altro, per vedere la dinamica e il tuo ruolo nella danza.

#tarocchi #amore #karma #relazioni #animigemelle",https://www.luxseetarot.com/tarocchi-amore.html
1051,pin-1051-amore-adulto.png,Tarocchi Amore,Amore adulto,"Relazioni e karma: non per controllare l’altro, per vedere la dinamica e il tuo ruolo nella danza.

#tarocchi #amore #karma #relazioni #animigemelle",https://www.luxseetarot.com/tarocchi-amore.html
1052,pin-1052-passione-e-rispetto.png,Tarocchi Amore,Passione e rispetto,"Relazioni e karma: non per controllare l’altro, per vedere la dinamica e il tuo ruolo nella danza.

#tarocchi #amore #karma #relazioni #animigemelle",https://www.luxseetarot.com/tarocchi-amore.html
1053,pin-1053-cura-reciproca.png,Tarocchi Amore,Cura reciproca,"Relazioni e karma: non per controllare l’altro, per vedere la dinamica e il tuo ruolo nella danza.

#tarocchi #amore #karma #relazioni #animigemelle",https://www.luxseetarot.com/tarocchi-amore.html
1054,pin-1054-progetto-a-due.png,Tarocchi Amore,Progetto a due,"Relazioni e karma: non per controllare l’altro, per vedere la dinamica e il tuo ruolo nella danza.

#tarocchi #amore #karma #relazioni #animigemelle",https://www.luxseetarot.com/tarocchi-amore.html
1055,pin-1055-crisi-di-coppia.png,Tarocchi Amore,Crisi di coppia,"Relazioni e karma: non per controllare l’altro, per vedere la dinamica e il tuo ruolo nella danza.

#tarocchi #amore #karma #relazioni #animigemelle",https://www.luxseetarot.com/tarocchi-amore.html
1056,pin-1056-rinnovo-del-patto.png,Tarocchi Amore,Rinnovo del patto,"Relazioni e karma: non per controllare l’altro, per vedere la dinamica e il tuo ruolo nella danza.

#tarocchi #amore #karma #relazioni #animigemelle",https://www.luxseetarot.com/tarocchi-amore.html
1057,pin-1057-ex-che-torna.png,Tarocchi Amore,Ex che torna,"Relazioni e karma: non per controllare l’altro, per vedere la dinamica e il tuo ruolo nella danza.

#tarocchi #amore #karma #relazioni #animigemelle",https://www.luxseetarot.com/tarocchi-amore.html
1058,pin-1058-nuovo-inizio-soft.png,Tarocchi Amore,Nuovo inizio soft,"Relazioni e karma: non per controllare l’altro, per vedere la dinamica e il tuo ruolo nella danza.

#tarocchi #amore #karma #relazioni #animigemelle",https://www.luxseetarot.com/tarocchi-amore.html
1059,pin-1059-cuore-aperto.png,Tarocchi Amore,Cuore aperto,"Relazioni e karma: non per controllare l’altro, per vedere la dinamica e il tuo ruolo nella danza.

#tarocchi #amore #karma #relazioni #animigemelle",https://www.luxseetarot.com/tarocchi-amore.html
1060,pin-1060-fiducia-ricostruita.png,Tarocchi Amore,Fiducia ricostruita,"Relazioni e karma: non per controllare l’altro, per vedere la dinamica e il tuo ruolo nella danza.

#tarocchi #amore #karma #relazioni #animigemelle",https://www.luxseetarot.com/tarocchi-amore.html
1061,pin-1061-intimita-vera.png,Tarocchi Amore,Intimità vera,"Relazioni e karma: non per controllare l’altro, per vedere la dinamica e il tuo ruolo nella danza.

#tarocchi #amore #karma #relazioni #animigemelle",https://www.luxseetarot.com/tarocchi-amore.html
1062,pin-1062-amicizia-nell-amore.png,Tarocchi Amore,Amicizia nell’amore,"Relazioni e karma: non per controllare l’altro, per vedere la dinamica e il tuo ruolo nella danza.

#tarocchi #amore #karma #relazioni #animigemelle",https://www.luxseetarot.com/tarocchi-amore.html
1063,pin-1063-sostegno-mutuo.png,Tarocchi Amore,Sostegno mutuo,"Relazioni e karma: non per controllare l’altro, per vedere la dinamica e il tuo ruolo nella danza.

#tarocchi #amore #karma #relazioni #animigemelle",https://www.luxseetarot.com/tarocchi-amore.html
1064,pin-1064-liberta-nella-coppia.png,Tarocchi Amore,Libertà nella coppia,"Relazioni e karma: non per controllare l’altro, per vedere la dinamica e il tuo ruolo nella danza.

#tarocchi #amore #karma #relazioni #animigemelle",https://www.luxseetarot.com/tarocchi-amore.html
1065,pin-1065-gelosia-lavorata.png,Tarocchi Amore,Gelosia lavorata,"Relazioni e karma: non per controllare l’altro, per vedere la dinamica e il tuo ruolo nella danza.

#tarocchi #amore #karma #relazioni #animigemelle",https://www.luxseetarot.com/tarocchi-amore.html
1066,pin-1066-bisogno-nominato.png,Tarocchi Amore,Bisogno nominato,"Relazioni e karma: non per controllare l’altro, per vedere la dinamica e il tuo ruolo nella danza.

#tarocchi #amore #karma #relazioni #animigemelle",https://www.luxseetarot.com/tarocchi-amore.html
1067,pin-1067-ascolto-attivo.png,Tarocchi Amore,Ascolto attivo,"Relazioni e karma: non per controllare l’altro, per vedere la dinamica e il tuo ruolo nella danza.

#tarocchi #amore #karma #relazioni #animigemelle",https://www.luxseetarot.com/tarocchi-amore.html
1068,pin-1068-scusa-sincera.png,Tarocchi Amore,Scusa sincera,"Relazioni e karma: non per controllare l’altro, per vedere la dinamica e il tuo ruolo nella danza.

#tarocchi #amore #karma #relazioni #animigemelle",https://www.luxseetarot.com/tarocchi-amore.html
1069,pin-1069-grazie-concreto.png,Tarocchi Amore,Grazie concreto,"Relazioni e karma: non per controllare l’altro, per vedere la dinamica e il tuo ruolo nella danza.

#tarocchi #amore #karma #relazioni #animigemelle",https://www.luxseetarot.com/tarocchi-amore.html
1070,pin-1070-rituale-a-due.png,Tarocchi Amore,Rituale a due,"Relazioni e karma: non per controllare l’altro, per vedere la dinamica e il tuo ruolo nella danza.

#tarocchi #amore #karma #relazioni #animigemelle",https://www.luxseetarot.com/tarocchi-amore.html
1071,pin-1071-mani-intrecciate.png,Tarocchi Amore,Mani intrecciate,"Relazioni e karma: non per controllare l’altro, per vedere la dinamica e il tuo ruolo nella danza.

#tarocchi #amore #karma #relazioni #animigemelle",https://www.luxseetarot.com/tarocchi-amore.html
1072,pin-1072-carte-sull-amore.png,Tarocchi Amore,Carte sull’amore,"Relazioni e karma: non per controllare l’altro, per vedere la dinamica e il tuo ruolo nella danza.

#tarocchi #amore #karma #relazioni #animigemelle",https://www.luxseetarot.com/tarocchi-amore.html
1073,pin-1073-domanda-sul-noi.png,Tarocchi Amore,Domanda sul noi,"Relazioni e karma: non per controllare l’altro, per vedere la dinamica e il tuo ruolo nella danza.

#tarocchi #amore #karma #relazioni #animigemelle",https://www.luxseetarot.com/tarocchi-amore.html
1074,pin-1074-legame-che-matura.png,Tarocchi Amore,Legame che matura,"Relazioni e karma: non per controllare l’altro, per vedere la dinamica e il tuo ruolo nella danza.

#tarocchi #amore #karma #relazioni #animigemelle",https://www.luxseetarot.com/tarocchi-amore.html
1075,pin-1075-addio-consapevole.png,Tarocchi Amore,Addio consapevole,"Relazioni e karma: non per controllare l’altro, per vedere la dinamica e il tuo ruolo nella danza.

#tarocchi #amore #karma #relazioni #animigemelle",https://www.luxseetarot.com/tarocchi-amore.html
1076,pin-1076-ciao-nuovo.png,Tarocchi Amore,Ciao nuovo,"Relazioni e karma: non per controllare l’altro, per vedere la dinamica e il tuo ruolo nella danza.

#tarocchi #amore #karma #relazioni #animigemelle",https://www.luxseetarot.com/tarocchi-amore.html
1077,pin-1077-cuore-intero.png,Tarocchi Amore,Cuore intero,"Relazioni e karma: non per controllare l’altro, per vedere la dinamica e il tuo ruolo nella danza.

#tarocchi #amore #karma #relazioni #animigemelle",https://www.luxseetarot.com/tarocchi-amore.html
1078,pin-1078-amore-e-destino.png,Tarocchi Amore,Amore e destino,"Relazioni e karma: non per controllare l’altro, per vedere la dinamica e il tuo ruolo nella danza.

#tarocchi #amore #karma #relazioni #animigemelle",https://www.luxseetarot.com/tarocchi-amore.html
1079,pin-1079-karma-di-coppia.png,Tarocchi Amore,Karma di coppia,"Relazioni e karma: non per controllare l’altro, per vedere la dinamica e il tuo ruolo nella danza.

#tarocchi #amore #karma #relazioni #animigemelle",https://www.luxseetarot.com/tarocchi-amore.html
1080,pin-1080-anima-riconosce.png,Tarocchi Amore,Anima riconosce,"Relazioni e karma: non per controllare l’altro, per vedere la dinamica e il tuo ruolo nella danza.

#tarocchi #amore #karma #relazioni #animigemelle",https://www.luxseetarot.com/tarocchi-amore.html
1081,pin-1081-tecnomanzia-soft.png,Tarocchi Futuro,Tecnomanzia soft,"Tra simbolo antico e mondo digitale: il sacro resta — anche nel caos della rete, se sai ascoltare.

#tarocchi #cyberwitch #tecnomanzia #futuro #digitale",https://www.luxseetarot.com/tarocchi-futuro.html
1082,pin-1082-algoritmo-e-fato.png,Tarocchi Futuro,Algoritmo e fato,"Tra simbolo antico e mondo digitale: il sacro resta — anche nel caos della rete, se sai ascoltare.

#tarocchi #cyberwitch #tecnomanzia #futuro #digitale",https://www.luxseetarot.com/tarocchi-futuro.html
1083,pin-1083-ai-e-oracolo.png,Tarocchi Futuro,AI e oracolo,"Tra simbolo antico e mondo digitale: il sacro resta — anche nel caos della rete, se sai ascoltare.

#tarocchi #cyberwitch #tecnomanzia #futuro #digitale",https://www.luxseetarot.com/tarocchi-futuro.html
1084,pin-1084-glitch-sacro.png,Tarocchi Futuro,Glitch sacro,"Tra simbolo antico e mondo digitale: il sacro resta — anche nel caos della rete, se sai ascoltare.

#tarocchi #cyberwitch #tecnomanzia #futuro #digitale",https://www.luxseetarot.com/tarocchi-futuro.html
1085,pin-1085-neon-interiore.png,Tarocchi Futuro,Neon interiore,"Tra simbolo antico e mondo digitale: il sacro resta — anche nel caos della rete, se sai ascoltare.

#tarocchi #cyberwitch #tecnomanzia #futuro #digitale",https://www.luxseetarot.com/tarocchi-futuro.html
1086,pin-1086-synthwave-soul.png,Tarocchi Futuro,Synthwave soul,"Tra simbolo antico e mondo digitale: il sacro resta — anche nel caos della rete, se sai ascoltare.

#tarocchi #cyberwitch #tecnomanzia #futuro #digitale",https://www.luxseetarot.com/tarocchi-futuro.html
1087,pin-1087-pixel-e-spirito.png,Tarocchi Futuro,Pixel e spirito,"Tra simbolo antico e mondo digitale: il sacro resta — anche nel caos della rete, se sai ascoltare.

#tarocchi #cyberwitch #tecnomanzia #futuro #digitale",https://www.luxseetarot.com/tarocchi-futuro.html
1088,pin-1088-codice-del-destino.png,Tarocchi Futuro,Codice del destino,"Tra simbolo antico e mondo digitale: il sacro resta — anche nel caos della rete, se sai ascoltare.

#tarocchi #cyberwitch #tecnomanzia #futuro #digitale",https://www.luxseetarot.com/tarocchi-futuro.html
1089,pin-1089-hackera-il-fato.png,Tarocchi Futuro,Hackera il fato,"Tra simbolo antico e mondo digitale: il sacro resta — anche nel caos della rete, se sai ascoltare.

#tarocchi #cyberwitch #tecnomanzia #futuro #digitale",https://www.luxseetarot.com/tarocchi-futuro.html
1090,pin-1090-vecchie-regole.png,Tarocchi Futuro,Vecchie regole,"Tra simbolo antico e mondo digitale: il sacro resta — anche nel caos della rete, se sai ascoltare.

#tarocchi #cyberwitch #tecnomanzia #futuro #digitale",https://www.luxseetarot.com/tarocchi-futuro.html
1091,pin-1091-script-personale.png,Tarocchi Futuro,Script personale,"Tra simbolo antico e mondo digitale: il sacro resta — anche nel caos della rete, se sai ascoltare.

#tarocchi #cyberwitch #tecnomanzia #futuro #digitale",https://www.luxseetarot.com/tarocchi-futuro.html
1092,pin-1092-debug-dell-anima.png,Tarocchi Futuro,Debug dell’anima,"Tra simbolo antico e mondo digitale: il sacro resta — anche nel caos della rete, se sai ascoltare.

#tarocchi #cyberwitch #tecnomanzia #futuro #digitale",https://www.luxseetarot.com/tarocchi-futuro.html
1093,pin-1093-firewall-emotivo.png,Tarocchi Futuro,Firewall emotivo,"Tra simbolo antico e mondo digitale: il sacro resta — anche nel caos della rete, se sai ascoltare.

#tarocchi #cyberwitch #tecnomanzia #futuro #digitale",https://www.luxseetarot.com/tarocchi-futuro.html
1094,pin-1094-upload-di-intenzioni.png,Tarocchi Futuro,Upload di intenzioni,"Tra simbolo antico e mondo digitale: il sacro resta — anche nel caos della rete, se sai ascoltare.

#tarocchi #cyberwitch #tecnomanzia #futuro #digitale",https://www.luxseetarot.com/tarocchi-futuro.html
1095,pin-1095-download-di-segni.png,Tarocchi Futuro,Download di segni,"Tra simbolo antico e mondo digitale: il sacro resta — anche nel caos della rete, se sai ascoltare.

#tarocchi #cyberwitch #tecnomanzia #futuro #digitale",https://www.luxseetarot.com/tarocchi-futuro.html
1096,pin-1096-fantasma-nella-rete.png,Tarocchi Futuro,Fantasma nella rete,"Tra simbolo antico e mondo digitale: il sacro resta — anche nel caos della rete, se sai ascoltare.

#tarocchi #cyberwitch #tecnomanzia #futuro #digitale",https://www.luxseetarot.com/tarocchi-futuro.html
1097,pin-1097-caos-digitale.png,Tarocchi Futuro,Caos digitale,"Tra simbolo antico e mondo digitale: il sacro resta — anche nel caos della rete, se sai ascoltare.

#tarocchi #cyberwitch #tecnomanzia #futuro #digitale",https://www.luxseetarot.com/tarocchi-futuro.html
1098,pin-1098-scroll-infinito.png,Tarocchi Futuro,Scroll infinito,"Tra simbolo antico e mondo digitale: il sacro resta — anche nel caos della rete, se sai ascoltare.

#tarocchi #cyberwitch #tecnomanzia #futuro #digitale",https://www.luxseetarot.com/tarocchi-futuro.html
1099,pin-1099-notifica-sacra.png,Tarocchi Futuro,Notifica sacra,"Tra simbolo antico e mondo digitale: il sacro resta — anche nel caos della rete, se sai ascoltare.

#tarocchi #cyberwitch #tecnomanzia #futuro #digitale",https://www.luxseetarot.com/tarocchi-futuro.html
1100,pin-1100-avatar-e-se.png,Tarocchi Futuro,Avatar e Sé,"Tra simbolo antico e mondo digitale: il sacro resta — anche nel caos della rete, se sai ascoltare.

#tarocchi #cyberwitch #tecnomanzia #futuro #digitale",https://www.luxseetarot.com/tarocchi-futuro.html
1101,pin-1101-profilo-vs-persona.png,Tarocchi Futuro,Profilo vs persona,"Tra simbolo antico e mondo digitale: il sacro resta — anche nel caos della rete, se sai ascoltare.

#tarocchi #cyberwitch #tecnomanzia #futuro #digitale",https://www.luxseetarot.com/tarocchi-futuro.html
1102,pin-1102-online-e-offline.png,Tarocchi Futuro,Online e offline,"Tra simbolo antico e mondo digitale: il sacro resta — anche nel caos della rete, se sai ascoltare.

#tarocchi #cyberwitch #tecnomanzia #futuro #digitale",https://www.luxseetarot.com/tarocchi-futuro.html
1103,pin-1103-connessione-vera.png,Tarocchi Futuro,Connessione vera,"Tra simbolo antico e mondo digitale: il sacro resta — anche nel caos della rete, se sai ascoltare.

#tarocchi #cyberwitch #tecnomanzia #futuro #digitale",https://www.luxseetarot.com/tarocchi-futuro.html
1104,pin-1104-latenza-dell-anima.png,Tarocchi Futuro,Latenza dell’anima,"Tra simbolo antico e mondo digitale: il sacro resta — anche nel caos della rete, se sai ascoltare.

#tarocchi #cyberwitch #tecnomanzia #futuro #digitale",https://www.luxseetarot.com/tarocchi-futuro.html
1105,pin-1105-server-interiore.png,Tarocchi Futuro,Server interiore,"Tra simbolo antico e mondo digitale: il sacro resta — anche nel caos della rete, se sai ascoltare.

#tarocchi #cyberwitch #tecnomanzia #futuro #digitale",https://www.luxseetarot.com/tarocchi-futuro.html
1106,pin-1106-cloud-di-pensieri.png,Tarocchi Futuro,Cloud di pensieri,"Tra simbolo antico e mondo digitale: il sacro resta — anche nel caos della rete, se sai ascoltare.

#tarocchi #cyberwitch #tecnomanzia #futuro #digitale",https://www.luxseetarot.com/tarocchi-futuro.html
1107,pin-1107-cache-emotiva.png,Tarocchi Futuro,Cache emotiva,"Tra simbolo antico e mondo digitale: il sacro resta — anche nel caos della rete, se sai ascoltare.

#tarocchi #cyberwitch #tecnomanzia #futuro #digitale",https://www.luxseetarot.com/tarocchi-futuro.html
1108,pin-1108-password-del-cuore.png,Tarocchi Futuro,Password del cuore,"Tra simbolo antico e mondo digitale: il sacro resta — anche nel caos della rete, se sai ascoltare.

#tarocchi #cyberwitch #tecnomanzia #futuro #digitale",https://www.luxseetarot.com/tarocchi-futuro.html
1109,pin-1109-encrypt-il-sacro.png,Tarocchi Futuro,Encrypt il sacro,"Tra simbolo antico e mondo digitale: il sacro resta — anche nel caos della rete, se sai ascoltare.

#tarocchi #cyberwitch #tecnomanzia #futuro #digitale",https://www.luxseetarot.com/tarocchi-futuro.html
1110,pin-1110-decrypt-il-dubbio.png,Tarocchi Futuro,Decrypt il dubbio,"Tra simbolo antico e mondo digitale: il sacro resta — anche nel caos della rete, se sai ascoltare.

#tarocchi #cyberwitch #tecnomanzia #futuro #digitale",https://www.luxseetarot.com/tarocchi-futuro.html
1111,pin-1111-open-source-soul.png,Tarocchi Futuro,Open source soul,"Tra simbolo antico e mondo digitale: il sacro resta — anche nel caos della rete, se sai ascoltare.

#tarocchi #cyberwitch #tecnomanzia #futuro #digitale",https://www.luxseetarot.com/tarocchi-futuro.html
1112,pin-1112-closed-source-fear.png,Tarocchi Futuro,Closed source fear,"Tra simbolo antico e mondo digitale: il sacro resta — anche nel caos della rete, se sai ascoltare.

#tarocchi #cyberwitch #tecnomanzia #futuro #digitale",https://www.luxseetarot.com/tarocchi-futuro.html
1113,pin-1113-patch-al-pattern.png,Tarocchi Futuro,Patch al pattern,"Tra simbolo antico e mondo digitale: il sacro resta — anche nel caos della rete, se sai ascoltare.

#tarocchi #cyberwitch #tecnomanzia #futuro #digitale",https://www.luxseetarot.com/tarocchi-futuro.html
1114,pin-1114-version-2-0-di-te.png,Tarocchi Futuro,Version 2.0 di te,"Tra simbolo antico e mondo digitale: il sacro resta — anche nel caos della rete, se sai ascoltare.

#tarocchi #cyberwitch #tecnomanzia #futuro #digitale",https://www.luxseetarot.com/tarocchi-futuro.html
1115,pin-1115-beta-del-cambiamento.png,Tarocchi Futuro,Beta del cambiamento,"Tra simbolo antico e mondo digitale: il sacro resta — anche nel caos della rete, se sai ascoltare.

#tarocchi #cyberwitch #tecnomanzia #futuro #digitale",https://www.luxseetarot.com/tarocchi-futuro.html
1116,pin-1116-crash-utile.png,Tarocchi Futuro,Crash utile,"Tra simbolo antico e mondo digitale: il sacro resta — anche nel caos della rete, se sai ascoltare.

#tarocchi #cyberwitch #tecnomanzia #futuro #digitale",https://www.luxseetarot.com/tarocchi-futuro.html
1117,pin-1117-safe-mode.png,Tarocchi Futuro,Safe mode,"Tra simbolo antico e mondo digitale: il sacro resta — anche nel caos della rete, se sai ascoltare.

#tarocchi #cyberwitch #tecnomanzia #futuro #digitale",https://www.luxseetarot.com/tarocchi-futuro.html
1118,pin-1118-root-access.png,Tarocchi Futuro,Root access,"Tra simbolo antico e mondo digitale: il sacro resta — anche nel caos della rete, se sai ascoltare.

#tarocchi #cyberwitch #tecnomanzia #futuro #digitale",https://www.luxseetarot.com/tarocchi-futuro.html
1119,pin-1119-kernel-del-se.png,Tarocchi Futuro,Kernel del Sé,"Tra simbolo antico e mondo digitale: il sacro resta — anche nel caos della rete, se sai ascoltare.

#tarocchi #cyberwitch #tecnomanzia #futuro #digitale",https://www.luxseetarot.com/tarocchi-futuro.html
1120,pin-1120-terminal-interiore.png,Tarocchi Futuro,Terminal interiore,"Tra simbolo antico e mondo digitale: il sacro resta — anche nel caos della rete, se sai ascoltare.

#tarocchi #cyberwitch #tecnomanzia #futuro #digitale",https://www.luxseetarot.com/tarocchi-futuro.html
1121,pin-1121-prompt-onesto.png,Tarocchi Futuro,Prompt onesto,"Tra simbolo antico e mondo digitale: il sacro resta — anche nel caos della rete, se sai ascoltare.

#tarocchi #cyberwitch #tecnomanzia #futuro #digitale",https://www.luxseetarot.com/tarocchi-futuro.html
1122,pin-1122-output-lucido.png,Tarocchi Futuro,Output lucido,"Tra simbolo antico e mondo digitale: il sacro resta — anche nel caos della rete, se sai ascoltare.

#tarocchi #cyberwitch #tecnomanzia #futuro #digitale",https://www.luxseetarot.com/tarocchi-futuro.html
1123,pin-1123-input-sporco.png,Tarocchi Futuro,Input sporco,"Tra simbolo antico e mondo digitale: il sacro resta — anche nel caos della rete, se sai ascoltare.

#tarocchi #cyberwitch #tecnomanzia #futuro #digitale",https://www.luxseetarot.com/tarocchi-futuro.html
1124,pin-1124-loop-infinito.png,Tarocchi Futuro,Loop infinito,"Tra simbolo antico e mondo digitale: il sacro resta — anche nel caos della rete, se sai ascoltare.

#tarocchi #cyberwitch #tecnomanzia #futuro #digitale",https://www.luxseetarot.com/tarocchi-futuro.html
1125,pin-1125-stack-overflow.png,Tarocchi Futuro,Stack overflow,"Tra simbolo antico e mondo digitale: il sacro resta — anche nel caos della rete, se sai ascoltare.

#tarocchi #cyberwitch #tecnomanzia #futuro #digitale",https://www.luxseetarot.com/tarocchi-futuro.html
1126,pin-1126-memory-leak.png,Tarocchi Futuro,Memory leak,"Tra simbolo antico e mondo digitale: il sacro resta — anche nel caos della rete, se sai ascoltare.

#tarocchi #cyberwitch #tecnomanzia #futuro #digitale",https://www.luxseetarot.com/tarocchi-futuro.html
1127,pin-1127-garbage-collect.png,Tarocchi Futuro,Garbage collect,"Tra simbolo antico e mondo digitale: il sacro resta — anche nel caos della rete, se sai ascoltare.

#tarocchi #cyberwitch #tecnomanzia #futuro #digitale",https://www.luxseetarot.com/tarocchi-futuro.html
1128,pin-1128-compile-the-choice.png,Tarocchi Futuro,Compile the choice,"Tra simbolo antico e mondo digitale: il sacro resta — anche nel caos della rete, se sai ascoltare.

#tarocchi #cyberwitch #tecnomanzia #futuro #digitale",https://www.luxseetarot.com/tarocchi-futuro.html
1129,pin-1129-runtime-del-presente.png,Tarocchi Futuro,Runtime del presente,"Tra simbolo antico e mondo digitale: il sacro resta — anche nel caos della rete, se sai ascoltare.

#tarocchi #cyberwitch #tecnomanzia #futuro #digitale",https://www.luxseetarot.com/tarocchi-futuro.html
1130,pin-1130-future-commit.png,Tarocchi Futuro,Future commit,"Tra simbolo antico e mondo digitale: il sacro resta — anche nel caos della rete, se sai ascoltare.

#tarocchi #cyberwitch #tecnomanzia #futuro #digitale",https://www.luxseetarot.com/tarocchi-futuro.html
1131,pin-1131-rollback-emotivo.png,Tarocchi Futuro,Rollback emotivo,"Tra simbolo antico e mondo digitale: il sacro resta — anche nel caos della rete, se sai ascoltare.

#tarocchi #cyberwitch #tecnomanzia #futuro #digitale",https://www.luxseetarot.com/tarocchi-futuro.html
1132,pin-1132-merge-conflict.png,Tarocchi Futuro,Merge conflict,"Tra simbolo antico e mondo digitale: il sacro resta — anche nel caos della rete, se sai ascoltare.

#tarocchi #cyberwitch #tecnomanzia #futuro #digitale",https://www.luxseetarot.com/tarocchi-futuro.html
1133,pin-1133-resolve-with-care.png,Tarocchi Futuro,Resolve with care,"Tra simbolo antico e mondo digitale: il sacro resta — anche nel caos della rete, se sai ascoltare.

#tarocchi #cyberwitch #tecnomanzia #futuro #digitale",https://www.luxseetarot.com/tarocchi-futuro.html
1134,pin-1134-branch-nuovo.png,Tarocchi Futuro,Branch nuovo,"Tra simbolo antico e mondo digitale: il sacro resta — anche nel caos della rete, se sai ascoltare.

#tarocchi #cyberwitch #tecnomanzia #futuro #digitale",https://www.luxseetarot.com/tarocchi-futuro.html
1135,pin-1135-main-aggiornata.png,Tarocchi Futuro,Main aggiornata,"Tra simbolo antico e mondo digitale: il sacro resta — anche nel caos della rete, se sai ascoltare.

#tarocchi #cyberwitch #tecnomanzia #futuro #digitale",https://www.luxseetarot.com/tarocchi-futuro.html
1136,pin-1136-fork-del-destino.png,Tarocchi Futuro,Fork del destino,"Tra simbolo antico e mondo digitale: il sacro resta — anche nel caos della rete, se sai ascoltare.

#tarocchi #cyberwitch #tecnomanzia #futuro #digitale",https://www.luxseetarot.com/tarocchi-futuro.html
1137,pin-1137-pull-request-all-universo.png,Tarocchi Futuro,Pull request all’universo,"Tra simbolo antico e mondo digitale: il sacro resta — anche nel caos della rete, se sai ascoltare.

#tarocchi #cyberwitch #tecnomanzia #futuro #digitale",https://www.luxseetarot.com/tarocchi-futuro.html
1138,pin-1138-api-del-sacro.png,Tarocchi Futuro,API del sacro,"Tra simbolo antico e mondo digitale: il sacro resta — anche nel caos della rete, se sai ascoltare.

#tarocchi #cyberwitch #tecnomanzia #futuro #digitale",https://www.luxseetarot.com/tarocchi-futuro.html
1139,pin-1139-webhook-di-segni.png,Tarocchi Futuro,Webhook di segni,"Tra simbolo antico e mondo digitale: il sacro resta — anche nel caos della rete, se sai ascoltare.

#tarocchi #cyberwitch #tecnomanzia #futuro #digitale",https://www.luxseetarot.com/tarocchi-futuro.html
1140,pin-1140-latency-spirituale.png,Tarocchi Futuro,Latency spirituale,"Tra simbolo antico e mondo digitale: il sacro resta — anche nel caos della rete, se sai ascoltare.

#tarocchi #cyberwitch #tecnomanzia #futuro #digitale",https://www.luxseetarot.com/tarocchi-futuro.html
1141,pin-1141-bandwidth-emotiva.png,Tarocchi Futuro,Bandwidth emotiva,"Tra simbolo antico e mondo digitale: il sacro resta — anche nel caos della rete, se sai ascoltare.

#tarocchi #cyberwitch #tecnomanzia #futuro #digitale",https://www.luxseetarot.com/tarocchi-futuro.html
1142,pin-1142-noise-to-signal.png,Tarocchi Futuro,Noise to signal,"Tra simbolo antico e mondo digitale: il sacro resta — anche nel caos della rete, se sai ascoltare.

#tarocchi #cyberwitch #tecnomanzia #futuro #digitale",https://www.luxseetarot.com/tarocchi-futuro.html
1143,pin-1143-dark-mode-anima.png,Tarocchi Futuro,Dark mode anima,"Tra simbolo antico e mondo digitale: il sacro resta — anche nel caos della rete, se sai ascoltare.

#tarocchi #cyberwitch #tecnomanzia #futuro #digitale",https://www.luxseetarot.com/tarocchi-futuro.html
1144,pin-1144-light-mode-cuore.png,Tarocchi Futuro,Light mode cuore,"Tra simbolo antico e mondo digitale: il sacro resta — anche nel caos della rete, se sai ascoltare.

#tarocchi #cyberwitch #tecnomanzia #futuro #digitale",https://www.luxseetarot.com/tarocchi-futuro.html
1145,pin-1145-hud-interiore.png,Tarocchi Futuro,HUD interiore,"Tra simbolo antico e mondo digitale: il sacro resta — anche nel caos della rete, se sai ascoltare.

#tarocchi #cyberwitch #tecnomanzia #futuro #digitale",https://www.luxseetarot.com/tarocchi-futuro.html
1146,pin-1146-glitch-art-fate.png,Tarocchi Futuro,Glitch art fate,"Tra simbolo antico e mondo digitale: il sacro resta — anche nel caos della rete, se sai ascoltare.

#tarocchi #cyberwitch #tecnomanzia #futuro #digitale",https://www.luxseetarot.com/tarocchi-futuro.html
1147,pin-1147-cyber-strega.png,Tarocchi Futuro,Cyber strega,"Tra simbolo antico e mondo digitale: il sacro resta — anche nel caos della rete, se sai ascoltare.

#tarocchi #cyberwitch #tecnomanzia #futuro #digitale",https://www.luxseetarot.com/tarocchi-futuro.html
1148,pin-1148-tarocchi-digitali.png,Tarocchi Futuro,Tarocchi digitali,"Tra simbolo antico e mondo digitale: il sacro resta — anche nel caos della rete, se sai ascoltare.

#tarocchi #cyberwitch #tecnomanzia #futuro #digitale",https://www.luxseetarot.com/tarocchi-futuro.html
1149,pin-1149-oracolo-in-cloud.png,Tarocchi Futuro,Oracolo in cloud,"Tra simbolo antico e mondo digitale: il sacro resta — anche nel caos della rete, se sai ascoltare.

#tarocchi #cyberwitch #tecnomanzia #futuro #digitale",https://www.luxseetarot.com/tarocchi-futuro.html
1150,pin-1150-destino-e-codice.png,Tarocchi Futuro,Destino è codice,"Tra simbolo antico e mondo digitale: il sacro resta — anche nel caos della rete, se sai ascoltare.

#tarocchi #cyberwitch #tecnomanzia #futuro #digitale",https://www.luxseetarot.com/tarocchi-futuro.html
1151,pin-1151-fato-legacy.png,Tarocchi Futuro,Fato legacy,"Tra simbolo antico e mondo digitale: il sacro resta — anche nel caos della rete, se sai ascoltare.

#tarocchi #cyberwitch #tecnomanzia #futuro #digitale",https://www.luxseetarot.com/tarocchi-futuro.html
1152,pin-1152-nuova-syntax.png,Tarocchi Futuro,Nuova syntax,"Tra simbolo antico e mondo digitale: il sacro resta — anche nel caos della rete, se sai ascoltare.

#tarocchi #cyberwitch #tecnomanzia #futuro #digitale",https://www.luxseetarot.com/tarocchi-futuro.html
1153,pin-1153-carta-a-colazione.png,Lettura Tarocchi Gratis,Carta a colazione,"Tarocchi come comfort quotidiano: un rito piccolo, caldo, onesto — lontano dalla performance.

#tarocchi #selfcare #cozy #ritualedelmattino #quotidianità",https://www.luxseetarot.com/tarocchi-gratis.html
1154,pin-1154-rituale-del-mattino.png,Lettura Tarocchi Gratis,Rituale del mattino,"Tarocchi come comfort quotidiano: un rito piccolo, caldo, onesto — lontano dalla performance.

#tarocchi #selfcare #cozy #ritualedelmattino #quotidianità",https://www.luxseetarot.com/tarocchi-gratis.html
1155,pin-1155-te-e-una-carta.png,Lettura Tarocchi Gratis,Tè e una carta,"Tarocchi come comfort quotidiano: un rito piccolo, caldo, onesto — lontano dalla performance.

#tarocchi #selfcare #cozy #ritualedelmattino #quotidianità",https://www.luxseetarot.com/tarocchi-gratis.html
1156,pin-1156-luce-mattutina.png,Lettura Tarocchi Gratis,Luce mattutina,"Tarocchi come comfort quotidiano: un rito piccolo, caldo, onesto — lontano dalla performance.

#tarocchi #selfcare #cozy #ritualedelmattino #quotidianità",https://www.luxseetarot.com/tarocchi-gratis.html
1157,pin-1157-coperta-e-ascolto.png,Lettura Tarocchi Gratis,Coperta e ascolto,"Tarocchi come comfort quotidiano: un rito piccolo, caldo, onesto — lontano dalla performance.

#tarocchi #selfcare #cozy #ritualedelmattino #quotidianità",https://www.luxseetarot.com/tarocchi-gratis.html
1158,pin-1158-self-care-esoterico.png,Lettura Tarocchi Gratis,Self-care esoterico,"Tarocchi come comfort quotidiano: un rito piccolo, caldo, onesto — lontano dalla performance.

#tarocchi #selfcare #cozy #ritualedelmattino #quotidianità",https://www.luxseetarot.com/tarocchi-gratis.html
1159,pin-1159-coccola-interiore.png,Lettura Tarocchi Gratis,Coccola interiore,"Tarocchi come comfort quotidiano: un rito piccolo, caldo, onesto — lontano dalla performance.

#tarocchi #selfcare #cozy #ritualedelmattino #quotidianità",https://www.luxseetarot.com/tarocchi-gratis.html
1160,pin-1160-momento-soft.png,Lettura Tarocchi Gratis,Momento soft,"Tarocchi come comfort quotidiano: un rito piccolo, caldo, onesto — lontano dalla performance.

#tarocchi #selfcare #cozy #ritualedelmattino #quotidianità",https://www.luxseetarot.com/tarocchi-gratis.html
1161,pin-1161-piccola-magia.png,Lettura Tarocchi Gratis,Piccola magia,"Tarocchi come comfort quotidiano: un rito piccolo, caldo, onesto — lontano dalla performance.

#tarocchi #selfcare #cozy #ritualedelmattino #quotidianità",https://www.luxseetarot.com/tarocchi-gratis.html
1162,pin-1162-dettaglio-arcano.png,Lettura Tarocchi Gratis,Dettaglio arcano,"Tarocchi come comfort quotidiano: un rito piccolo, caldo, onesto — lontano dalla performance.

#tarocchi #selfcare #cozy #ritualedelmattino #quotidianità",https://www.luxseetarot.com/tarocchi-gratis.html
1163,pin-1163-caffe-e-intuito.png,Lettura Tarocchi Gratis,Caffè e intuito,"Tarocchi come comfort quotidiano: un rito piccolo, caldo, onesto — lontano dalla performance.

#tarocchi #selfcare #cozy #ritualedelmattino #quotidianità",https://www.luxseetarot.com/tarocchi-gratis.html
1164,pin-1164-letto-e-carte.png,Lettura Tarocchi Gratis,Letto e carte,"Tarocchi come comfort quotidiano: un rito piccolo, caldo, onesto — lontano dalla performance.

#tarocchi #selfcare #cozy #ritualedelmattino #quotidianità",https://www.luxseetarot.com/tarocchi-gratis.html
1165,pin-1165-finestra-aperta.png,Lettura Tarocchi Gratis,Finestra aperta,"Tarocchi come comfort quotidiano: un rito piccolo, caldo, onesto — lontano dalla performance.

#tarocchi #selfcare #cozy #ritualedelmattino #quotidianità",https://www.luxseetarot.com/tarocchi-gratis.html
1166,pin-1166-candela-soft.png,Lettura Tarocchi Gratis,Candela soft,"Tarocchi come comfort quotidiano: un rito piccolo, caldo, onesto — lontano dalla performance.

#tarocchi #selfcare #cozy #ritualedelmattino #quotidianità",https://www.luxseetarot.com/tarocchi-gratis.html
1167,pin-1167-tazza-calda.png,Lettura Tarocchi Gratis,Tazza calda,"Tarocchi come comfort quotidiano: un rito piccolo, caldo, onesto — lontano dalla performance.

#tarocchi #selfcare #cozy #ritualedelmattino #quotidianità",https://www.luxseetarot.com/tarocchi-gratis.html
1168,pin-1168-giorno-in-una-carta.png,Lettura Tarocchi Gratis,Giorno in una carta,"Tarocchi come comfort quotidiano: un rito piccolo, caldo, onesto — lontano dalla performance.

#tarocchi #selfcare #cozy #ritualedelmattino #quotidianità",https://www.luxseetarot.com/tarocchi-gratis.html
1169,pin-1169-check-in-soft.png,Lettura Tarocchi Gratis,Check-in soft,"Tarocchi come comfort quotidiano: un rito piccolo, caldo, onesto — lontano dalla performance.

#tarocchi #selfcare #cozy #ritualedelmattino #quotidianità",https://www.luxseetarot.com/tarocchi-gratis.html
1170,pin-1170-respiro-e-pesca.png,Lettura Tarocchi Gratis,Respiro e pesca,"Tarocchi come comfort quotidiano: un rito piccolo, caldo, onesto — lontano dalla performance.

#tarocchi #selfcare #cozy #ritualedelmattino #quotidianità",https://www.luxseetarot.com/tarocchi-gratis.html
1171,pin-1171-diario-di-una-carta.png,Lettura Tarocchi Gratis,Diario di una carta,"Tarocchi come comfort quotidiano: un rito piccolo, caldo, onesto — lontano dalla performance.

#tarocchi #selfcare #cozy #ritualedelmattino #quotidianità",https://www.luxseetarot.com/tarocchi-gratis.html
1172,pin-1172-sera-che-chiude.png,Lettura Tarocchi Gratis,Sera che chiude,"Tarocchi come comfort quotidiano: un rito piccolo, caldo, onesto — lontano dalla performance.

#tarocchi #selfcare #cozy #ritualedelmattino #quotidianità",https://www.luxseetarot.com/tarocchi-gratis.html
1173,pin-1173-notte-senza-scroll.png,Lettura Tarocchi Gratis,Notte senza scroll,"Tarocchi come comfort quotidiano: un rito piccolo, caldo, onesto — lontano dalla performance.

#tarocchi #selfcare #cozy #ritualedelmattino #quotidianità",https://www.luxseetarot.com/tarocchi-gratis.html
1174,pin-1174-domenica-oracolo.png,Lettura Tarocchi Gratis,Domenica oracolo,"Tarocchi come comfort quotidiano: un rito piccolo, caldo, onesto — lontano dalla performance.

#tarocchi #selfcare #cozy #ritualedelmattino #quotidianità",https://www.luxseetarot.com/tarocchi-gratis.html
1175,pin-1175-pausa-caffe-sacra.png,Lettura Tarocchi Gratis,Pausa caffè sacra,"Tarocchi come comfort quotidiano: un rito piccolo, caldo, onesto — lontano dalla performance.

#tarocchi #selfcare #cozy #ritualedelmattino #quotidianità",https://www.luxseetarot.com/tarocchi-gratis.html
1176,pin-1176-pranzo-consapevole.png,Lettura Tarocchi Gratis,Pranzo consapevole,"Tarocchi come comfort quotidiano: un rito piccolo, caldo, onesto — lontano dalla performance.

#tarocchi #selfcare #cozy #ritualedelmattino #quotidianità",https://www.luxseetarot.com/tarocchi-gratis.html
1177,pin-1177-tra-una-mail-e-l-altra.png,Lettura Tarocchi Gratis,Tra una mail e l’altra,"Tarocchi come comfort quotidiano: un rito piccolo, caldo, onesto — lontano dalla performance.

#tarocchi #selfcare #cozy #ritualedelmattino #quotidianità",https://www.luxseetarot.com/tarocchi-gratis.html
1178,pin-1178-dopo-lavoro.png,Lettura Tarocchi Gratis,Dopo lavoro,"Tarocchi come comfort quotidiano: un rito piccolo, caldo, onesto — lontano dalla performance.

#tarocchi #selfcare #cozy #ritualedelmattino #quotidianità",https://www.luxseetarot.com/tarocchi-gratis.html
1179,pin-1179-casa-come-tempio.png,Lettura Tarocchi Gratis,Casa come tempio,"Tarocchi come comfort quotidiano: un rito piccolo, caldo, onesto — lontano dalla performance.

#tarocchi #selfcare #cozy #ritualedelmattino #quotidianità",https://www.luxseetarot.com/tarocchi-gratis.html
1180,pin-1180-angolo-carte.png,Lettura Tarocchi Gratis,Angolo carte,"Tarocchi come comfort quotidiano: un rito piccolo, caldo, onesto — lontano dalla performance.

#tarocchi #selfcare #cozy #ritualedelmattino #quotidianità",https://www.luxseetarot.com/tarocchi-gratis.html
1181,pin-1181-luce-calda.png,Lettura Tarocchi Gratis,Luce calda,"Tarocchi come comfort quotidiano: un rito piccolo, caldo, onesto — lontano dalla performance.

#tarocchi #selfcare #cozy #ritualedelmattino #quotidianità",https://www.luxseetarot.com/tarocchi-gratis.html
1182,pin-1182-tessuto-soft.png,Lettura Tarocchi Gratis,Tessuto soft,"Tarocchi come comfort quotidiano: un rito piccolo, caldo, onesto — lontano dalla performance.

#tarocchi #selfcare #cozy #ritualedelmattino #quotidianità",https://www.luxseetarot.com/tarocchi-gratis.html
1183,pin-1183-pioggia-fuori.png,Lettura Tarocchi Gratis,Pioggia fuori,"Tarocchi come comfort quotidiano: un rito piccolo, caldo, onesto — lontano dalla performance.

#tarocchi #selfcare #cozy #ritualedelmattino #quotidianità",https://www.luxseetarot.com/tarocchi-gratis.html
1184,pin-1184-sole-sul-tavolo.png,Lettura Tarocchi Gratis,Sole sul tavolo,"Tarocchi come comfort quotidiano: un rito piccolo, caldo, onesto — lontano dalla performance.

#tarocchi #selfcare #cozy #ritualedelmattino #quotidianità",https://www.luxseetarot.com/tarocchi-gratis.html
1185,pin-1185-stagione-soft.png,Lettura Tarocchi Gratis,Stagione soft,"Tarocchi come comfort quotidiano: un rito piccolo, caldo, onesto — lontano dalla performance.

#tarocchi #selfcare #cozy #ritualedelmattino #quotidianità",https://www.luxseetarot.com/tarocchi-gratis.html
1186,pin-1186-fiori-e-carte.png,Lettura Tarocchi Gratis,Fiori e carte,"Tarocchi come comfort quotidiano: un rito piccolo, caldo, onesto — lontano dalla performance.

#tarocchi #selfcare #cozy #ritualedelmattino #quotidianità",https://www.luxseetarot.com/tarocchi-gratis.html
1187,pin-1187-pane-e-senso.png,Lettura Tarocchi Gratis,Pane e senso,"Tarocchi come comfort quotidiano: un rito piccolo, caldo, onesto — lontano dalla performance.

#tarocchi #selfcare #cozy #ritualedelmattino #quotidianità",https://www.luxseetarot.com/tarocchi-gratis.html
1188,pin-1188-acqua-e-chiarezza.png,Lettura Tarocchi Gratis,Acqua e chiarezza,"Tarocchi come comfort quotidiano: un rito piccolo, caldo, onesto — lontano dalla performance.

#tarocchi #selfcare #cozy #ritualedelmattino #quotidianità",https://www.luxseetarot.com/tarocchi-gratis.html
1189,pin-1189-stretch-e-spirito.png,Lettura Tarocchi Gratis,Stretch e spirito,"Tarocchi come comfort quotidiano: un rito piccolo, caldo, onesto — lontano dalla performance.

#tarocchi #selfcare #cozy #ritualedelmattino #quotidianità",https://www.luxseetarot.com/tarocchi-gratis.html
1190,pin-1190-doccia-come-rito.png,Lettura Tarocchi Gratis,Doccia come rito,"Tarocchi come comfort quotidiano: un rito piccolo, caldo, onesto — lontano dalla performance.

#tarocchi #selfcare #cozy #ritualedelmattino #quotidianità",https://www.luxseetarot.com/tarocchi-gratis.html
1191,pin-1191-crema-e-cura.png,Lettura Tarocchi Gratis,Crema e cura,"Tarocchi come comfort quotidiano: un rito piccolo, caldo, onesto — lontano dalla performance.

#tarocchi #selfcare #cozy #ritualedelmattino #quotidianità",https://www.luxseetarot.com/tarocchi-gratis.html
1192,pin-1192-musica-bassa.png,Lettura Tarocchi Gratis,Musica bassa,"Tarocchi come comfort quotidiano: un rito piccolo, caldo, onesto — lontano dalla performance.

#tarocchi #selfcare #cozy #ritualedelmattino #quotidianità",https://www.luxseetarot.com/tarocchi-gratis.html
1193,pin-1193-silenzio-domestico.png,Lettura Tarocchi Gratis,Silenzio domestico,"Tarocchi come comfort quotidiano: un rito piccolo, caldo, onesto — lontano dalla performance.

#tarocchi #selfcare #cozy #ritualedelmattino #quotidianità",https://www.luxseetarot.com/tarocchi-gratis.html
1194,pin-1194-gatto-e-oracolo.png,Lettura Tarocchi Gratis,Gatto e oracolo,"Tarocchi come comfort quotidiano: un rito piccolo, caldo, onesto — lontano dalla performance.

#tarocchi #selfcare #cozy #ritualedelmattino #quotidianità",https://www.luxseetarot.com/tarocchi-gratis.html
1195,pin-1195-libro-e-tarocchi.png,Lettura Tarocchi Gratis,Libro e tarocchi,"Tarocchi come comfort quotidiano: un rito piccolo, caldo, onesto — lontano dalla performance.

#tarocchi #selfcare #cozy #ritualedelmattino #quotidianità",https://www.luxseetarot.com/tarocchi-gratis.html
1196,pin-1196-pausa-merenda.png,Lettura Tarocchi Gratis,Pausa merenda,"Tarocchi come comfort quotidiano: un rito piccolo, caldo, onesto — lontano dalla performance.

#tarocchi #selfcare #cozy #ritualedelmattino #quotidianità",https://www.luxseetarot.com/tarocchi-gratis.html
1197,pin-1197-tramonto-breve.png,Lettura Tarocchi Gratis,Tramonto breve,"Tarocchi come comfort quotidiano: un rito piccolo, caldo, onesto — lontano dalla performance.

#tarocchi #selfcare #cozy #ritualedelmattino #quotidianità",https://www.luxseetarot.com/tarocchi-gratis.html
1198,pin-1198-alba-intenzionale.png,Lettura Tarocchi Gratis,Alba intenzionale,"Tarocchi come comfort quotidiano: un rito piccolo, caldo, onesto — lontano dalla performance.

#tarocchi #selfcare #cozy #ritualedelmattino #quotidianità",https://www.luxseetarot.com/tarocchi-gratis.html
1199,pin-1199-lista-soft.png,Lettura Tarocchi Gratis,Lista soft,"Tarocchi come comfort quotidiano: un rito piccolo, caldo, onesto — lontano dalla performance.

#tarocchi #selfcare #cozy #ritualedelmattino #quotidianità",https://www.luxseetarot.com/tarocchi-gratis.html
1200,pin-1200-una-sola-carta.png,Lettura Tarocchi Gratis,Una sola carta,"Tarocchi come comfort quotidiano: un rito piccolo, caldo, onesto — lontano dalla performance.

#tarocchi #selfcare #cozy #ritualedelmattino #quotidianità",https://www.luxseetarot.com/tarocchi-gratis.html
1201,pin-1201-niente-pressione.png,Lettura Tarocchi Gratis,Niente pressione,"Tarocchi come comfort quotidiano: un rito piccolo, caldo, onesto — lontano dalla performance.

#tarocchi #selfcare #cozy #ritualedelmattino #quotidianità",https://www.luxseetarot.com/tarocchi-gratis.html
1202,pin-1202-comfort-vero.png,Lettura Tarocchi Gratis,Comfort vero,"Tarocchi come comfort quotidiano: un rito piccolo, caldo, onesto — lontano dalla performance.

#tarocchi #selfcare #cozy #ritualedelmattino #quotidianità",https://www.luxseetarot.com/tarocchi-gratis.html
1203,pin-1203-calore-senza-fuga.png,Lettura Tarocchi Gratis,Calore senza fuga,"Tarocchi come comfort quotidiano: un rito piccolo, caldo, onesto — lontano dalla performance.

#tarocchi #selfcare #cozy #ritualedelmattino #quotidianità",https://www.luxseetarot.com/tarocchi-gratis.html
1204,pin-1204-giorno-ordinario.png,Lettura Tarocchi Gratis,Giorno ordinario,"Tarocchi come comfort quotidiano: un rito piccolo, caldo, onesto — lontano dalla performance.

#tarocchi #selfcare #cozy #ritualedelmattino #quotidianità",https://www.luxseetarot.com/tarocchi-gratis.html
1205,pin-1205-segnale-nella-cucina.png,Lettura Tarocchi Gratis,Segnale nella cucina,"Tarocchi come comfort quotidiano: un rito piccolo, caldo, onesto — lontano dalla performance.

#tarocchi #selfcare #cozy #ritualedelmattino #quotidianità",https://www.luxseetarot.com/tarocchi-gratis.html
1206,pin-1206-chiave-dimenticata.png,Lettura Tarocchi Gratis,Chiave dimenticata,"Tarocchi come comfort quotidiano: un rito piccolo, caldo, onesto — lontano dalla performance.

#tarocchi #selfcare #cozy #ritualedelmattino #quotidianità",https://www.luxseetarot.com/tarocchi-gratis.html
1207,pin-1207-soglia-di-casa.png,Lettura Tarocchi Gratis,Soglia di casa,"Tarocchi come comfort quotidiano: un rito piccolo, caldo, onesto — lontano dalla performance.

#tarocchi #selfcare #cozy #ritualedelmattino #quotidianità",https://www.luxseetarot.com/tarocchi-gratis.html
1208,pin-1208-scarpe-tolte.png,Lettura Tarocchi Gratis,Scarpe tolte,"Tarocchi come comfort quotidiano: un rito piccolo, caldo, onesto — lontano dalla performance.

#tarocchi #selfcare #cozy #ritualedelmattino #quotidianità",https://www.luxseetarot.com/tarocchi-gratis.html
1209,pin-1209-pigiama-e-verita.png,Lettura Tarocchi Gratis,Pigiama e verità,"Tarocchi come comfort quotidiano: un rito piccolo, caldo, onesto — lontano dalla performance.

#tarocchi #selfcare #cozy #ritualedelmattino #quotidianità",https://www.luxseetarot.com/tarocchi-gratis.html
1210,pin-1210-cuscino-e-pensiero.png,Lettura Tarocchi Gratis,Cuscino e pensiero,"Tarocchi come comfort quotidiano: un rito piccolo, caldo, onesto — lontano dalla performance.

#tarocchi #selfcare #cozy #ritualedelmattino #quotidianità",https://www.luxseetarot.com/tarocchi-gratis.html
1211,pin-1211-sveglia-gentile.png,Lettura Tarocchi Gratis,Sveglia gentile,"Tarocchi come comfort quotidiano: un rito piccolo, caldo, onesto — lontano dalla performance.

#tarocchi #selfcare #cozy #ritualedelmattino #quotidianità",https://www.luxseetarot.com/tarocchi-gratis.html
1212,pin-1212-agenda-con-spazio.png,Lettura Tarocchi Gratis,Agenda con spazio,"Tarocchi come comfort quotidiano: un rito piccolo, caldo, onesto — lontano dalla performance.

#tarocchi #selfcare #cozy #ritualedelmattino #quotidianità",https://www.luxseetarot.com/tarocchi-gratis.html
1213,pin-1213-no-meeting-con-te.png,Lettura Tarocchi Gratis,No meeting con te,"Tarocchi come comfort quotidiano: un rito piccolo, caldo, onesto — lontano dalla performance.

#tarocchi #selfcare #cozy #ritualedelmattino #quotidianità",https://www.luxseetarot.com/tarocchi-gratis.html
1214,pin-1214-hydrate-the-soul.png,Lettura Tarocchi Gratis,Hydrate the soul,"Tarocchi come comfort quotidiano: un rito piccolo, caldo, onesto — lontano dalla performance.

#tarocchi #selfcare #cozy #ritualedelmattino #quotidianità",https://www.luxseetarot.com/tarocchi-gratis.html
1215,pin-1215-snack-spirituale.png,Lettura Tarocchi Gratis,Snack spirituale,"Tarocchi come comfort quotidiano: un rito piccolo, caldo, onesto — lontano dalla performance.

#tarocchi #selfcare #cozy #ritualedelmattino #quotidianità",https://www.luxseetarot.com/tarocchi-gratis.html
1216,pin-1216-walk-and-pull.png,Lettura Tarocchi Gratis,Walk and pull,"Tarocchi come comfort quotidiano: un rito piccolo, caldo, onesto — lontano dalla performance.

#tarocchi #selfcare #cozy #ritualedelmattino #quotidianità",https://www.luxseetarot.com/tarocchi-gratis.html
1217,pin-1217-finestra-e-cielo.png,Lettura Tarocchi Gratis,Finestra e cielo,"Tarocchi come comfort quotidiano: un rito piccolo, caldo, onesto — lontano dalla performance.

#tarocchi #selfcare #cozy #ritualedelmattino #quotidianità",https://www.luxseetarot.com/tarocchi-gratis.html
1218,pin-1218-pianta-che-cresce.png,Lettura Tarocchi Gratis,Pianta che cresce,"Tarocchi come comfort quotidiano: un rito piccolo, caldo, onesto — lontano dalla performance.

#tarocchi #selfcare #cozy #ritualedelmattino #quotidianità",https://www.luxseetarot.com/tarocchi-gratis.html
1219,pin-1219-ordine-soft.png,Lettura Tarocchi Gratis,Ordine soft,"Tarocchi come comfort quotidiano: un rito piccolo, caldo, onesto — lontano dalla performance.

#tarocchi #selfcare #cozy #ritualedelmattino #quotidianità",https://www.luxseetarot.com/tarocchi-gratis.html
1220,pin-1220-disordine-fertile.png,Lettura Tarocchi Gratis,Disordine fertile,"Tarocchi come comfort quotidiano: un rito piccolo, caldo, onesto — lontano dalla performance.

#tarocchi #selfcare #cozy #ritualedelmattino #quotidianità",https://www.luxseetarot.com/tarocchi-gratis.html
1221,pin-1221-carta-del-giorno.png,Lettura Tarocchi Gratis,Carta del giorno,"Tarocchi come comfort quotidiano: un rito piccolo, caldo, onesto — lontano dalla performance.

#tarocchi #selfcare #cozy #ritualedelmattino #quotidianità",https://www.luxseetarot.com/tarocchi-gratis.html
1222,pin-1222-sera-di-chiusura.png,Lettura Tarocchi Gratis,Sera di chiusura,"Tarocchi come comfort quotidiano: un rito piccolo, caldo, onesto — lontano dalla performance.

#tarocchi #selfcare #cozy #ritualedelmattino #quotidianità",https://www.luxseetarot.com/tarocchi-gratis.html
1223,pin-1223-notte-di-riposo.png,Lettura Tarocchi Gratis,Notte di riposo,"Tarocchi come comfort quotidiano: un rito piccolo, caldo, onesto — lontano dalla performance.

#tarocchi #selfcare #cozy #ritualedelmattino #quotidianità",https://www.luxseetarot.com/tarocchi-gratis.html
1224,pin-1224-domani-riparte.png,Lettura Tarocchi Gratis,Domani riparte,"Tarocchi come comfort quotidiano: un rito piccolo, caldo, onesto — lontano dalla performance.

#tarocchi #selfcare #cozy #ritualedelmattino #quotidianità",https://www.luxseetarot.com/tarocchi-gratis.html
1225,pin-1225-comfort-zone-sacra.png,Lettura Tarocchi Gratis,Comfort zone sacra,"Tarocchi come comfort quotidiano: un rito piccolo, caldo, onesto — lontano dalla performance.

#tarocchi #selfcare #cozy #ritualedelmattino #quotidianità",https://www.luxseetarot.com/tarocchi-gratis.html
1226,pin-1226-uscita-soft.png,Lettura Tarocchi Gratis,Uscita soft,"Tarocchi come comfort quotidiano: un rito piccolo, caldo, onesto — lontano dalla performance.

#tarocchi #selfcare #cozy #ritualedelmattino #quotidianità",https://www.luxseetarot.com/tarocchi-gratis.html
1227,pin-1227-casa-interiore.png,Lettura Tarocchi Gratis,Casa interiore,"Tarocchi come comfort quotidiano: un rito piccolo, caldo, onesto — lontano dalla performance.

#tarocchi #selfcare #cozy #ritualedelmattino #quotidianità",https://www.luxseetarot.com/tarocchi-gratis.html
1228,pin-1228-tarot-cozy.png,Lettura Tarocchi Gratis,Tarot cozy,"Tarocchi come comfort quotidiano: un rito piccolo, caldo, onesto — lontano dalla performance.

#tarocchi #selfcare #cozy #ritualedelmattino #quotidianità",https://www.luxseetarot.com/tarocchi-gratis.html
1229,pin-1229-magia-domestica.png,Lettura Tarocchi Gratis,Magia domestica,"Tarocchi come comfort quotidiano: un rito piccolo, caldo, onesto — lontano dalla performance.

#tarocchi #selfcare #cozy #ritualedelmattino #quotidianità",https://www.luxseetarot.com/tarocchi-gratis.html
1230,pin-1230-giorno-semplice.png,Lettura Tarocchi Gratis,Giorno semplice,"Tarocchi come comfort quotidiano: un rito piccolo, caldo, onesto — lontano dalla performance.

#tarocchi #selfcare #cozy #ritualedelmattino #quotidianità",https://www.luxseetarot.com/tarocchi-gratis.html
1231,pin-1231-mattina-senza-fretta.png,Lettura Tarocchi Gratis,Mattina senza fretta,"Tarocchi come comfort quotidiano: un rito piccolo, caldo, onesto — lontano dalla performance.

#tarocchi #selfcare #cozy #ritualedelmattino #quotidianità",https://www.luxseetarot.com/tarocchi-gratis.html
1232,pin-1232-sera-senza-scroll.png,Lettura Tarocchi Gratis,Sera senza scroll,"Tarocchi come comfort quotidiano: un rito piccolo, caldo, onesto — lontano dalla performance.

#tarocchi #selfcare #cozy #ritualedelmattino #quotidianità",https://www.luxseetarot.com/tarocchi-gratis.html
1233,pin-1233-te-del-dubbio.png,Lettura Tarocchi Gratis,Tè del dubbio,"Tarocchi come comfort quotidiano: un rito piccolo, caldo, onesto — lontano dalla performance.

#tarocchi #selfcare #cozy #ritualedelmattino #quotidianità",https://www.luxseetarot.com/tarocchi-gratis.html
1234,pin-1234-cuscino-e-respiro.png,Lettura Tarocchi Gratis,Cuscino e respiro,"Tarocchi come comfort quotidiano: un rito piccolo, caldo, onesto — lontano dalla performance.

#tarocchi #selfcare #cozy #ritualedelmattino #quotidianità",https://www.luxseetarot.com/tarocchi-gratis.html
1235,pin-1235-luce-della-lampada.png,Lettura Tarocchi Gratis,Luce della lampada,"Tarocchi come comfort quotidiano: un rito piccolo, caldo, onesto — lontano dalla performance.

#tarocchi #selfcare #cozy #ritualedelmattino #quotidianità",https://www.luxseetarot.com/tarocchi-gratis.html
1236,pin-1236-calzini-e-calma.png,Lettura Tarocchi Gratis,Calzini e calma,"Tarocchi come comfort quotidiano: un rito piccolo, caldo, onesto — lontano dalla performance.

#tarocchi #selfcare #cozy #ritualedelmattino #quotidianità",https://www.luxseetarot.com/tarocchi-gratis.html
1237,pin-1237-finestra-appannata.png,Lettura Tarocchi Gratis,Finestra appannata,"Tarocchi come comfort quotidiano: un rito piccolo, caldo, onesto — lontano dalla performance.

#tarocchi #selfcare #cozy #ritualedelmattino #quotidianità",https://www.luxseetarot.com/tarocchi-gratis.html
1238,pin-1238-pane-caldo-soft.png,Lettura Tarocchi Gratis,Pane caldo soft,"Tarocchi come comfort quotidiano: un rito piccolo, caldo, onesto — lontano dalla performance.

#tarocchi #selfcare #cozy #ritualedelmattino #quotidianità",https://www.luxseetarot.com/tarocchi-gratis.html
1239,pin-1239-acqua-sul-tavolo.png,Lettura Tarocchi Gratis,Acqua sul tavolo,"Tarocchi come comfort quotidiano: un rito piccolo, caldo, onesto — lontano dalla performance.

#tarocchi #selfcare #cozy #ritualedelmattino #quotidianità",https://www.luxseetarot.com/tarocchi-gratis.html
1240,pin-1240-silenzio-delle-undici.png,Lettura Tarocchi Gratis,Silenzio delle undici,"Tarocchi come comfort quotidiano: un rito piccolo, caldo, onesto — lontano dalla performance.

#tarocchi #selfcare #cozy #ritualedelmattino #quotidianità",https://www.luxseetarot.com/tarocchi-gratis.html
1241,pin-1241-sogno-lucido.png,Lettura Tarocchi Gratis,Sogno lucido,"I tarocchi come frammenti di sogno e poesia visiva: colori, sguardi e forme parlano più della logica.

#tarocchi #surrealismo #arte #simboli #poesiavisiva",https://www.luxseetarot.com/tarocchi-gratis.html
1242,pin-1242-frammento-di-sogno.png,Lettura Tarocchi Gratis,Frammento di sogno,"I tarocchi come frammenti di sogno e poesia visiva: colori, sguardi e forme parlano più della logica.

#tarocchi #surrealismo #arte #simboli #poesiavisiva",https://www.luxseetarot.com/tarocchi-gratis.html
1243,pin-1243-logica-che-tace.png,Lettura Tarocchi Gratis,Logica che tace,"I tarocchi come frammenti di sogno e poesia visiva: colori, sguardi e forme parlano più della logica.

#tarocchi #surrealismo #arte #simboli #poesiavisiva",https://www.luxseetarot.com/tarocchi-gratis.html
1244,pin-1244-collage-dell-anima.png,Lettura Tarocchi Gratis,Collage dell’anima,"I tarocchi come frammenti di sogno e poesia visiva: colori, sguardi e forme parlano più della logica.

#tarocchi #surrealismo #arte #simboli #poesiavisiva",https://www.luxseetarot.com/tarocchi-gratis.html
1245,pin-1245-surrealismo-soft.png,Lettura Tarocchi Gratis,Surrealismo soft,"I tarocchi come frammenti di sogno e poesia visiva: colori, sguardi e forme parlano più della logica.

#tarocchi #surrealismo #arte #simboli #poesiavisiva",https://www.luxseetarot.com/tarocchi-gratis.html
1246,pin-1246-occhio-geometrico.png,Lettura Tarocchi Gratis,Occhio geometrico,"I tarocchi come frammenti di sogno e poesia visiva: colori, sguardi e forme parlano più della logica.

#tarocchi #surrealismo #arte #simboli #poesiavisiva",https://www.luxseetarot.com/tarocchi-gratis.html
1247,pin-1247-simbolo-che-brilla.png,Lettura Tarocchi Gratis,Simbolo che brilla,"I tarocchi come frammenti di sogno e poesia visiva: colori, sguardi e forme parlano più della logica.

#tarocchi #surrealismo #arte #simboli #poesiavisiva",https://www.luxseetarot.com/tarocchi-gratis.html
1248,pin-1248-poesia-muta.png,Lettura Tarocchi Gratis,Poesia muta,"I tarocchi come frammenti di sogno e poesia visiva: colori, sguardi e forme parlano più della logica.

#tarocchi #surrealismo #arte #simboli #poesiavisiva",https://www.luxseetarot.com/tarocchi-gratis.html
1249,pin-1249-verso-senza-parole.png,Lettura Tarocchi Gratis,Verso senza parole,"I tarocchi come frammenti di sogno e poesia visiva: colori, sguardi e forme parlano più della logica.

#tarocchi #surrealismo #arte #simboli #poesiavisiva",https://www.luxseetarot.com/tarocchi-gratis.html
1250,pin-1250-composizione-sacra.png,Lettura Tarocchi Gratis,Composizione sacra,"I tarocchi come frammenti di sogno e poesia visiva: colori, sguardi e forme parlano più della logica.

#tarocchi #surrealismo #arte #simboli #poesiavisiva",https://www.luxseetarot.com/tarocchi-gratis.html
1251,pin-1251-colore-che-parla.png,Lettura Tarocchi Gratis,Colore che parla,"I tarocchi come frammenti di sogno e poesia visiva: colori, sguardi e forme parlano più della logica.

#tarocchi #surrealismo #arte #simboli #poesiavisiva",https://www.luxseetarot.com/tarocchi-gratis.html
1252,pin-1252-sguardo-della-figura.png,Lettura Tarocchi Gratis,Sguardo della figura,"I tarocchi come frammenti di sogno e poesia visiva: colori, sguardi e forme parlano più della logica.

#tarocchi #surrealismo #arte #simboli #poesiavisiva",https://www.luxseetarot.com/tarocchi-gratis.html
1253,pin-1253-forma-e-senso.png,Lettura Tarocchi Gratis,Forma e senso,"I tarocchi come frammenti di sogno e poesia visiva: colori, sguardi e forme parlano più della logica.

#tarocchi #surrealismo #arte #simboli #poesiavisiva",https://www.luxseetarot.com/tarocchi-gratis.html
1254,pin-1254-geometria-del-cuore.png,Lettura Tarocchi Gratis,Geometria del cuore,"I tarocchi come frammenti di sogno e poesia visiva: colori, sguardi e forme parlano più della logica.

#tarocchi #surrealismo #arte #simboli #poesiavisiva",https://www.luxseetarot.com/tarocchi-gratis.html
1255,pin-1255-cerchio-e-triangolo.png,Lettura Tarocchi Gratis,Cerchio e triangolo,"I tarocchi come frammenti di sogno e poesia visiva: colori, sguardi e forme parlano più della logica.

#tarocchi #surrealismo #arte #simboli #poesiavisiva",https://www.luxseetarot.com/tarocchi-gratis.html
1256,pin-1256-dettaglio-vivo.png,Lettura Tarocchi Gratis,Dettaglio vivo,"I tarocchi come frammenti di sogno e poesia visiva: colori, sguardi e forme parlano più della logica.

#tarocchi #surrealismo #arte #simboli #poesiavisiva",https://www.luxseetarot.com/tarocchi-gratis.html
1257,pin-1257-frammento-lucido.png,Lettura Tarocchi Gratis,Frammento lucido,"I tarocchi come frammenti di sogno e poesia visiva: colori, sguardi e forme parlano più della logica.

#tarocchi #surrealismo #arte #simboli #poesiavisiva",https://www.luxseetarot.com/tarocchi-gratis.html
1258,pin-1258-inconscio-in-cornice.png,Lettura Tarocchi Gratis,Inconscio in cornice,"I tarocchi come frammenti di sogno e poesia visiva: colori, sguardi e forme parlano più della logica.

#tarocchi #surrealismo #arte #simboli #poesiavisiva",https://www.luxseetarot.com/tarocchi-gratis.html
1259,pin-1259-arte-della-stesa.png,Lettura Tarocchi Gratis,Arte della stesa,"I tarocchi come frammenti di sogno e poesia visiva: colori, sguardi e forme parlano più della logica.

#tarocchi #surrealismo #arte #simboli #poesiavisiva",https://www.luxseetarot.com/tarocchi-gratis.html
1260,pin-1260-immagine-che-traduce.png,Lettura Tarocchi Gratis,Immagine che traduce,"I tarocchi come frammenti di sogno e poesia visiva: colori, sguardi e forme parlano più della logica.

#tarocchi #surrealismo #arte #simboli #poesiavisiva",https://www.luxseetarot.com/tarocchi-gratis.html
1261,pin-1261-metafora-visiva.png,Lettura Tarocchi Gratis,Metafora visiva,"I tarocchi come frammenti di sogno e poesia visiva: colori, sguardi e forme parlano più della logica.

#tarocchi #surrealismo #arte #simboli #poesiavisiva",https://www.luxseetarot.com/tarocchi-gratis.html
1262,pin-1262-soglia-onirica.png,Lettura Tarocchi Gratis,Soglia onirica,"I tarocchi come frammenti di sogno e poesia visiva: colori, sguardi e forme parlano più della logica.

#tarocchi #surrealismo #arte #simboli #poesiavisiva",https://www.luxseetarot.com/tarocchi-gratis.html
1263,pin-1263-notte-surrealista.png,Lettura Tarocchi Gratis,Notte surrealista,"I tarocchi come frammenti di sogno e poesia visiva: colori, sguardi e forme parlano più della logica.

#tarocchi #surrealismo #arte #simboli #poesiavisiva",https://www.luxseetarot.com/tarocchi-gratis.html
1264,pin-1264-lucidita-nel-caos.png,Lettura Tarocchi Gratis,Lucidità nel caos,"I tarocchi come frammenti di sogno e poesia visiva: colori, sguardi e forme parlano più della logica.

#tarocchi #surrealismo #arte #simboli #poesiavisiva",https://www.luxseetarot.com/tarocchi-gratis.html
1265,pin-1265-simbolo-ripetuto.png,Lettura Tarocchi Gratis,Simbolo ripetuto,"I tarocchi come frammenti di sogno e poesia visiva: colori, sguardi e forme parlano più della logica.

#tarocchi #surrealismo #arte #simboli #poesiavisiva",https://www.luxseetarot.com/tarocchi-gratis.html
1266,pin-1266-motivo-nascosto.png,Lettura Tarocchi Gratis,Motivo nascosto,"I tarocchi come frammenti di sogno e poesia visiva: colori, sguardi e forme parlano più della logica.

#tarocchi #surrealismo #arte #simboli #poesiavisiva",https://www.luxseetarot.com/tarocchi-gratis.html
1267,pin-1267-oro-e-magenta.png,Lettura Tarocchi Gratis,Oro e magenta,"I tarocchi come frammenti di sogno e poesia visiva: colori, sguardi e forme parlano più della logica.

#tarocchi #surrealismo #arte #simboli #poesiavisiva",https://www.luxseetarot.com/tarocchi-gratis.html
1268,pin-1268-collage-interiore.png,Lettura Tarocchi Gratis,Collage interiore,"I tarocchi come frammenti di sogno e poesia visiva: colori, sguardi e forme parlano più della logica.

#tarocchi #surrealismo #arte #simboli #poesiavisiva",https://www.luxseetarot.com/tarocchi-gratis.html
1269,pin-1269-frammenti-uniti.png,Lettura Tarocchi Gratis,Frammenti uniti,"I tarocchi come frammenti di sogno e poesia visiva: colori, sguardi e forme parlano più della logica.

#tarocchi #surrealismo #arte #simboli #poesiavisiva",https://www.luxseetarot.com/tarocchi-gratis.html
1270,pin-1270-astratto-vero.png,Lettura Tarocchi Gratis,Astratto vero,"I tarocchi come frammenti di sogno e poesia visiva: colori, sguardi e forme parlano più della logica.

#tarocchi #surrealismo #arte #simboli #poesiavisiva",https://www.luxseetarot.com/tarocchi-gratis.html
1271,pin-1271-figura-sospesa.png,Lettura Tarocchi Gratis,Figura sospesa,"I tarocchi come frammenti di sogno e poesia visiva: colori, sguardi e forme parlano più della logica.

#tarocchi #surrealismo #arte #simboli #poesiavisiva",https://www.luxseetarot.com/tarocchi-gratis.html
1272,pin-1272-segni-che-fluttuano.png,Lettura Tarocchi Gratis,Segni che fluttuano,"I tarocchi come frammenti di sogno e poesia visiva: colori, sguardi e forme parlano più della logica.

#tarocchi #surrealismo #arte #simboli #poesiavisiva",https://www.luxseetarot.com/tarocchi-gratis.html
1273,pin-1273-spazio-negativo.png,Lettura Tarocchi Gratis,Spazio negativo,"I tarocchi come frammenti di sogno e poesia visiva: colori, sguardi e forme parlano più della logica.

#tarocchi #surrealismo #arte #simboli #poesiavisiva",https://www.luxseetarot.com/tarocchi-gratis.html
1274,pin-1274-cornice-dorata.png,Lettura Tarocchi Gratis,Cornice dorata,"I tarocchi come frammenti di sogno e poesia visiva: colori, sguardi e forme parlano più della logica.

#tarocchi #surrealismo #arte #simboli #poesiavisiva",https://www.luxseetarot.com/tarocchi-gratis.html
1275,pin-1275-pennellata-di-fato.png,Lettura Tarocchi Gratis,Pennellata di fato,"I tarocchi come frammenti di sogno e poesia visiva: colori, sguardi e forme parlano più della logica.

#tarocchi #surrealismo #arte #simboli #poesiavisiva",https://www.luxseetarot.com/tarocchi-gratis.html
1276,pin-1276-tela-dell-inconscio.png,Lettura Tarocchi Gratis,Tela dell’inconscio,"I tarocchi come frammenti di sogno e poesia visiva: colori, sguardi e forme parlano più della logica.

#tarocchi #surrealismo #arte #simboli #poesiavisiva",https://www.luxseetarot.com/tarocchi-gratis.html
1277,pin-1277-museo-interiore.png,Lettura Tarocchi Gratis,Museo interiore,"I tarocchi come frammenti di sogno e poesia visiva: colori, sguardi e forme parlano più della logica.

#tarocchi #surrealismo #arte #simboli #poesiavisiva",https://www.luxseetarot.com/tarocchi-gratis.html
1278,pin-1278-opera-incompleta.png,Lettura Tarocchi Gratis,Opera incompleta,"I tarocchi come frammenti di sogno e poesia visiva: colori, sguardi e forme parlano più della logica.

#tarocchi #surrealismo #arte #simboli #poesiavisiva",https://www.luxseetarot.com/tarocchi-gratis.html
1279,pin-1279-bozza-del-destino.png,Lettura Tarocchi Gratis,Bozza del destino,"I tarocchi come frammenti di sogno e poesia visiva: colori, sguardi e forme parlano più della logica.

#tarocchi #surrealismo #arte #simboli #poesiavisiva",https://www.luxseetarot.com/tarocchi-gratis.html
1280,pin-1280-esposizione-soft.png,Lettura Tarocchi Gratis,Esposizione soft,"I tarocchi come frammenti di sogno e poesia visiva: colori, sguardi e forme parlano più della logica.

#tarocchi #surrealismo #arte #simboli #poesiavisiva",https://www.luxseetarot.com/tarocchi-gratis.html
1281,pin-1281-galleria-di-carte.png,Lettura Tarocchi Gratis,Galleria di carte,"I tarocchi come frammenti di sogno e poesia visiva: colori, sguardi e forme parlano più della logica.

#tarocchi #surrealismo #arte #simboli #poesiavisiva",https://www.luxseetarot.com/tarocchi-gratis.html
1282,pin-1282-installazione-viva.png,Lettura Tarocchi Gratis,Installazione viva,"I tarocchi come frammenti di sogno e poesia visiva: colori, sguardi e forme parlano più della logica.

#tarocchi #surrealismo #arte #simboli #poesiavisiva",https://www.luxseetarot.com/tarocchi-gratis.html
1283,pin-1283-luce-da-museo.png,Lettura Tarocchi Gratis,Luce da museo,"I tarocchi come frammenti di sogno e poesia visiva: colori, sguardi e forme parlano più della logica.

#tarocchi #surrealismo #arte #simboli #poesiavisiva",https://www.luxseetarot.com/tarocchi-gratis.html
1284,pin-1284-curatela-del-se.png,Lettura Tarocchi Gratis,Curatela del Sé,"I tarocchi come frammenti di sogno e poesia visiva: colori, sguardi e forme parlano più della logica.

#tarocchi #surrealismo #arte #simboli #poesiavisiva",https://www.luxseetarot.com/tarocchi-gratis.html
1285,pin-1285-catalogo-onirico.png,Lettura Tarocchi Gratis,Catalogo onirico,"I tarocchi come frammenti di sogno e poesia visiva: colori, sguardi e forme parlano più della logica.

#tarocchi #surrealismo #arte #simboli #poesiavisiva",https://www.luxseetarot.com/tarocchi-gratis.html
1286,pin-1286-ritratto-dell-anima.png,Lettura Tarocchi Gratis,Ritratto dell’anima,"I tarocchi come frammenti di sogno e poesia visiva: colori, sguardi e forme parlano più della logica.

#tarocchi #surrealismo #arte #simboli #poesiavisiva",https://www.luxseetarot.com/tarocchi-gratis.html
1287,pin-1287-autoritratto-soft.png,Lettura Tarocchi Gratis,Autoritratto soft,"I tarocchi come frammenti di sogno e poesia visiva: colori, sguardi e forme parlano più della logica.

#tarocchi #surrealismo #arte #simboli #poesiavisiva",https://www.luxseetarot.com/tarocchi-gratis.html
1288,pin-1288-natura-morta-viva.png,Lettura Tarocchi Gratis,Natura morta viva,"I tarocchi come frammenti di sogno e poesia visiva: colori, sguardi e forme parlano più della logica.

#tarocchi #surrealismo #arte #simboli #poesiavisiva",https://www.luxseetarot.com/tarocchi-gratis.html
1289,pin-1289-still-life-sacro.png,Lettura Tarocchi Gratis,Still life sacro,"I tarocchi come frammenti di sogno e poesia visiva: colori, sguardi e forme parlano più della logica.

#tarocchi #surrealismo #arte #simboli #poesiavisiva",https://www.luxseetarot.com/tarocchi-gratis.html
1290,pin-1290-proporzione-aurea.png,Lettura Tarocchi Gratis,Proporzione aurea,"I tarocchi come frammenti di sogno e poesia visiva: colori, sguardi e forme parlano più della logica.

#tarocchi #surrealismo #arte #simboli #poesiavisiva",https://www.luxseetarot.com/tarocchi-gratis.html
1291,pin-1291-asimmetria-fertile.png,Lettura Tarocchi Gratis,Asimmetria fertile,"I tarocchi come frammenti di sogno e poesia visiva: colori, sguardi e forme parlano più della logica.

#tarocchi #surrealismo #arte #simboli #poesiavisiva",https://www.luxseetarot.com/tarocchi-gratis.html
1292,pin-1292-simmetria-spezzata.png,Lettura Tarocchi Gratis,Simmetria spezzata,"I tarocchi come frammenti di sogno e poesia visiva: colori, sguardi e forme parlano più della logica.

#tarocchi #surrealismo #arte #simboli #poesiavisiva",https://www.luxseetarot.com/tarocchi-gratis.html
1293,pin-1293-pattern-visivo.png,Lettura Tarocchi Gratis,Pattern visivo,"I tarocchi come frammenti di sogno e poesia visiva: colori, sguardi e forme parlano più della logica.

#tarocchi #surrealismo #arte #simboli #poesiavisiva",https://www.luxseetarot.com/tarocchi-gratis.html
1294,pin-1294-rima-d-immagini.png,Lettura Tarocchi Gratis,Rima d’immagini,"I tarocchi come frammenti di sogno e poesia visiva: colori, sguardi e forme parlano più della logica.

#tarocchi #surrealismo #arte #simboli #poesiavisiva",https://www.luxseetarot.com/tarocchi-gratis.html
1295,pin-1295-strofa-di-carte.png,Lettura Tarocchi Gratis,Strofa di carte,"I tarocchi come frammenti di sogno e poesia visiva: colori, sguardi e forme parlano più della logica.

#tarocchi #surrealismo #arte #simboli #poesiavisiva",https://www.luxseetarot.com/tarocchi-gratis.html
1296,pin-1296-metafora-aperta.png,Lettura Tarocchi Gratis,Metafora aperta,"I tarocchi come frammenti di sogno e poesia visiva: colori, sguardi e forme parlano più della logica.

#tarocchi #surrealismo #arte #simboli #poesiavisiva",https://www.luxseetarot.com/tarocchi-gratis.html
1297,pin-1297-allegoria-soft.png,Lettura Tarocchi Gratis,Allegoria soft,"I tarocchi come frammenti di sogno e poesia visiva: colori, sguardi e forme parlano più della logica.

#tarocchi #surrealismo #arte #simboli #poesiavisiva",https://www.luxseetarot.com/tarocchi-gratis.html
1298,pin-1298-icona-personale.png,Lettura Tarocchi Gratis,Icona personale,"I tarocchi come frammenti di sogno e poesia visiva: colori, sguardi e forme parlano più della logica.

#tarocchi #surrealismo #arte #simboli #poesiavisiva",https://www.luxseetarot.com/tarocchi-gratis.html
1299,pin-1299-emblema-vivo.png,Lettura Tarocchi Gratis,Emblema vivo,"I tarocchi come frammenti di sogno e poesia visiva: colori, sguardi e forme parlano più della logica.

#tarocchi #surrealismo #arte #simboli #poesiavisiva",https://www.luxseetarot.com/tarocchi-gratis.html
1300,pin-1300-sigillo-nascosto.png,Lettura Tarocchi Gratis,Sigillo nascosto,"I tarocchi come frammenti di sogno e poesia visiva: colori, sguardi e forme parlano più della logica.

#tarocchi #surrealismo #arte #simboli #poesiavisiva",https://www.luxseetarot.com/tarocchi-gratis.html
1301,pin-1301-geroglifico-emotivo.png,Lettura Tarocchi Gratis,Geroglifico emotivo,"I tarocchi come frammenti di sogno e poesia visiva: colori, sguardi e forme parlano più della logica.

#tarocchi #surrealismo #arte #simboli #poesiavisiva",https://www.luxseetarot.com/tarocchi-gratis.html
1302,pin-1302-lingua-dei-simboli.png,Lettura Tarocchi Gratis,Lingua dei simboli,"I tarocchi come frammenti di sogno e poesia visiva: colori, sguardi e forme parlano più della logica.

#tarocchi #surrealismo #arte #simboli #poesiavisiva",https://www.luxseetarot.com/tarocchi-gratis.html
1303,pin-1303-dialetto-del-sogno.png,Lettura Tarocchi Gratis,Dialetto del sogno,"I tarocchi come frammenti di sogno e poesia visiva: colori, sguardi e forme parlano più della logica.

#tarocchi #surrealismo #arte #simboli #poesiavisiva",https://www.luxseetarot.com/tarocchi-gratis.html
1304,pin-1304-traduzione-muta.png,Lettura Tarocchi Gratis,Traduzione muta,"I tarocchi come frammenti di sogno e poesia visiva: colori, sguardi e forme parlano più della logica.

#tarocchi #surrealismo #arte #simboli #poesiavisiva",https://www.luxseetarot.com/tarocchi-gratis.html
1305,pin-1305-sottotitolo-interiore.png,Lettura Tarocchi Gratis,Sottotitolo interiore,"I tarocchi come frammenti di sogno e poesia visiva: colori, sguardi e forme parlano più della logica.

#tarocchi #surrealismo #arte #simboli #poesiavisiva",https://www.luxseetarot.com/tarocchi-gratis.html
1306,pin-1306-lezione-di-luce.png,Lettura Tarocchi Gratis,Lezione di luce,"I tarocchi come frammenti di sogno e poesia visiva: colori, sguardi e forme parlano più della logica.

#tarocchi #surrealismo #arte #simboli #poesiavisiva",https://www.luxseetarot.com/tarocchi-gratis.html
1307,pin-1307-scuola-del-dettaglio.png,Lettura Tarocchi Gratis,Scuola del dettaglio,"I tarocchi come frammenti di sogno e poesia visiva: colori, sguardi e forme parlano più della logica.

#tarocchi #surrealismo #arte #simboli #poesiavisiva",https://www.luxseetarot.com/tarocchi-gratis.html
1308,pin-1308-atelier-dell-anima.png,Lettura Tarocchi Gratis,Atelier dell’anima,"I tarocchi come frammenti di sogno e poesia visiva: colori, sguardi e forme parlano più della logica.

#tarocchi #surrealismo #arte #simboli #poesiavisiva",https://www.luxseetarot.com/tarocchi-gratis.html
1309,pin-1309-studio-surrealista.png,Lettura Tarocchi Gratis,Studio surrealista,"I tarocchi come frammenti di sogno e poesia visiva: colori, sguardi e forme parlano più della logica.

#tarocchi #surrealismo #arte #simboli #poesiavisiva",https://www.luxseetarot.com/tarocchi-gratis.html
1310,pin-1310-bozzetto-di-scelta.png,Lettura Tarocchi Gratis,Bozzetto di scelta,"I tarocchi come frammenti di sogno e poesia visiva: colori, sguardi e forme parlano più della logica.

#tarocchi #surrealismo #arte #simboli #poesiavisiva",https://www.luxseetarot.com/tarocchi-gratis.html
1311,pin-1311-schizzo-del-dopo.png,Lettura Tarocchi Gratis,Schizzo del dopo,"I tarocchi come frammenti di sogno e poesia visiva: colori, sguardi e forme parlano più della logica.

#tarocchi #surrealismo #arte #simboli #poesiavisiva",https://www.luxseetarot.com/tarocchi-gratis.html
1312,pin-1312-acquarello-del-dubbio.png,Lettura Tarocchi Gratis,Acquarello del dubbio,"I tarocchi come frammenti di sogno e poesia visiva: colori, sguardi e forme parlano più della logica.

#tarocchi #surrealismo #arte #simboli #poesiavisiva",https://www.luxseetarot.com/tarocchi-gratis.html
1313,pin-1313-inchiostro-del-si.png,Lettura Tarocchi Gratis,Inchiostro del sì,"I tarocchi come frammenti di sogno e poesia visiva: colori, sguardi e forme parlano più della logica.

#tarocchi #surrealismo #arte #simboli #poesiavisiva",https://www.luxseetarot.com/tarocchi-gratis.html
1314,pin-1314-pastello-del-no.png,Lettura Tarocchi Gratis,Pastello del no,"I tarocchi come frammenti di sogno e poesia visiva: colori, sguardi e forme parlano più della logica.

#tarocchi #surrealismo #arte #simboli #poesiavisiva",https://www.luxseetarot.com/tarocchi-gratis.html
1315,pin-1315-tela-bianca.png,Lettura Tarocchi Gratis,Tela bianca,"I tarocchi come frammenti di sogno e poesia visiva: colori, sguardi e forme parlano più della logica.

#tarocchi #surrealismo #arte #simboli #poesiavisiva",https://www.luxseetarot.com/tarocchi-gratis.html
1316,pin-1316-primo-piano-sacro.png,Lettura Tarocchi Gratis,Primo piano sacro,"I tarocchi come frammenti di sogno e poesia visiva: colori, sguardi e forme parlano più della logica.

#tarocchi #surrealismo #arte #simboli #poesiavisiva",https://www.luxseetarot.com/tarocchi-gratis.html
1317,pin-1317-fuoco-di-scena.png,Lettura Tarocchi Gratis,Fuoco di scena,"I tarocchi come frammenti di sogno e poesia visiva: colori, sguardi e forme parlano più della logica.

#tarocchi #surrealismo #arte #simboli #poesiavisiva",https://www.luxseetarot.com/tarocchi-gratis.html
1318,pin-1318-saturazione-viva.png,Lettura Tarocchi Gratis,Saturazione viva,"I tarocchi come frammenti di sogno e poesia visiva: colori, sguardi e forme parlano più della logica.

#tarocchi #surrealismo #arte #simboli #poesiavisiva",https://www.luxseetarot.com/tarocchi-gratis.html
1319,pin-1319-lente-poetica.png,Lettura Tarocchi Gratis,Lente poetica,"I tarocchi come frammenti di sogno e poesia visiva: colori, sguardi e forme parlano più della logica.

#tarocchi #surrealismo #arte #simboli #poesiavisiva",https://www.luxseetarot.com/tarocchi-gratis.html
1320,pin-1320-scatto-astratto.png,Lettura Tarocchi Gratis,Scatto astratto,"I tarocchi come frammenti di sogno e poesia visiva: colori, sguardi e forme parlano più della logica.

#tarocchi #surrealismo #arte #simboli #poesiavisiva",https://www.luxseetarot.com/tarocchi-gratis.html
1321,pin-1321-hackera-il-destino.png,Tarocchi Futuro,Hackera il destino,"Tarot punk: rifiutare predizioni fisse, trovare forza nel caos e creare il proprio significato — senza dogmi.

#tarocchi #tarotpunk #caos #ribellione #liberoarbitrio",https://www.luxseetarot.com/tarocchi-futuro.html
1322,pin-1322-rompi-lo-schema.png,Tarocchi Futuro,Rompi lo schema,"Tarot punk: rifiutare predizioni fisse, trovare forza nel caos e creare il proprio significato — senza dogmi.

#tarocchi #tarotpunk #caos #ribellione #liberoarbitrio",https://www.luxseetarot.com/tarocchi-futuro.html
1323,pin-1323-regole-da-riscrivere.png,Tarocchi Futuro,Regole da riscrivere,"Tarot punk: rifiutare predizioni fisse, trovare forza nel caos e creare il proprio significato — senza dogmi.

#tarocchi #tarotpunk #caos #ribellione #liberoarbitrio",https://www.luxseetarot.com/tarocchi-futuro.html
1324,pin-1324-aspettative-sociali.png,Tarocchi Futuro,Aspettative sociali,"Tarot punk: rifiutare predizioni fisse, trovare forza nel caos e creare il proprio significato — senza dogmi.

#tarocchi #tarotpunk #caos #ribellione #liberoarbitrio",https://www.luxseetarot.com/tarocchi-futuro.html
1325,pin-1325-predizione-fissa.png,Tarocchi Futuro,Predizione fissa,"Tarot punk: rifiutare predizioni fisse, trovare forza nel caos e creare il proprio significato — senza dogmi.

#tarocchi #tarotpunk #caos #ribellione #liberoarbitrio",https://www.luxseetarot.com/tarocchi-futuro.html
1326,pin-1326-destino-editabile.png,Tarocchi Futuro,Destino editabile,"Tarot punk: rifiutare predizioni fisse, trovare forza nel caos e creare il proprio significato — senza dogmi.

#tarocchi #tarotpunk #caos #ribellione #liberoarbitrio",https://www.luxseetarot.com/tarocchi-futuro.html
1327,pin-1327-caos-creativo.png,Tarocchi Futuro,Caos creativo,"Tarot punk: rifiutare predizioni fisse, trovare forza nel caos e creare il proprio significato — senza dogmi.

#tarocchi #tarotpunk #caos #ribellione #liberoarbitrio",https://www.luxseetarot.com/tarocchi-futuro.html
1328,pin-1328-disordine-fertile.png,Tarocchi Futuro,Disordine fertile,"Tarot punk: rifiutare predizioni fisse, trovare forza nel caos e creare il proprio significato — senza dogmi.

#tarocchi #tarotpunk #caos #ribellione #liberoarbitrio",https://www.luxseetarot.com/tarocchi-futuro.html
1329,pin-1329-torre-che-libera.png,Tarocchi Futuro,Torre che libera,"Tarot punk: rifiutare predizioni fisse, trovare forza nel caos e creare il proprio significato — senza dogmi.

#tarocchi #tarotpunk #caos #ribellione #liberoarbitrio",https://www.luxseetarot.com/tarocchi-futuro.html
1330,pin-1330-bellezza-del-caos.png,Tarocchi Futuro,Bellezza del caos,"Tarot punk: rifiutare predizioni fisse, trovare forza nel caos e creare il proprio significato — senza dogmi.

#tarocchi #tarotpunk #caos #ribellione #liberoarbitrio",https://www.luxseetarot.com/tarocchi-futuro.html
1331,pin-1331-vita-non-lineare.png,Tarocchi Futuro,Vita non lineare,"Tarot punk: rifiutare predizioni fisse, trovare forza nel caos e creare il proprio significato — senza dogmi.

#tarocchi #tarotpunk #caos #ribellione #liberoarbitrio",https://www.luxseetarot.com/tarocchi-futuro.html
1332,pin-1332-anarchia-spirituale.png,Tarocchi Futuro,Anarchia spirituale,"Tarot punk: rifiutare predizioni fisse, trovare forza nel caos e creare il proprio significato — senza dogmi.

#tarocchi #tarotpunk #caos #ribellione #liberoarbitrio",https://www.luxseetarot.com/tarocchi-futuro.html
1333,pin-1333-manuale-spezzato.png,Tarocchi Futuro,Manuale spezzato,"Tarot punk: rifiutare predizioni fisse, trovare forza nel caos e creare il proprio significato — senza dogmi.

#tarocchi #tarotpunk #caos #ribellione #liberoarbitrio",https://www.luxseetarot.com/tarocchi-futuro.html
1334,pin-1334-significato-personale.png,Tarocchi Futuro,Significato personale,"Tarot punk: rifiutare predizioni fisse, trovare forza nel caos e creare il proprio significato — senza dogmi.

#tarocchi #tarotpunk #caos #ribellione #liberoarbitrio",https://www.luxseetarot.com/tarocchi-futuro.html
1335,pin-1335-dogma-fuori.png,Tarocchi Futuro,Dogma fuori,"Tarot punk: rifiutare predizioni fisse, trovare forza nel caos e creare il proprio significato — senza dogmi.

#tarocchi #tarotpunk #caos #ribellione #liberoarbitrio",https://www.luxseetarot.com/tarocchi-futuro.html
1336,pin-1336-tarot-punk.png,Tarocchi Futuro,Tarot punk,"Tarot punk: rifiutare predizioni fisse, trovare forza nel caos e creare il proprio significato — senza dogmi.

#tarocchi #tarotpunk #caos #ribellione #liberoarbitrio",https://www.luxseetarot.com/tarocchi-futuro.html
1337,pin-1337-dissacrazione-soft.png,Tarocchi Futuro,Dissacrazione soft,"Tarot punk: rifiutare predizioni fisse, trovare forza nel caos e creare il proprio significato — senza dogmi.

#tarocchi #tarotpunk #caos #ribellione #liberoarbitrio",https://www.luxseetarot.com/tarocchi-futuro.html
1338,pin-1338-look-alternativo.png,Tarocchi Futuro,Look alternativo,"Tarot punk: rifiutare predizioni fisse, trovare forza nel caos e creare il proprio significato — senza dogmi.

#tarocchi #tarotpunk #caos #ribellione #liberoarbitrio",https://www.luxseetarot.com/tarocchi-futuro.html
1339,pin-1339-catena-spezzata.png,Tarocchi Futuro,Catena spezzata,"Tarot punk: rifiutare predizioni fisse, trovare forza nel caos e creare il proprio significato — senza dogmi.

#tarocchi #tarotpunk #caos #ribellione #liberoarbitrio",https://www.luxseetarot.com/tarocchi-futuro.html
1340,pin-1340-fuoco-ribelle.png,Tarocchi Futuro,Fuoco ribelle,"Tarot punk: rifiutare predizioni fisse, trovare forza nel caos e creare il proprio significato — senza dogmi.

#tarocchi #tarotpunk #caos #ribellione #liberoarbitrio",https://www.luxseetarot.com/tarocchi-futuro.html
1341,pin-1341-shock-utile.png,Tarocchi Futuro,Shock utile,"Tarot punk: rifiutare predizioni fisse, trovare forza nel caos e creare il proprio significato — senza dogmi.

#tarocchi #tarotpunk #caos #ribellione #liberoarbitrio",https://www.luxseetarot.com/tarocchi-futuro.html
1342,pin-1342-rottura-di-pattern.png,Tarocchi Futuro,Rottura di pattern,"Tarot punk: rifiutare predizioni fisse, trovare forza nel caos e creare il proprio significato — senza dogmi.

#tarocchi #tarotpunk #caos #ribellione #liberoarbitrio",https://www.luxseetarot.com/tarocchi-futuro.html
1343,pin-1343-schema-familiare.png,Tarocchi Futuro,Schema familiare,"Tarot punk: rifiutare predizioni fisse, trovare forza nel caos e creare il proprio significato — senza dogmi.

#tarocchi #tarotpunk #caos #ribellione #liberoarbitrio",https://www.luxseetarot.com/tarocchi-futuro.html
1344,pin-1344-copione-sociale.png,Tarocchi Futuro,Copione sociale,"Tarot punk: rifiutare predizioni fisse, trovare forza nel caos e creare il proprio significato — senza dogmi.

#tarocchi #tarotpunk #caos #ribellione #liberoarbitrio",https://www.luxseetarot.com/tarocchi-futuro.html
1345,pin-1345-no-al-destino-chiuso.png,Tarocchi Futuro,No al destino chiuso,"Tarot punk: rifiutare predizioni fisse, trovare forza nel caos e creare il proprio significato — senza dogmi.

#tarocchi #tarotpunk #caos #ribellione #liberoarbitrio",https://www.luxseetarot.com/tarocchi-futuro.html
1346,pin-1346-si-al-rischio-lucido.png,Tarocchi Futuro,Sì al rischio lucido,"Tarot punk: rifiutare predizioni fisse, trovare forza nel caos e creare il proprio significato — senza dogmi.

#tarocchi #tarotpunk #caos #ribellione #liberoarbitrio",https://www.luxseetarot.com/tarocchi-futuro.html
1347,pin-1347-caos-che-insegna.png,Tarocchi Futuro,Caos che insegna,"Tarot punk: rifiutare predizioni fisse, trovare forza nel caos e creare il proprio significato — senza dogmi.

#tarocchi #tarotpunk #caos #ribellione #liberoarbitrio",https://www.luxseetarot.com/tarocchi-futuro.html
1348,pin-1348-forza-nel-disordine.png,Tarocchi Futuro,Forza nel disordine,"Tarot punk: rifiutare predizioni fisse, trovare forza nel caos e creare il proprio significato — senza dogmi.

#tarocchi #tarotpunk #caos #ribellione #liberoarbitrio",https://www.luxseetarot.com/tarocchi-futuro.html
1349,pin-1349-energia-torre.png,Tarocchi Futuro,Energia Torre,"Tarot punk: rifiutare predizioni fisse, trovare forza nel caos e creare il proprio significato — senza dogmi.

#tarocchi #tarotpunk #caos #ribellione #liberoarbitrio",https://www.luxseetarot.com/tarocchi-futuro.html
1350,pin-1350-crollo-come-arte.png,Tarocchi Futuro,Crollo come arte,"Tarot punk: rifiutare predizioni fisse, trovare forza nel caos e creare il proprio significato — senza dogmi.

#tarocchi #tarotpunk #caos #ribellione #liberoarbitrio",https://www.luxseetarot.com/tarocchi-futuro.html
1351,pin-1351-macerie-creative.png,Tarocchi Futuro,Macerie creative,"Tarot punk: rifiutare predizioni fisse, trovare forza nel caos e creare il proprio significato — senza dogmi.

#tarocchi #tarotpunk #caos #ribellione #liberoarbitrio",https://www.luxseetarot.com/tarocchi-futuro.html
1352,pin-1352-rivolta-interiore.png,Tarocchi Futuro,Rivolta interiore,"Tarot punk: rifiutare predizioni fisse, trovare forza nel caos e creare il proprio significato — senza dogmi.

#tarocchi #tarotpunk #caos #ribellione #liberoarbitrio",https://www.luxseetarot.com/tarocchi-futuro.html
1353,pin-1353-protesta-quieta.png,Tarocchi Futuro,Protesta quieta,"Tarot punk: rifiutare predizioni fisse, trovare forza nel caos e creare il proprio significato — senza dogmi.

#tarocchi #tarotpunk #caos #ribellione #liberoarbitrio",https://www.luxseetarot.com/tarocchi-futuro.html
1354,pin-1354-manifesto-personale.png,Tarocchi Futuro,Manifesto personale,"Tarot punk: rifiutare predizioni fisse, trovare forza nel caos e creare il proprio significato — senza dogmi.

#tarocchi #tarotpunk #caos #ribellione #liberoarbitrio",https://www.luxseetarot.com/tarocchi-futuro.html
1355,pin-1355-graffiti-dell-anima.png,Tarocchi Futuro,Graffiti dell’anima,"Tarot punk: rifiutare predizioni fisse, trovare forza nel caos e creare il proprio significato — senza dogmi.

#tarocchi #tarotpunk #caos #ribellione #liberoarbitrio",https://www.luxseetarot.com/tarocchi-futuro.html
1356,pin-1356-street-oracolo.png,Tarocchi Futuro,Street oracolo,"Tarot punk: rifiutare predizioni fisse, trovare forza nel caos e creare il proprio significato — senza dogmi.

#tarocchi #tarotpunk #caos #ribellione #liberoarbitrio",https://www.luxseetarot.com/tarocchi-futuro.html
1357,pin-1357-antitesi-al-dogma.png,Tarocchi Futuro,Antitesi al dogma,"Tarot punk: rifiutare predizioni fisse, trovare forza nel caos e creare il proprio significato — senza dogmi.

#tarocchi #tarotpunk #caos #ribellione #liberoarbitrio",https://www.luxseetarot.com/tarocchi-futuro.html
1358,pin-1358-eresia-fertile.png,Tarocchi Futuro,Eresia fertile,"Tarot punk: rifiutare predizioni fisse, trovare forza nel caos e creare il proprio significato — senza dogmi.

#tarocchi #tarotpunk #caos #ribellione #liberoarbitrio",https://www.luxseetarot.com/tarocchi-futuro.html
1359,pin-1359-culto-di-te.png,Tarocchi Futuro,Culto di te,"Tarot punk: rifiutare predizioni fisse, trovare forza nel caos e creare il proprio significato — senza dogmi.

#tarocchi #tarotpunk #caos #ribellione #liberoarbitrio",https://www.luxseetarot.com/tarocchi-futuro.html
1360,pin-1360-autorita-interiore.png,Tarocchi Futuro,Autorità interiore,"Tarot punk: rifiutare predizioni fisse, trovare forza nel caos e creare il proprio significato — senza dogmi.

#tarocchi #tarotpunk #caos #ribellione #liberoarbitrio",https://www.luxseetarot.com/tarocchi-futuro.html
1361,pin-1361-gerarchia-spezzata.png,Tarocchi Futuro,Gerarchia spezzata,"Tarot punk: rifiutare predizioni fisse, trovare forza nel caos e creare il proprio significato — senza dogmi.

#tarocchi #tarotpunk #caos #ribellione #liberoarbitrio",https://www.luxseetarot.com/tarocchi-futuro.html
1362,pin-1362-potere-restituito.png,Tarocchi Futuro,Potere restituito,"Tarot punk: rifiutare predizioni fisse, trovare forza nel caos e creare il proprio significato — senza dogmi.

#tarocchi #tarotpunk #caos #ribellione #liberoarbitrio",https://www.luxseetarot.com/tarocchi-futuro.html
1363,pin-1363-controllo-sciolto.png,Tarocchi Futuro,Controllo sciolto,"Tarot punk: rifiutare predizioni fisse, trovare forza nel caos e creare il proprio significato — senza dogmi.

#tarocchi #tarotpunk #caos #ribellione #liberoarbitrio",https://www.luxseetarot.com/tarocchi-futuro.html
1364,pin-1364-obbedienza-cieca.png,Tarocchi Futuro,Obbedienza cieca,"Tarot punk: rifiutare predizioni fisse, trovare forza nel caos e creare il proprio significato — senza dogmi.

#tarocchi #tarotpunk #caos #ribellione #liberoarbitrio",https://www.luxseetarot.com/tarocchi-futuro.html
1365,pin-1365-disobbedienza-sacra.png,Tarocchi Futuro,Disobbedienza sacra,"Tarot punk: rifiutare predizioni fisse, trovare forza nel caos e creare il proprio significato — senza dogmi.

#tarocchi #tarotpunk #caos #ribellione #liberoarbitrio",https://www.luxseetarot.com/tarocchi-futuro.html
1366,pin-1366-regola-inventata.png,Tarocchi Futuro,Regola inventata,"Tarot punk: rifiutare predizioni fisse, trovare forza nel caos e creare il proprio significato — senza dogmi.

#tarocchi #tarotpunk #caos #ribellione #liberoarbitrio",https://www.luxseetarot.com/tarocchi-futuro.html
1367,pin-1367-codice-punk.png,Tarocchi Futuro,Codice punk,"Tarot punk: rifiutare predizioni fisse, trovare forza nel caos e creare il proprio significato — senza dogmi.

#tarocchi #tarotpunk #caos #ribellione #liberoarbitrio",https://www.luxseetarot.com/tarocchi-futuro.html
1368,pin-1368-estetica-del-no.png,Tarocchi Futuro,Estetica del no,"Tarot punk: rifiutare predizioni fisse, trovare forza nel caos e creare il proprio significato — senza dogmi.

#tarocchi #tarotpunk #caos #ribellione #liberoarbitrio",https://www.luxseetarot.com/tarocchi-futuro.html
1369,pin-1369-shock-rosa.png,Tarocchi Futuro,Shock rosa,"Tarot punk: rifiutare predizioni fisse, trovare forza nel caos e creare il proprio significato — senza dogmi.

#tarocchi #tarotpunk #caos #ribellione #liberoarbitrio",https://www.luxseetarot.com/tarocchi-futuro.html
1370,pin-1370-neon-del-rifiuto.png,Tarocchi Futuro,Neon del rifiuto,"Tarot punk: rifiutare predizioni fisse, trovare forza nel caos e creare il proprio significato — senza dogmi.

#tarocchi #tarotpunk #caos #ribellione #liberoarbitrio",https://www.luxseetarot.com/tarocchi-futuro.html
1371,pin-1371-catena-d-oro-rotta.png,Tarocchi Futuro,Catena d’oro rotta,"Tarot punk: rifiutare predizioni fisse, trovare forza nel caos e creare il proprio significato — senza dogmi.

#tarocchi #tarotpunk #caos #ribellione #liberoarbitrio",https://www.luxseetarot.com/tarocchi-futuro.html
1372,pin-1372-scossa-al-sistema.png,Tarocchi Futuro,Scossa al sistema,"Tarot punk: rifiutare predizioni fisse, trovare forza nel caos e creare il proprio significato — senza dogmi.

#tarocchi #tarotpunk #caos #ribellione #liberoarbitrio",https://www.luxseetarot.com/tarocchi-futuro.html
1373,pin-1373-bug-nel-destino.png,Tarocchi Futuro,Bug nel destino,"Tarot punk: rifiutare predizioni fisse, trovare forza nel caos e creare il proprio significato — senza dogmi.

#tarocchi #tarotpunk #caos #ribellione #liberoarbitrio",https://www.luxseetarot.com/tarocchi-futuro.html
1374,pin-1374-patch-ribelle.png,Tarocchi Futuro,Patch ribelle,"Tarot punk: rifiutare predizioni fisse, trovare forza nel caos e creare il proprio significato — senza dogmi.

#tarocchi #tarotpunk #caos #ribellione #liberoarbitrio",https://www.luxseetarot.com/tarocchi-futuro.html
1375,pin-1375-override-del-sempre.png,Tarocchi Futuro,Override del sempre,"Tarot punk: rifiutare predizioni fisse, trovare forza nel caos e creare il proprio significato — senza dogmi.

#tarocchi #tarotpunk #caos #ribellione #liberoarbitrio",https://www.luxseetarot.com/tarocchi-futuro.html
1376,pin-1376-glitch-che-libera.png,Tarocchi Futuro,Glitch che libera,"Tarot punk: rifiutare predizioni fisse, trovare forza nel caos e creare il proprio significato — senza dogmi.

#tarocchi #tarotpunk #caos #ribellione #liberoarbitrio",https://www.luxseetarot.com/tarocchi-futuro.html
1377,pin-1377-crash-del-vecchio.png,Tarocchi Futuro,Crash del vecchio,"Tarot punk: rifiutare predizioni fisse, trovare forza nel caos e creare il proprio significato — senza dogmi.

#tarocchi #tarotpunk #caos #ribellione #liberoarbitrio",https://www.luxseetarot.com/tarocchi-futuro.html
1378,pin-1378-reboot-punk.png,Tarocchi Futuro,Reboot punk,"Tarot punk: rifiutare predizioni fisse, trovare forza nel caos e creare il proprio significato — senza dogmi.

#tarocchi #tarotpunk #caos #ribellione #liberoarbitrio",https://www.luxseetarot.com/tarocchi-futuro.html
1379,pin-1379-safe-mode-off.png,Tarocchi Futuro,Safe mode off,"Tarot punk: rifiutare predizioni fisse, trovare forza nel caos e creare il proprio significato — senza dogmi.

#tarocchi #tarotpunk #caos #ribellione #liberoarbitrio",https://www.luxseetarot.com/tarocchi-futuro.html
1380,pin-1380-root-access-ribelle.png,Tarocchi Futuro,Root access ribelle,"Tarot punk: rifiutare predizioni fisse, trovare forza nel caos e creare il proprio significato — senza dogmi.

#tarocchi #tarotpunk #caos #ribellione #liberoarbitrio",https://www.luxseetarot.com/tarocchi-futuro.html
1381,pin-1381-firewall-delle-regole.png,Tarocchi Futuro,Firewall delle regole,"Tarot punk: rifiutare predizioni fisse, trovare forza nel caos e creare il proprio significato — senza dogmi.

#tarocchi #tarotpunk #caos #ribellione #liberoarbitrio",https://www.luxseetarot.com/tarocchi-futuro.html
1382,pin-1382-porte-aperte.png,Tarocchi Futuro,Porte aperte,"Tarot punk: rifiutare predizioni fisse, trovare forza nel caos e creare il proprio significato — senza dogmi.

#tarocchi #tarotpunk #caos #ribellione #liberoarbitrio",https://www.luxseetarot.com/tarocchi-futuro.html
1383,pin-1383-uscita-di-emergenza.png,Tarocchi Futuro,Uscita di emergenza,"Tarot punk: rifiutare predizioni fisse, trovare forza nel caos e creare il proprio significato — senza dogmi.

#tarocchi #tarotpunk #caos #ribellione #liberoarbitrio",https://www.luxseetarot.com/tarocchi-futuro.html
1384,pin-1384-antitesi-soft.png,Tarocchi Futuro,Antitesi soft,"Tarot punk: rifiutare predizioni fisse, trovare forza nel caos e creare il proprio significato — senza dogmi.

#tarocchi #tarotpunk #caos #ribellione #liberoarbitrio",https://www.luxseetarot.com/tarocchi-futuro.html
1385,pin-1385-controcorrente.png,Tarocchi Futuro,Controcorrente,"Tarot punk: rifiutare predizioni fisse, trovare forza nel caos e creare il proprio significato — senza dogmi.

#tarocchi #tarotpunk #caos #ribellione #liberoarbitrio",https://www.luxseetarot.com/tarocchi-futuro.html
1386,pin-1386-fuori-dal-coro.png,Tarocchi Futuro,Fuori dal coro,"Tarot punk: rifiutare predizioni fisse, trovare forza nel caos e creare il proprio significato — senza dogmi.

#tarocchi #tarotpunk #caos #ribellione #liberoarbitrio",https://www.luxseetarot.com/tarocchi-futuro.html
1387,pin-1387-voce-stonata.png,Tarocchi Futuro,Voce stonata,"Tarot punk: rifiutare predizioni fisse, trovare forza nel caos e creare il proprio significato — senza dogmi.

#tarocchi #tarotpunk #caos #ribellione #liberoarbitrio",https://www.luxseetarot.com/tarocchi-futuro.html
1388,pin-1388-ritmo-spezzato.png,Tarocchi Futuro,Ritmo spezzato,"Tarot punk: rifiutare predizioni fisse, trovare forza nel caos e creare il proprio significato — senza dogmi.

#tarocchi #tarotpunk #caos #ribellione #liberoarbitrio",https://www.luxseetarot.com/tarocchi-futuro.html
1389,pin-1389-armonia-dopo-il-rumore.png,Tarocchi Futuro,Armonia dopo il rumore,"Tarot punk: rifiutare predizioni fisse, trovare forza nel caos e creare il proprio significato — senza dogmi.

#tarocchi #tarotpunk #caos #ribellione #liberoarbitrio",https://www.luxseetarot.com/tarocchi-futuro.html
1390,pin-1390-torre-come-amica.png,Tarocchi Futuro,Torre come amica,"Tarot punk: rifiutare predizioni fisse, trovare forza nel caos e creare il proprio significato — senza dogmi.

#tarocchi #tarotpunk #caos #ribellione #liberoarbitrio",https://www.luxseetarot.com/tarocchi-futuro.html
1391,pin-1391-caos-come-maestro.png,Tarocchi Futuro,Caos come maestro,"Tarot punk: rifiutare predizioni fisse, trovare forza nel caos e creare il proprio significato — senza dogmi.

#tarocchi #tarotpunk #caos #ribellione #liberoarbitrio",https://www.luxseetarot.com/tarocchi-futuro.html
1392,pin-1392-disordine-come-mappa.png,Tarocchi Futuro,Disordine come mappa,"Tarot punk: rifiutare predizioni fisse, trovare forza nel caos e creare il proprio significato — senza dogmi.

#tarocchi #tarotpunk #caos #ribellione #liberoarbitrio",https://www.luxseetarot.com/tarocchi-futuro.html
1393,pin-1393-schema-rotto.png,Tarocchi Futuro,Schema rotto,"Tarot punk: rifiutare predizioni fisse, trovare forza nel caos e creare il proprio significato — senza dogmi.

#tarocchi #tarotpunk #caos #ribellione #liberoarbitrio",https://www.luxseetarot.com/tarocchi-futuro.html
1394,pin-1394-aspettativa-caduta.png,Tarocchi Futuro,Aspettativa caduta,"Tarot punk: rifiutare predizioni fisse, trovare forza nel caos e creare il proprio significato — senza dogmi.

#tarocchi #tarotpunk #caos #ribellione #liberoarbitrio",https://www.luxseetarot.com/tarocchi-futuro.html
1395,pin-1395-liberta-grezza.png,Tarocchi Futuro,Libertà grezza,"Tarot punk: rifiutare predizioni fisse, trovare forza nel caos e creare il proprio significato — senza dogmi.

#tarocchi #tarotpunk #caos #ribellione #liberoarbitrio",https://www.luxseetarot.com/tarocchi-futuro.html
1396,pin-1396-anarchia-del-senso.png,Tarocchi Futuro,Anarchia del senso,"Tarot punk: rifiutare predizioni fisse, trovare forza nel caos e creare il proprio significato — senza dogmi.

#tarocchi #tarotpunk #caos #ribellione #liberoarbitrio",https://www.luxseetarot.com/tarocchi-futuro.html
1397,pin-1397-dogma-in-cenere.png,Tarocchi Futuro,Dogma in cenere,"Tarot punk: rifiutare predizioni fisse, trovare forza nel caos e creare il proprio significato — senza dogmi.

#tarocchi #tarotpunk #caos #ribellione #liberoarbitrio",https://www.luxseetarot.com/tarocchi-futuro.html
1398,pin-1398-manuale-bruciato.png,Tarocchi Futuro,Manuale bruciato,"Tarot punk: rifiutare predizioni fisse, trovare forza nel caos e creare il proprio significato — senza dogmi.

#tarocchi #tarotpunk #caos #ribellione #liberoarbitrio",https://www.luxseetarot.com/tarocchi-futuro.html
1399,pin-1399-carta-senza-regola.png,Tarocchi Futuro,Carta senza regola,"Tarot punk: rifiutare predizioni fisse, trovare forza nel caos e creare il proprio significato — senza dogmi.

#tarocchi #tarotpunk #caos #ribellione #liberoarbitrio",https://www.luxseetarot.com/tarocchi-futuro.html
1400,pin-1400-significato-hackerato.png,Tarocchi Futuro,Significato hackerato,"Tarot punk: rifiutare predizioni fisse, trovare forza nel caos e creare il proprio significato — senza dogmi.

#tarocchi #tarotpunk #caos #ribellione #liberoarbitrio",https://www.luxseetarot.com/tarocchi-futuro.html
1401,pin-1401-vita-come-film.png,Tarocchi Futuro,Vita come film,"La vita come sceneggiatura: le carte sono colpi di scena, fili dietro le quinte e storie infinite ricomposte.

#tarocchi #cinema #storytelling #teatro #narrativa",https://www.luxseetarot.com/tarocchi-futuro.html
1402,pin-1402-colpo-di-scena.png,Tarocchi Futuro,Colpo di scena,"La vita come sceneggiatura: le carte sono colpi di scena, fili dietro le quinte e storie infinite ricomposte.

#tarocchi #cinema #storytelling #teatro #narrativa",https://www.luxseetarot.com/tarocchi-futuro.html
1403,pin-1403-personaggio-del-giorno.png,Tarocchi Futuro,Personaggio del giorno,"La vita come sceneggiatura: le carte sono colpi di scena, fili dietro le quinte e storie infinite ricomposte.

#tarocchi #cinema #storytelling #teatro #narrativa",https://www.luxseetarot.com/tarocchi-futuro.html
1404,pin-1404-sceneggiatura-viva.png,Tarocchi Futuro,Sceneggiatura viva,"La vita come sceneggiatura: le carte sono colpi di scena, fili dietro le quinte e storie infinite ricomposte.

#tarocchi #cinema #storytelling #teatro #narrativa",https://www.luxseetarot.com/tarocchi-futuro.html
1405,pin-1405-atto-secondo.png,Tarocchi Futuro,Atto secondo,"La vita come sceneggiatura: le carte sono colpi di scena, fili dietro le quinte e storie infinite ricomposte.

#tarocchi #cinema #storytelling #teatro #narrativa",https://www.luxseetarot.com/tarocchi-futuro.html
1406,pin-1406-cliffhanger-soft.png,Tarocchi Futuro,Cliffhanger soft,"La vita come sceneggiatura: le carte sono colpi di scena, fili dietro le quinte e storie infinite ricomposte.

#tarocchi #cinema #storytelling #teatro #narrativa",https://www.luxseetarot.com/tarocchi-futuro.html
1407,pin-1407-dietro-le-quinte.png,Tarocchi Futuro,Dietro le quinte,"La vita come sceneggiatura: le carte sono colpi di scena, fili dietro le quinte e storie infinite ricomposte.

#tarocchi #cinema #storytelling #teatro #narrativa",https://www.luxseetarot.com/tarocchi-futuro.html
1408,pin-1408-fili-invisibili.png,Tarocchi Futuro,Fili invisibili,"La vita come sceneggiatura: le carte sono colpi di scena, fili dietro le quinte e storie infinite ricomposte.

#tarocchi #cinema #storytelling #teatro #narrativa",https://www.luxseetarot.com/tarocchi-futuro.html
1409,pin-1409-palcoscenico-reale.png,Tarocchi Futuro,Palcoscenico reale,"La vita come sceneggiatura: le carte sono colpi di scena, fili dietro le quinte e storie infinite ricomposte.

#tarocchi #cinema #storytelling #teatro #narrativa",https://www.luxseetarot.com/tarocchi-futuro.html
1410,pin-1410-sipario-socchiuso.png,Tarocchi Futuro,Sipario socchiuso,"La vita come sceneggiatura: le carte sono colpi di scena, fili dietro le quinte e storie infinite ricomposte.

#tarocchi #cinema #storytelling #teatro #narrativa",https://www.luxseetarot.com/tarocchi-futuro.html
1411,pin-1411-prova-generale.png,Tarocchi Futuro,Prova generale,"La vita come sceneggiatura: le carte sono colpi di scena, fili dietro le quinte e storie infinite ricomposte.

#tarocchi #cinema #storytelling #teatro #narrativa",https://www.luxseetarot.com/tarocchi-futuro.html
1412,pin-1412-prima-dello-spettacolo.png,Tarocchi Futuro,Prima dello spettacolo,"La vita come sceneggiatura: le carte sono colpi di scena, fili dietro le quinte e storie infinite ricomposte.

#tarocchi #cinema #storytelling #teatro #narrativa",https://www.luxseetarot.com/tarocchi-futuro.html
1413,pin-1413-ogni-lettura-storia.png,Tarocchi Futuro,Ogni lettura storia,"La vita come sceneggiatura: le carte sono colpi di scena, fili dietro le quinte e storie infinite ricomposte.

#tarocchi #cinema #storytelling #teatro #narrativa",https://www.luxseetarot.com/tarocchi-futuro.html
1414,pin-1414-libro-ricomposto.png,Tarocchi Futuro,Libro ricomposto,"La vita come sceneggiatura: le carte sono colpi di scena, fili dietro le quinte e storie infinite ricomposte.

#tarocchi #cinema #storytelling #teatro #narrativa",https://www.luxseetarot.com/tarocchi-futuro.html
1415,pin-1415-racconto-mescolato.png,Tarocchi Futuro,Racconto mescolato,"La vita come sceneggiatura: le carte sono colpi di scena, fili dietro le quinte e storie infinite ricomposte.

#tarocchi #cinema #storytelling #teatro #narrativa",https://www.luxseetarot.com/tarocchi-futuro.html
1416,pin-1416-trama-personale.png,Tarocchi Futuro,Trama personale,"La vita come sceneggiatura: le carte sono colpi di scena, fili dietro le quinte e storie infinite ricomposte.

#tarocchi #cinema #storytelling #teatro #narrativa",https://www.luxseetarot.com/tarocchi-futuro.html
1417,pin-1417-plot-twist-utile.png,Tarocchi Futuro,Plot twist utile,"La vita come sceneggiatura: le carte sono colpi di scena, fili dietro le quinte e storie infinite ricomposte.

#tarocchi #cinema #storytelling #teatro #narrativa",https://www.luxseetarot.com/tarocchi-futuro.html
1418,pin-1418-antagonista-interno.png,Tarocchi Futuro,Antagonista interno,"La vita come sceneggiatura: le carte sono colpi di scena, fili dietro le quinte e storie infinite ricomposte.

#tarocchi #cinema #storytelling #teatro #narrativa",https://www.luxseetarot.com/tarocchi-futuro.html
1419,pin-1419-protagonista-soft.png,Tarocchi Futuro,Protagonista soft,"La vita come sceneggiatura: le carte sono colpi di scena, fili dietro le quinte e storie infinite ricomposte.

#tarocchi #cinema #storytelling #teatro #narrativa",https://www.luxseetarot.com/tarocchi-futuro.html
1420,pin-1420-comparsa-importante.png,Tarocchi Futuro,Comparsa importante,"La vita come sceneggiatura: le carte sono colpi di scena, fili dietro le quinte e storie infinite ricomposte.

#tarocchi #cinema #storytelling #teatro #narrativa",https://www.luxseetarot.com/tarocchi-futuro.html
1421,pin-1421-extra-della-vita.png,Tarocchi Futuro,Extra della vita,"La vita come sceneggiatura: le carte sono colpi di scena, fili dietro le quinte e storie infinite ricomposte.

#tarocchi #cinema #storytelling #teatro #narrativa",https://www.luxseetarot.com/tarocchi-futuro.html
1422,pin-1422-luce-drammatica.png,Tarocchi Futuro,Luce drammatica,"La vita come sceneggiatura: le carte sono colpi di scena, fili dietro le quinte e storie infinite ricomposte.

#tarocchi #cinema #storytelling #teatro #narrativa",https://www.luxseetarot.com/tarocchi-futuro.html
1423,pin-1423-taglio-di-luce.png,Tarocchi Futuro,Taglio di luce,"La vita come sceneggiatura: le carte sono colpi di scena, fili dietro le quinte e storie infinite ricomposte.

#tarocchi #cinema #storytelling #teatro #narrativa",https://www.luxseetarot.com/tarocchi-futuro.html
1424,pin-1424-controluce-del-dubbio.png,Tarocchi Futuro,Controluce del dubbio,"La vita come sceneggiatura: le carte sono colpi di scena, fili dietro le quinte e storie infinite ricomposte.

#tarocchi #cinema #storytelling #teatro #narrativa",https://www.luxseetarot.com/tarocchi-futuro.html
1425,pin-1425-close-up-emotivo.png,Tarocchi Futuro,Close-up emotivo,"La vita come sceneggiatura: le carte sono colpi di scena, fili dietro le quinte e storie infinite ricomposte.

#tarocchi #cinema #storytelling #teatro #narrativa",https://www.luxseetarot.com/tarocchi-futuro.html
1426,pin-1426-campo-lungo.png,Tarocchi Futuro,Campo lungo,"La vita come sceneggiatura: le carte sono colpi di scena, fili dietro le quinte e storie infinite ricomposte.

#tarocchi #cinema #storytelling #teatro #narrativa",https://www.luxseetarot.com/tarocchi-futuro.html
1427,pin-1427-fuori-scena.png,Tarocchi Futuro,Fuori scena,"La vita come sceneggiatura: le carte sono colpi di scena, fili dietro le quinte e storie infinite ricomposte.

#tarocchi #cinema #storytelling #teatro #narrativa",https://www.luxseetarot.com/tarocchi-futuro.html
1428,pin-1428-voice-over-interiore.png,Tarocchi Futuro,Voice over interiore,"La vita come sceneggiatura: le carte sono colpi di scena, fili dietro le quinte e storie infinite ricomposte.

#tarocchi #cinema #storytelling #teatro #narrativa",https://www.luxseetarot.com/tarocchi-futuro.html
1429,pin-1429-dialogo-muto.png,Tarocchi Futuro,Dialogo muto,"La vita come sceneggiatura: le carte sono colpi di scena, fili dietro le quinte e storie infinite ricomposte.

#tarocchi #cinema #storytelling #teatro #narrativa",https://www.luxseetarot.com/tarocchi-futuro.html
1430,pin-1430-monologo-onesto.png,Tarocchi Futuro,Monologo onesto,"La vita come sceneggiatura: le carte sono colpi di scena, fili dietro le quinte e storie infinite ricomposte.

#tarocchi #cinema #storytelling #teatro #narrativa",https://www.luxseetarot.com/tarocchi-futuro.html
1431,pin-1431-battuta-mancata.png,Tarocchi Futuro,Battuta mancata,"La vita come sceneggiatura: le carte sono colpi di scena, fili dietro le quinte e storie infinite ricomposte.

#tarocchi #cinema #storytelling #teatro #narrativa",https://www.luxseetarot.com/tarocchi-futuro.html
1432,pin-1432-improvisazione-viva.png,Tarocchi Futuro,Improvisazione viva,"La vita come sceneggiatura: le carte sono colpi di scena, fili dietro le quinte e storie infinite ricomposte.

#tarocchi #cinema #storytelling #teatro #narrativa",https://www.luxseetarot.com/tarocchi-futuro.html
1433,pin-1433-regia-del-se.png,Tarocchi Futuro,Regia del Sé,"La vita come sceneggiatura: le carte sono colpi di scena, fili dietro le quinte e storie infinite ricomposte.

#tarocchi #cinema #storytelling #teatro #narrativa",https://www.luxseetarot.com/tarocchi-futuro.html
1434,pin-1434-montaggio-di-giorni.png,Tarocchi Futuro,Montaggio di giorni,"La vita come sceneggiatura: le carte sono colpi di scena, fili dietro le quinte e storie infinite ricomposte.

#tarocchi #cinema #storytelling #teatro #narrativa",https://www.luxseetarot.com/tarocchi-futuro.html
1435,pin-1435-flashback-utile.png,Tarocchi Futuro,Flashback utile,"La vita come sceneggiatura: le carte sono colpi di scena, fili dietro le quinte e storie infinite ricomposte.

#tarocchi #cinema #storytelling #teatro #narrativa",https://www.luxseetarot.com/tarocchi-futuro.html
1436,pin-1436-flashforward-soft.png,Tarocchi Futuro,Flashforward soft,"La vita come sceneggiatura: le carte sono colpi di scena, fili dietro le quinte e storie infinite ricomposte.

#tarocchi #cinema #storytelling #teatro #narrativa",https://www.luxseetarot.com/tarocchi-futuro.html
1437,pin-1437-spoiler-del-cuore.png,Tarocchi Futuro,Spoiler del cuore,"La vita come sceneggiatura: le carte sono colpi di scena, fili dietro le quinte e storie infinite ricomposte.

#tarocchi #cinema #storytelling #teatro #narrativa",https://www.luxseetarot.com/tarocchi-futuro.html
1438,pin-1438-trailer-della-scelta.png,Tarocchi Futuro,Trailer della scelta,"La vita come sceneggiatura: le carte sono colpi di scena, fili dietro le quinte e storie infinite ricomposte.

#tarocchi #cinema #storytelling #teatro #narrativa",https://www.luxseetarot.com/tarocchi-futuro.html
1439,pin-1439-poster-del-destino.png,Tarocchi Futuro,Poster del destino,"La vita come sceneggiatura: le carte sono colpi di scena, fili dietro le quinte e storie infinite ricomposte.

#tarocchi #cinema #storytelling #teatro #narrativa",https://www.luxseetarot.com/tarocchi-futuro.html
1440,pin-1440-genere-della-vita.png,Tarocchi Futuro,Genere della vita,"La vita come sceneggiatura: le carte sono colpi di scena, fili dietro le quinte e storie infinite ricomposte.

#tarocchi #cinema #storytelling #teatro #narrativa",https://www.luxseetarot.com/tarocchi-futuro.html
1441,pin-1441-dramma-o-commedia.png,Tarocchi Futuro,Dramma o commedia,"La vita come sceneggiatura: le carte sono colpi di scena, fili dietro le quinte e storie infinite ricomposte.

#tarocchi #cinema #storytelling #teatro #narrativa",https://www.luxseetarot.com/tarocchi-futuro.html
1442,pin-1442-thriller-interiore.png,Tarocchi Futuro,Thriller interiore,"La vita come sceneggiatura: le carte sono colpi di scena, fili dietro le quinte e storie infinite ricomposte.

#tarocchi #cinema #storytelling #teatro #narrativa",https://www.luxseetarot.com/tarocchi-futuro.html
1443,pin-1443-romance-consapevole.png,Tarocchi Futuro,Romance consapevole,"La vita come sceneggiatura: le carte sono colpi di scena, fili dietro le quinte e storie infinite ricomposte.

#tarocchi #cinema #storytelling #teatro #narrativa",https://www.luxseetarot.com/tarocchi-futuro.html
1444,pin-1444-noir-del-dubbio.png,Tarocchi Futuro,Noir del dubbio,"La vita come sceneggiatura: le carte sono colpi di scena, fili dietro le quinte e storie infinite ricomposte.

#tarocchi #cinema #storytelling #teatro #narrativa",https://www.luxseetarot.com/tarocchi-futuro.html
1445,pin-1445-documentario-di-te.png,Tarocchi Futuro,Documentario di te,"La vita come sceneggiatura: le carte sono colpi di scena, fili dietro le quinte e storie infinite ricomposte.

#tarocchi #cinema #storytelling #teatro #narrativa",https://www.luxseetarot.com/tarocchi-futuro.html
1446,pin-1446-fiction-e-verita.png,Tarocchi Futuro,Fiction e verità,"La vita come sceneggiatura: le carte sono colpi di scena, fili dietro le quinte e storie infinite ricomposte.

#tarocchi #cinema #storytelling #teatro #narrativa",https://www.luxseetarot.com/tarocchi-futuro.html
1447,pin-1447-ruolo-che-reciti.png,Tarocchi Futuro,Ruolo che reciti,"La vita come sceneggiatura: le carte sono colpi di scena, fili dietro le quinte e storie infinite ricomposte.

#tarocchi #cinema #storytelling #teatro #narrativa",https://www.luxseetarot.com/tarocchi-futuro.html
1448,pin-1448-maschera-di-scena.png,Tarocchi Futuro,Maschera di scena,"La vita come sceneggiatura: le carte sono colpi di scena, fili dietro le quinte e storie infinite ricomposte.

#tarocchi #cinema #storytelling #teatro #narrativa",https://www.luxseetarot.com/tarocchi-futuro.html
1449,pin-1449-camerino-interiore.png,Tarocchi Futuro,Camerino interiore,"La vita come sceneggiatura: le carte sono colpi di scena, fili dietro le quinte e storie infinite ricomposte.

#tarocchi #cinema #storytelling #teatro #narrativa",https://www.luxseetarot.com/tarocchi-futuro.html
1450,pin-1450-costume-del-giorno.png,Tarocchi Futuro,Costume del giorno,"La vita come sceneggiatura: le carte sono colpi di scena, fili dietro le quinte e storie infinite ricomposte.

#tarocchi #cinema #storytelling #teatro #narrativa",https://www.luxseetarot.com/tarocchi-futuro.html
1451,pin-1451-trucco-del-se.png,Tarocchi Futuro,Trucco del Sé,"La vita come sceneggiatura: le carte sono colpi di scena, fili dietro le quinte e storie infinite ricomposte.

#tarocchi #cinema #storytelling #teatro #narrativa",https://www.luxseetarot.com/tarocchi-futuro.html
1452,pin-1452-applauso-interno.png,Tarocchi Futuro,Applauso interno,"La vita come sceneggiatura: le carte sono colpi di scena, fili dietro le quinte e storie infinite ricomposte.

#tarocchi #cinema #storytelling #teatro #narrativa",https://www.luxseetarot.com/tarocchi-futuro.html
1453,pin-1453-fischio-utile.png,Tarocchi Futuro,Fischio utile,"La vita come sceneggiatura: le carte sono colpi di scena, fili dietro le quinte e storie infinite ricomposte.

#tarocchi #cinema #storytelling #teatro #narrativa",https://www.luxseetarot.com/tarocchi-futuro.html
1454,pin-1454-botteghino-dell-anima.png,Tarocchi Futuro,Botteghino dell’anima,"La vita come sceneggiatura: le carte sono colpi di scena, fili dietro le quinte e storie infinite ricomposte.

#tarocchi #cinema #storytelling #teatro #narrativa",https://www.luxseetarot.com/tarocchi-futuro.html
1455,pin-1455-sold-out-di-te.png,Tarocchi Futuro,Sold out di te,"La vita come sceneggiatura: le carte sono colpi di scena, fili dietro le quinte e storie infinite ricomposte.

#tarocchi #cinema #storytelling #teatro #narrativa",https://www.luxseetarot.com/tarocchi-futuro.html
1456,pin-1456-anteprima-privata.png,Tarocchi Futuro,Anteprima privata,"La vita come sceneggiatura: le carte sono colpi di scena, fili dietro le quinte e storie infinite ricomposte.

#tarocchi #cinema #storytelling #teatro #narrativa",https://www.luxseetarot.com/tarocchi-futuro.html
1457,pin-1457-matinee-del-mattino.png,Tarocchi Futuro,Matinée del mattino,"La vita come sceneggiatura: le carte sono colpi di scena, fili dietro le quinte e storie infinite ricomposte.

#tarocchi #cinema #storytelling #teatro #narrativa",https://www.luxseetarot.com/tarocchi-futuro.html
1458,pin-1458-serata-di-gala.png,Tarocchi Futuro,Serata di gala,"La vita come sceneggiatura: le carte sono colpi di scena, fili dietro le quinte e storie infinite ricomposte.

#tarocchi #cinema #storytelling #teatro #narrativa",https://www.luxseetarot.com/tarocchi-futuro.html
1459,pin-1459-intervallo-sacro.png,Tarocchi Futuro,Intervallo sacro,"La vita come sceneggiatura: le carte sono colpi di scena, fili dietro le quinte e storie infinite ricomposte.

#tarocchi #cinema #storytelling #teatro #narrativa",https://www.luxseetarot.com/tarocchi-futuro.html
1460,pin-1460-bis-della-lezione.png,Tarocchi Futuro,Bis della lezione,"La vita come sceneggiatura: le carte sono colpi di scena, fili dietro le quinte e storie infinite ricomposte.

#tarocchi #cinema #storytelling #teatro #narrativa",https://www.luxseetarot.com/tarocchi-futuro.html
1461,pin-1461-finale-aperto.png,Tarocchi Futuro,Finale aperto,"La vita come sceneggiatura: le carte sono colpi di scena, fili dietro le quinte e storie infinite ricomposte.

#tarocchi #cinema #storytelling #teatro #narrativa",https://www.luxseetarot.com/tarocchi-futuro.html
1462,pin-1462-chiusura-di-atto.png,Tarocchi Futuro,Chiusura di atto,"La vita come sceneggiatura: le carte sono colpi di scena, fili dietro le quinte e storie infinite ricomposte.

#tarocchi #cinema #storytelling #teatro #narrativa",https://www.luxseetarot.com/tarocchi-futuro.html
1463,pin-1463-titoli-di-coda.png,Tarocchi Futuro,Titoli di coda,"La vita come sceneggiatura: le carte sono colpi di scena, fili dietro le quinte e storie infinite ricomposte.

#tarocchi #cinema #storytelling #teatro #narrativa",https://www.luxseetarot.com/tarocchi-futuro.html
1464,pin-1464-crediti-nascosti.png,Tarocchi Futuro,Crediti nascosti,"La vita come sceneggiatura: le carte sono colpi di scena, fili dietro le quinte e storie infinite ricomposte.

#tarocchi #cinema #storytelling #teatro #narrativa",https://www.luxseetarot.com/tarocchi-futuro.html
1465,pin-1465-produttore-interno.png,Tarocchi Futuro,Produttore interno,"La vita come sceneggiatura: le carte sono colpi di scena, fili dietro le quinte e storie infinite ricomposte.

#tarocchi #cinema #storytelling #teatro #narrativa",https://www.luxseetarot.com/tarocchi-futuro.html
1466,pin-1466-scenografo-del-fato.png,Tarocchi Futuro,Scenografo del fato,"La vita come sceneggiatura: le carte sono colpi di scena, fili dietro le quinte e storie infinite ricomposte.

#tarocchi #cinema #storytelling #teatro #narrativa",https://www.luxseetarot.com/tarocchi-futuro.html
1467,pin-1467-luci-di-scena.png,Tarocchi Futuro,Luci di scena,"La vita come sceneggiatura: le carte sono colpi di scena, fili dietro le quinte e storie infinite ricomposte.

#tarocchi #cinema #storytelling #teatro #narrativa",https://www.luxseetarot.com/tarocchi-futuro.html
1468,pin-1468-buio-utile.png,Tarocchi Futuro,Buio utile,"La vita come sceneggiatura: le carte sono colpi di scena, fili dietro le quinte e storie infinite ricomposte.

#tarocchi #cinema #storytelling #teatro #narrativa",https://www.luxseetarot.com/tarocchi-futuro.html
1469,pin-1469-spotlight-sul-vero.png,Tarocchi Futuro,Spotlight sul vero,"La vita come sceneggiatura: le carte sono colpi di scena, fili dietro le quinte e storie infinite ricomposte.

#tarocchi #cinema #storytelling #teatro #narrativa",https://www.luxseetarot.com/tarocchi-futuro.html
1470,pin-1470-sipario-che-sale.png,Tarocchi Futuro,Sipario che sale,"La vita come sceneggiatura: le carte sono colpi di scena, fili dietro le quinte e storie infinite ricomposte.

#tarocchi #cinema #storytelling #teatro #narrativa",https://www.luxseetarot.com/tarocchi-futuro.html
1471,pin-1471-sipario-che-scende.png,Tarocchi Futuro,Sipario che scende,"La vita come sceneggiatura: le carte sono colpi di scena, fili dietro le quinte e storie infinite ricomposte.

#tarocchi #cinema #storytelling #teatro #narrativa",https://www.luxseetarot.com/tarocchi-futuro.html
1472,pin-1472-quarta-parete.png,Tarocchi Futuro,Quarta parete,"La vita come sceneggiatura: le carte sono colpi di scena, fili dietro le quinte e storie infinite ricomposte.

#tarocchi #cinema #storytelling #teatro #narrativa",https://www.luxseetarot.com/tarocchi-futuro.html
1473,pin-1473-pubblico-interno.png,Tarocchi Futuro,Pubblico interno,"La vita come sceneggiatura: le carte sono colpi di scena, fili dietro le quinte e storie infinite ricomposte.

#tarocchi #cinema #storytelling #teatro #narrativa",https://www.luxseetarot.com/tarocchi-futuro.html
1474,pin-1474-critica-gentile.png,Tarocchi Futuro,Critica gentile,"La vita come sceneggiatura: le carte sono colpi di scena, fili dietro le quinte e storie infinite ricomposte.

#tarocchi #cinema #storytelling #teatro #narrativa",https://www.luxseetarot.com/tarocchi-futuro.html
1475,pin-1475-recensione-onesta.png,Tarocchi Futuro,Recensione onesta,"La vita come sceneggiatura: le carte sono colpi di scena, fili dietro le quinte e storie infinite ricomposte.

#tarocchi #cinema #storytelling #teatro #narrativa",https://www.luxseetarot.com/tarocchi-futuro.html
1476,pin-1476-storyboard-emotivo.png,Tarocchi Futuro,Storyboard emotivo,"La vita come sceneggiatura: le carte sono colpi di scena, fili dietro le quinte e storie infinite ricomposte.

#tarocchi #cinema #storytelling #teatro #narrativa",https://www.luxseetarot.com/tarocchi-futuro.html
1477,pin-1477-inquadratura-giusta.png,Tarocchi Futuro,Inquadratura giusta,"La vita come sceneggiatura: le carte sono colpi di scena, fili dietro le quinte e storie infinite ricomposte.

#tarocchi #cinema #storytelling #teatro #narrativa",https://www.luxseetarot.com/tarocchi-futuro.html
1478,pin-1478-fuoco-selettivo.png,Tarocchi Futuro,Fuoco selettivo,"La vita come sceneggiatura: le carte sono colpi di scena, fili dietro le quinte e storie infinite ricomposte.

#tarocchi #cinema #storytelling #teatro #narrativa",https://www.luxseetarot.com/tarocchi-futuro.html
1479,pin-1479-lente-cinematografica.png,Tarocchi Futuro,Lente cinematografica,"La vita come sceneggiatura: le carte sono colpi di scena, fili dietro le quinte e storie infinite ricomposte.

#tarocchi #cinema #storytelling #teatro #narrativa",https://www.luxseetarot.com/tarocchi-futuro.html
1480,pin-1480-colonna-sonora.png,Tarocchi Futuro,Colonna sonora,"La vita come sceneggiatura: le carte sono colpi di scena, fili dietro le quinte e storie infinite ricomposte.

#tarocchi #cinema #storytelling #teatro #narrativa",https://www.luxseetarot.com/tarocchi-futuro.html
1481,pin-1481-voce-della-terra.png,Lettura Tarocchi Gratis,Voce della Terra,"Natura selvaggia e green witch: semi, stagioni, alberi e animali nelle carte — la Terra parla se ascolti.

#tarocchi #greenwitch #natura #paganesimo #folk",https://www.luxseetarot.com/tarocchi-gratis.html
1482,pin-1482-ciclo-delle-stagioni.png,Lettura Tarocchi Gratis,Ciclo delle stagioni,"Natura selvaggia e green witch: semi, stagioni, alberi e animali nelle carte — la Terra parla se ascolti.

#tarocchi #greenwitch #natura #paganesimo #folk",https://www.luxseetarot.com/tarocchi-gratis.html
1483,pin-1483-primavera-bastoni.png,Lettura Tarocchi Gratis,Primavera Bastoni,"Natura selvaggia e green witch: semi, stagioni, alberi e animali nelle carte — la Terra parla se ascolti.

#tarocchi #greenwitch #natura #paganesimo #folk",https://www.luxseetarot.com/tarocchi-gratis.html
1484,pin-1484-estate-coppe.png,Lettura Tarocchi Gratis,Estate Coppe,"Natura selvaggia e green witch: semi, stagioni, alberi e animali nelle carte — la Terra parla se ascolti.

#tarocchi #greenwitch #natura #paganesimo #folk",https://www.luxseetarot.com/tarocchi-gratis.html
1485,pin-1485-autunno-spade.png,Lettura Tarocchi Gratis,Autunno Spade,"Natura selvaggia e green witch: semi, stagioni, alberi e animali nelle carte — la Terra parla se ascolti.

#tarocchi #greenwitch #natura #paganesimo #folk",https://www.luxseetarot.com/tarocchi-gratis.html
1486,pin-1486-inverno-denari.png,Lettura Tarocchi Gratis,Inverno Denari,"Natura selvaggia e green witch: semi, stagioni, alberi e animali nelle carte — la Terra parla se ascolti.

#tarocchi #greenwitch #natura #paganesimo #folk",https://www.luxseetarot.com/tarocchi-gratis.html
1487,pin-1487-saggezza-degli-alberi.png,Lettura Tarocchi Gratis,Saggezza degli alberi,"Natura selvaggia e green witch: semi, stagioni, alberi e animali nelle carte — la Terra parla se ascolti.

#tarocchi #greenwitch #natura #paganesimo #folk",https://www.luxseetarot.com/tarocchi-gratis.html
1488,pin-1488-radici-profonde.png,Lettura Tarocchi Gratis,Radici profonde,"Natura selvaggia e green witch: semi, stagioni, alberi e animali nelle carte — la Terra parla se ascolti.

#tarocchi #greenwitch #natura #paganesimo #folk",https://www.luxseetarot.com/tarocchi-gratis.html
1489,pin-1489-foglia-che-cade.png,Lettura Tarocchi Gratis,Foglia che cade,"Natura selvaggia e green witch: semi, stagioni, alberi e animali nelle carte — la Terra parla se ascolti.

#tarocchi #greenwitch #natura #paganesimo #folk",https://www.luxseetarot.com/tarocchi-gratis.html
1490,pin-1490-bosco-che-parla.png,Lettura Tarocchi Gratis,Bosco che parla,"Natura selvaggia e green witch: semi, stagioni, alberi e animali nelle carte — la Terra parla se ascolti.

#tarocchi #greenwitch #natura #paganesimo #folk",https://www.luxseetarot.com/tarocchi-gratis.html
1491,pin-1491-fiume-che-guida.png,Lettura Tarocchi Gratis,Fiume che guida,"Natura selvaggia e green witch: semi, stagioni, alberi e animali nelle carte — la Terra parla se ascolti.

#tarocchi #greenwitch #natura #paganesimo #folk",https://www.luxseetarot.com/tarocchi-gratis.html
1492,pin-1492-pietra-e-ossa.png,Lettura Tarocchi Gratis,Pietra e ossa,"Natura selvaggia e green witch: semi, stagioni, alberi e animali nelle carte — la Terra parla se ascolti.

#tarocchi #greenwitch #natura #paganesimo #folk",https://www.luxseetarot.com/tarocchi-gratis.html
1493,pin-1493-fiori-secchi.png,Lettura Tarocchi Gratis,Fiori secchi,"Natura selvaggia e green witch: semi, stagioni, alberi e animali nelle carte — la Terra parla se ascolti.

#tarocchi #greenwitch #natura #paganesimo #folk",https://www.luxseetarot.com/tarocchi-gratis.html
1494,pin-1494-muschio-soft.png,Lettura Tarocchi Gratis,Muschio soft,"Natura selvaggia e green witch: semi, stagioni, alberi e animali nelle carte — la Terra parla se ascolti.

#tarocchi #greenwitch #natura #paganesimo #folk",https://www.luxseetarot.com/tarocchi-gratis.html
1495,pin-1495-lupo-nella-luna.png,Lettura Tarocchi Gratis,Lupo nella Luna,"Natura selvaggia e green witch: semi, stagioni, alberi e animali nelle carte — la Terra parla se ascolti.

#tarocchi #greenwitch #natura #paganesimo #folk",https://www.luxseetarot.com/tarocchi-gratis.html
1496,pin-1496-cane-fedele.png,Lettura Tarocchi Gratis,Cane fedele,"Natura selvaggia e green witch: semi, stagioni, alberi e animali nelle carte — la Terra parla se ascolti.

#tarocchi #greenwitch #natura #paganesimo #folk",https://www.luxseetarot.com/tarocchi-gratis.html
1497,pin-1497-leone-della-forza.png,Lettura Tarocchi Gratis,Leone della Forza,"Natura selvaggia e green witch: semi, stagioni, alberi e animali nelle carte — la Terra parla se ascolti.

#tarocchi #greenwitch #natura #paganesimo #folk",https://www.luxseetarot.com/tarocchi-gratis.html
1498,pin-1498-aquila-del-mondo.png,Lettura Tarocchi Gratis,Aquila del Mondo,"Natura selvaggia e green witch: semi, stagioni, alberi e animali nelle carte — la Terra parla se ascolti.

#tarocchi #greenwitch #natura #paganesimo #folk",https://www.luxseetarot.com/tarocchi-gratis.html
1499,pin-1499-spiritualita-animale.png,Lettura Tarocchi Gratis,Spiritualità animale,"Natura selvaggia e green witch: semi, stagioni, alberi e animali nelle carte — la Terra parla se ascolti.

#tarocchi #greenwitch #natura #paganesimo #folk",https://www.luxseetarot.com/tarocchi-gratis.html
1500,pin-1500-totem-del-giorno.png,Lettura Tarocchi Gratis,Totem del giorno,"Natura selvaggia e green witch: semi, stagioni, alberi e animali nelle carte — la Terra parla se ascolti.

#tarocchi #greenwitch #natura #paganesimo #folk",https://www.luxseetarot.com/tarocchi-gratis.html
1501,pin-1501-verde-strega.png,Lettura Tarocchi Gratis,Verde strega,"Natura selvaggia e green witch: semi, stagioni, alberi e animali nelle carte — la Terra parla se ascolti.

#tarocchi #greenwitch #natura #paganesimo #folk",https://www.luxseetarot.com/tarocchi-gratis.html
1502,pin-1502-folk-oracolo.png,Lettura Tarocchi Gratis,Folk oracolo,"Natura selvaggia e green witch: semi, stagioni, alberi e animali nelle carte — la Terra parla se ascolti.

#tarocchi #greenwitch #natura #paganesimo #folk",https://www.luxseetarot.com/tarocchi-gratis.html
1503,pin-1503-foglia-e-carta.png,Lettura Tarocchi Gratis,Foglia e carta,"Natura selvaggia e green witch: semi, stagioni, alberi e animali nelle carte — la Terra parla se ascolti.

#tarocchi #greenwitch #natura #paganesimo #folk",https://www.luxseetarot.com/tarocchi-gratis.html
1504,pin-1504-terra-sotto-i-piedi.png,Lettura Tarocchi Gratis,Terra sotto i piedi,"Natura selvaggia e green witch: semi, stagioni, alberi e animali nelle carte — la Terra parla se ascolti.

#tarocchi #greenwitch #natura #paganesimo #folk",https://www.luxseetarot.com/tarocchi-gratis.html
1505,pin-1505-vento-nei-rami.png,Lettura Tarocchi Gratis,Vento nei rami,"Natura selvaggia e green witch: semi, stagioni, alberi e animali nelle carte — la Terra parla se ascolti.

#tarocchi #greenwitch #natura #paganesimo #folk",https://www.luxseetarot.com/tarocchi-gratis.html
1506,pin-1506-rugiada-del-mattino.png,Lettura Tarocchi Gratis,Rugiada del mattino,"Natura selvaggia e green witch: semi, stagioni, alberi e animali nelle carte — la Terra parla se ascolti.

#tarocchi #greenwitch #natura #paganesimo #folk",https://www.luxseetarot.com/tarocchi-gratis.html
1507,pin-1507-fungo-e-mistero.png,Lettura Tarocchi Gratis,Fungo e mistero,"Natura selvaggia e green witch: semi, stagioni, alberi e animali nelle carte — la Terra parla se ascolti.

#tarocchi #greenwitch #natura #paganesimo #folk",https://www.luxseetarot.com/tarocchi-gratis.html
1508,pin-1508-radice-esposta.png,Lettura Tarocchi Gratis,Radice esposta,"Natura selvaggia e green witch: semi, stagioni, alberi e animali nelle carte — la Terra parla se ascolti.

#tarocchi #greenwitch #natura #paganesimo #folk",https://www.luxseetarot.com/tarocchi-gratis.html
1509,pin-1509-corteccia-antica.png,Lettura Tarocchi Gratis,Corteccia antica,"Natura selvaggia e green witch: semi, stagioni, alberi e animali nelle carte — la Terra parla se ascolti.

#tarocchi #greenwitch #natura #paganesimo #folk",https://www.luxseetarot.com/tarocchi-gratis.html
1510,pin-1510-linfa-che-sale.png,Lettura Tarocchi Gratis,Linfa che sale,"Natura selvaggia e green witch: semi, stagioni, alberi e animali nelle carte — la Terra parla se ascolti.

#tarocchi #greenwitch #natura #paganesimo #folk",https://www.luxseetarot.com/tarocchi-gratis.html
1511,pin-1511-semina-interiore.png,Lettura Tarocchi Gratis,Semina interiore,"Natura selvaggia e green witch: semi, stagioni, alberi e animali nelle carte — la Terra parla se ascolti.

#tarocchi #greenwitch #natura #paganesimo #folk",https://www.luxseetarot.com/tarocchi-gratis.html
1512,pin-1512-raccolto-emotivo.png,Lettura Tarocchi Gratis,Raccolto emotivo,"Natura selvaggia e green witch: semi, stagioni, alberi e animali nelle carte — la Terra parla se ascolti.

#tarocchi #greenwitch #natura #paganesimo #folk",https://www.luxseetarot.com/tarocchi-gratis.html
1513,pin-1513-maggese-soft.png,Lettura Tarocchi Gratis,Maggese soft,"Natura selvaggia e green witch: semi, stagioni, alberi e animali nelle carte — la Terra parla se ascolti.

#tarocchi #greenwitch #natura #paganesimo #folk",https://www.luxseetarot.com/tarocchi-gratis.html
1514,pin-1514-compost-del-passato.png,Lettura Tarocchi Gratis,Compost del passato,"Natura selvaggia e green witch: semi, stagioni, alberi e animali nelle carte — la Terra parla se ascolti.

#tarocchi #greenwitch #natura #paganesimo #folk",https://www.luxseetarot.com/tarocchi-gratis.html
1515,pin-1515-humus-dell-anima.png,Lettura Tarocchi Gratis,Humus dell’anima,"Natura selvaggia e green witch: semi, stagioni, alberi e animali nelle carte — la Terra parla se ascolti.

#tarocchi #greenwitch #natura #paganesimo #folk",https://www.luxseetarot.com/tarocchi-gratis.html
1516,pin-1516-orto-sacro.png,Lettura Tarocchi Gratis,Orto sacro,"Natura selvaggia e green witch: semi, stagioni, alberi e animali nelle carte — la Terra parla se ascolti.

#tarocchi #greenwitch #natura #paganesimo #folk",https://www.luxseetarot.com/tarocchi-gratis.html
1517,pin-1517-erba-che-cresce.png,Lettura Tarocchi Gratis,Erba che cresce,"Natura selvaggia e green witch: semi, stagioni, alberi e animali nelle carte — la Terra parla se ascolti.

#tarocchi #greenwitch #natura #paganesimo #folk",https://www.luxseetarot.com/tarocchi-gratis.html
1518,pin-1518-rovo-e-confine.png,Lettura Tarocchi Gratis,Rovo e confine,"Natura selvaggia e green witch: semi, stagioni, alberi e animali nelle carte — la Terra parla se ascolti.

#tarocchi #greenwitch #natura #paganesimo #folk",https://www.luxseetarot.com/tarocchi-gratis.html
1519,pin-1519-rosa-selvatica.png,Lettura Tarocchi Gratis,Rosa selvatica,"Natura selvaggia e green witch: semi, stagioni, alberi e animali nelle carte — la Terra parla se ascolti.

#tarocchi #greenwitch #natura #paganesimo #folk",https://www.luxseetarot.com/tarocchi-gratis.html
1520,pin-1520-spine-utili.png,Lettura Tarocchi Gratis,Spine utili,"Natura selvaggia e green witch: semi, stagioni, alberi e animali nelle carte — la Terra parla se ascolti.

#tarocchi #greenwitch #natura #paganesimo #folk",https://www.luxseetarot.com/tarocchi-gratis.html
1521,pin-1521-miele-e-pungiglione.png,Lettura Tarocchi Gratis,Miele e pungiglione,"Natura selvaggia e green witch: semi, stagioni, alberi e animali nelle carte — la Terra parla se ascolti.

#tarocchi #greenwitch #natura #paganesimo #folk",https://www.luxseetarot.com/tarocchi-gratis.html
1522,pin-1522-alveare-interiore.png,Lettura Tarocchi Gratis,Alveare interiore,"Natura selvaggia e green witch: semi, stagioni, alberi e animali nelle carte — la Terra parla se ascolti.

#tarocchi #greenwitch #natura #paganesimo #folk",https://www.luxseetarot.com/tarocchi-gratis.html
1523,pin-1523-nido-vuoto.png,Lettura Tarocchi Gratis,Nido vuoto,"Natura selvaggia e green witch: semi, stagioni, alberi e animali nelle carte — la Terra parla se ascolti.

#tarocchi #greenwitch #natura #paganesimo #folk",https://www.luxseetarot.com/tarocchi-gratis.html
1524,pin-1524-uovo-del-dopo.png,Lettura Tarocchi Gratis,Uovo del dopo,"Natura selvaggia e green witch: semi, stagioni, alberi e animali nelle carte — la Terra parla se ascolti.

#tarocchi #greenwitch #natura #paganesimo #folk",https://www.luxseetarot.com/tarocchi-gratis.html
1525,pin-1525-volare-soft.png,Lettura Tarocchi Gratis,Volare soft,"Natura selvaggia e green witch: semi, stagioni, alberi e animali nelle carte — la Terra parla se ascolti.

#tarocchi #greenwitch #natura #paganesimo #folk",https://www.luxseetarot.com/tarocchi-gratis.html
1526,pin-1526-zampa-sulla-terra.png,Lettura Tarocchi Gratis,Zampa sulla terra,"Natura selvaggia e green witch: semi, stagioni, alberi e animali nelle carte — la Terra parla se ascolti.

#tarocchi #greenwitch #natura #paganesimo #folk",https://www.luxseetarot.com/tarocchi-gratis.html
1527,pin-1527-traccia-nel-fango.png,Lettura Tarocchi Gratis,Traccia nel fango,"Natura selvaggia e green witch: semi, stagioni, alberi e animali nelle carte — la Terra parla se ascolti.

#tarocchi #greenwitch #natura #paganesimo #folk",https://www.luxseetarot.com/tarocchi-gratis.html
1528,pin-1528-orme-animali.png,Lettura Tarocchi Gratis,Orme animali,"Natura selvaggia e green witch: semi, stagioni, alberi e animali nelle carte — la Terra parla se ascolti.

#tarocchi #greenwitch #natura #paganesimo #folk",https://www.luxseetarot.com/tarocchi-gratis.html
1529,pin-1529-corvo-messaggero.png,Lettura Tarocchi Gratis,Corvo messaggero,"Natura selvaggia e green witch: semi, stagioni, alberi e animali nelle carte — la Terra parla se ascolti.

#tarocchi #greenwitch #natura #paganesimo #folk",https://www.luxseetarot.com/tarocchi-gratis.html
1530,pin-1530-civetta-quieta.png,Lettura Tarocchi Gratis,Civetta quieta,"Natura selvaggia e green witch: semi, stagioni, alberi e animali nelle carte — la Terra parla se ascolti.

#tarocchi #greenwitch #natura #paganesimo #folk",https://www.luxseetarot.com/tarocchi-gratis.html
1531,pin-1531-serpente-che-muda.png,Lettura Tarocchi Gratis,Serpente che muda,"Natura selvaggia e green witch: semi, stagioni, alberi e animali nelle carte — la Terra parla se ascolti.

#tarocchi #greenwitch #natura #paganesimo #folk",https://www.luxseetarot.com/tarocchi-gratis.html
1532,pin-1532-cervo-all-alba.png,Lettura Tarocchi Gratis,Cervo all’alba,"Natura selvaggia e green witch: semi, stagioni, alberi e animali nelle carte — la Terra parla se ascolti.

#tarocchi #greenwitch #natura #paganesimo #folk",https://www.luxseetarot.com/tarocchi-gratis.html
1533,pin-1533-orso-in-letargo.png,Lettura Tarocchi Gratis,Orso in letargo,"Natura selvaggia e green witch: semi, stagioni, alberi e animali nelle carte — la Terra parla se ascolti.

#tarocchi #greenwitch #natura #paganesimo #folk",https://www.luxseetarot.com/tarocchi-gratis.html
1534,pin-1534-volpe-furba.png,Lettura Tarocchi Gratis,Volpe furba,"Natura selvaggia e green witch: semi, stagioni, alberi e animali nelle carte — la Terra parla se ascolti.

#tarocchi #greenwitch #natura #paganesimo #folk",https://www.luxseetarot.com/tarocchi-gratis.html
1535,pin-1535-farfalla-soglia.png,Lettura Tarocchi Gratis,Farfalla soglia,"Natura selvaggia e green witch: semi, stagioni, alberi e animali nelle carte — la Terra parla se ascolti.

#tarocchi #greenwitch #natura #paganesimo #folk",https://www.luxseetarot.com/tarocchi-gratis.html
1536,pin-1536-ragno-tessuto.png,Lettura Tarocchi Gratis,Ragno tessuto,"Natura selvaggia e green witch: semi, stagioni, alberi e animali nelle carte — la Terra parla se ascolti.

#tarocchi #greenwitch #natura #paganesimo #folk",https://www.luxseetarot.com/tarocchi-gratis.html
1537,pin-1537-ape-operaia.png,Lettura Tarocchi Gratis,Ape operaia,"Natura selvaggia e green witch: semi, stagioni, alberi e animali nelle carte — la Terra parla se ascolti.

#tarocchi #greenwitch #natura #paganesimo #folk",https://www.luxseetarot.com/tarocchi-gratis.html
1538,pin-1538-luna-tra-i-rami.png,Lettura Tarocchi Gratis,Luna tra i rami,"Natura selvaggia e green witch: semi, stagioni, alberi e animali nelle carte — la Terra parla se ascolti.

#tarocchi #greenwitch #natura #paganesimo #folk",https://www.luxseetarot.com/tarocchi-gratis.html
1539,pin-1539-sole-nel-sottobosco.png,Lettura Tarocchi Gratis,Sole nel sottobosco,"Natura selvaggia e green witch: semi, stagioni, alberi e animali nelle carte — la Terra parla se ascolti.

#tarocchi #greenwitch #natura #paganesimo #folk",https://www.luxseetarot.com/tarocchi-gratis.html
1540,pin-1540-stella-e-muschio.png,Lettura Tarocchi Gratis,Stella e muschio,"Natura selvaggia e green witch: semi, stagioni, alberi e animali nelle carte — la Terra parla se ascolti.

#tarocchi #greenwitch #natura #paganesimo #folk",https://www.luxseetarot.com/tarocchi-gratis.html
1541,pin-1541-ruscello-chiaro.png,Lettura Tarocchi Gratis,Ruscello chiaro,"Natura selvaggia e green witch: semi, stagioni, alberi e animali nelle carte — la Terra parla se ascolti.

#tarocchi #greenwitch #natura #paganesimo #folk",https://www.luxseetarot.com/tarocchi-gratis.html
1542,pin-1542-palude-fertile.png,Lettura Tarocchi Gratis,Palude fertile,"Natura selvaggia e green witch: semi, stagioni, alberi e animali nelle carte — la Terra parla se ascolti.

#tarocchi #greenwitch #natura #paganesimo #folk",https://www.luxseetarot.com/tarocchi-gratis.html
1543,pin-1543-montagna-radicata.png,Lettura Tarocchi Gratis,Montagna radicata,"Natura selvaggia e green witch: semi, stagioni, alberi e animali nelle carte — la Terra parla se ascolti.

#tarocchi #greenwitch #natura #paganesimo #folk",https://www.luxseetarot.com/tarocchi-gratis.html
1544,pin-1544-valle-che-accoglie.png,Lettura Tarocchi Gratis,Valle che accoglie,"Natura selvaggia e green witch: semi, stagioni, alberi e animali nelle carte — la Terra parla se ascolti.

#tarocchi #greenwitch #natura #paganesimo #folk",https://www.luxseetarot.com/tarocchi-gratis.html
1545,pin-1545-grotta-umida.png,Lettura Tarocchi Gratis,Grotta umida,"Natura selvaggia e green witch: semi, stagioni, alberi e animali nelle carte — la Terra parla se ascolti.

#tarocchi #greenwitch #natura #paganesimo #folk",https://www.luxseetarot.com/tarocchi-gratis.html
1546,pin-1546-radura-aperta.png,Lettura Tarocchi Gratis,Radura aperta,"Natura selvaggia e green witch: semi, stagioni, alberi e animali nelle carte — la Terra parla se ascolti.

#tarocchi #greenwitch #natura #paganesimo #folk",https://www.luxseetarot.com/tarocchi-gratis.html
1547,pin-1547-sentiero-battuto.png,Lettura Tarocchi Gratis,Sentiero battuto,"Natura selvaggia e green witch: semi, stagioni, alberi e animali nelle carte — la Terra parla se ascolti.

#tarocchi #greenwitch #natura #paganesimo #folk",https://www.luxseetarot.com/tarocchi-gratis.html
1548,pin-1548-fuoco-di-campo.png,Lettura Tarocchi Gratis,Fuoco di campo,"Natura selvaggia e green witch: semi, stagioni, alberi e animali nelle carte — la Terra parla se ascolti.

#tarocchi #greenwitch #natura #paganesimo #folk",https://www.luxseetarot.com/tarocchi-gratis.html
1549,pin-1549-cenere-e-seme.png,Lettura Tarocchi Gratis,Cenere e seme,"Natura selvaggia e green witch: semi, stagioni, alberi e animali nelle carte — la Terra parla se ascolti.

#tarocchi #greenwitch #natura #paganesimo #folk",https://www.luxseetarot.com/tarocchi-gratis.html
1550,pin-1550-pioggia-sul-bosco.png,Lettura Tarocchi Gratis,Pioggia sul bosco,"Natura selvaggia e green witch: semi, stagioni, alberi e animali nelle carte — la Terra parla se ascolti.

#tarocchi #greenwitch #natura #paganesimo #folk",https://www.luxseetarot.com/tarocchi-gratis.html
1551,pin-1551-nebbia-mattutina.png,Lettura Tarocchi Gratis,Nebbia mattutina,"Natura selvaggia e green witch: semi, stagioni, alberi e animali nelle carte — la Terra parla se ascolti.

#tarocchi #greenwitch #natura #paganesimo #folk",https://www.luxseetarot.com/tarocchi-gratis.html
1552,pin-1552-gelo-che-insegna.png,Lettura Tarocchi Gratis,Gelo che insegna,"Natura selvaggia e green witch: semi, stagioni, alberi e animali nelle carte — la Terra parla se ascolti.

#tarocchi #greenwitch #natura #paganesimo #folk",https://www.luxseetarot.com/tarocchi-gratis.html
1553,pin-1553-germoglio-nel-gelo.png,Lettura Tarocchi Gratis,Germoglio nel gelo,"Natura selvaggia e green witch: semi, stagioni, alberi e animali nelle carte — la Terra parla se ascolti.

#tarocchi #greenwitch #natura #paganesimo #folk",https://www.luxseetarot.com/tarocchi-gratis.html
1554,pin-1554-ghianda-e-quercia.png,Lettura Tarocchi Gratis,Ghianda e quercia,"Natura selvaggia e green witch: semi, stagioni, alberi e animali nelle carte — la Terra parla se ascolti.

#tarocchi #greenwitch #natura #paganesimo #folk",https://www.luxseetarot.com/tarocchi-gratis.html
1555,pin-1555-seme-invisibile.png,Lettura Tarocchi Gratis,Seme invisibile,"Natura selvaggia e green witch: semi, stagioni, alberi e animali nelle carte — la Terra parla se ascolti.

#tarocchi #greenwitch #natura #paganesimo #folk",https://www.luxseetarot.com/tarocchi-gratis.html
1556,pin-1556-micelio-interiore.png,Lettura Tarocchi Gratis,Micelio interiore,"Natura selvaggia e green witch: semi, stagioni, alberi e animali nelle carte — la Terra parla se ascolti.

#tarocchi #greenwitch #natura #paganesimo #folk",https://www.luxseetarot.com/tarocchi-gratis.html
1557,pin-1557-rete-della-terra.png,Lettura Tarocchi Gratis,Rete della Terra,"Natura selvaggia e green witch: semi, stagioni, alberi e animali nelle carte — la Terra parla se ascolti.

#tarocchi #greenwitch #natura #paganesimo #folk",https://www.luxseetarot.com/tarocchi-gratis.html
1558,pin-1558-sinfonia-verde.png,Lettura Tarocchi Gratis,Sinfonia verde,"Natura selvaggia e green witch: semi, stagioni, alberi e animali nelle carte — la Terra parla se ascolti.

#tarocchi #greenwitch #natura #paganesimo #folk",https://www.luxseetarot.com/tarocchi-gratis.html
1559,pin-1559-canto-degli-uccelli.png,Lettura Tarocchi Gratis,Canto degli uccelli,"Natura selvaggia e green witch: semi, stagioni, alberi e animali nelle carte — la Terra parla se ascolti.

#tarocchi #greenwitch #natura #paganesimo #folk",https://www.luxseetarot.com/tarocchi-gratis.html
1560,pin-1560-silenzio-del-bosco.png,Lettura Tarocchi Gratis,Silenzio del bosco,"Natura selvaggia e green witch: semi, stagioni, alberi e animali nelle carte — la Terra parla se ascolti.

#tarocchi #greenwitch #natura #paganesimo #folk",https://www.luxseetarot.com/tarocchi-gratis.html
1561,pin-1561-silenzio-dell-universo.png,Come Fare una Domanda ai Tarocchi,Silenzio dell’universo,"Filosofia dell’esistenza: silenzio cosmico, paradosso del libero arbitrio e coraggio del Matto nel vuoto.

#tarocchi #filosofia #assurdo #liberoarbitrio #esistenza",https://www.luxseetarot.com/blog/come-fare-una-domanda-ai-tarocchi
1562,pin-1562-mondo-senza-risposte.png,Come Fare una Domanda ai Tarocchi,Mondo senza risposte,"Filosofia dell’esistenza: silenzio cosmico, paradosso del libero arbitrio e coraggio del Matto nel vuoto.

#tarocchi #filosofia #assurdo #liberoarbitrio #esistenza",https://www.luxseetarot.com/blog/come-fare-una-domanda-ai-tarocchi
1563,pin-1563-senso-nell-assurdo.png,Come Fare una Domanda ai Tarocchi,Senso nell’assurdo,"Filosofia dell’esistenza: silenzio cosmico, paradosso del libero arbitrio e coraggio del Matto nel vuoto.

#tarocchi #filosofia #assurdo #liberoarbitrio #esistenza",https://www.luxseetarot.com/blog/come-fare-una-domanda-ai-tarocchi
1564,pin-1564-vuoto-che-parla.png,Come Fare una Domanda ai Tarocchi,Vuoto che parla,"Filosofia dell’esistenza: silenzio cosmico, paradosso del libero arbitrio e coraggio del Matto nel vuoto.

#tarocchi #filosofia #assurdo #liberoarbitrio #esistenza",https://www.luxseetarot.com/blog/come-fare-una-domanda-ai-tarocchi
1565,pin-1565-assurdo-fertile.png,Come Fare una Domanda ai Tarocchi,Assurdo fertile,"Filosofia dell’esistenza: silenzio cosmico, paradosso del libero arbitrio e coraggio del Matto nel vuoto.

#tarocchi #filosofia #assurdo #liberoarbitrio #esistenza",https://www.luxseetarot.com/blog/come-fare-una-domanda-ai-tarocchi
1566,pin-1566-oltre-la-logica.png,Come Fare una Domanda ai Tarocchi,Oltre la logica,"Filosofia dell’esistenza: silenzio cosmico, paradosso del libero arbitrio e coraggio del Matto nel vuoto.

#tarocchi #filosofia #assurdo #liberoarbitrio #esistenza",https://www.luxseetarot.com/blog/come-fare-una-domanda-ai-tarocchi
1567,pin-1567-paradosso-del-libero.png,Come Fare una Domanda ai Tarocchi,Paradosso del libero,"Filosofia dell’esistenza: silenzio cosmico, paradosso del libero arbitrio e coraggio del Matto nel vuoto.

#tarocchi #filosofia #assurdo #liberoarbitrio #esistenza",https://www.luxseetarot.com/blog/come-fare-una-domanda-ai-tarocchi
1568,pin-1568-strada-mostrata.png,Come Fare una Domanda ai Tarocchi,Strada mostrata,"Filosofia dell’esistenza: silenzio cosmico, paradosso del libero arbitrio e coraggio del Matto nel vuoto.

#tarocchi #filosofia #assurdo #liberoarbitrio #esistenza",https://www.luxseetarot.com/blog/come-fare-una-domanda-ai-tarocchi
1569,pin-1569-scelta-e-destino.png,Come Fare una Domanda ai Tarocchi,Scelta e destino,"Filosofia dell’esistenza: silenzio cosmico, paradosso del libero arbitrio e coraggio del Matto nel vuoto.

#tarocchi #filosofia #assurdo #liberoarbitrio #esistenza",https://www.luxseetarot.com/blog/come-fare-una-domanda-ai-tarocchi
1570,pin-1570-dilemma-vivo.png,Come Fare una Domanda ai Tarocchi,Dilemma vivo,"Filosofia dell’esistenza: silenzio cosmico, paradosso del libero arbitrio e coraggio del Matto nel vuoto.

#tarocchi #filosofia #assurdo #liberoarbitrio #esistenza",https://www.luxseetarot.com/blog/come-fare-una-domanda-ai-tarocchi
1571,pin-1571-liberta-nel-vincolo.png,Come Fare una Domanda ai Tarocchi,Libertà nel vincolo,"Filosofia dell’esistenza: silenzio cosmico, paradosso del libero arbitrio e coraggio del Matto nel vuoto.

#tarocchi #filosofia #assurdo #liberoarbitrio #esistenza",https://www.luxseetarot.com/blog/come-fare-una-domanda-ai-tarocchi
1572,pin-1572-destino-soft.png,Come Fare una Domanda ai Tarocchi,Destino soft,"Filosofia dell’esistenza: silenzio cosmico, paradosso del libero arbitrio e coraggio del Matto nel vuoto.

#tarocchi #filosofia #assurdo #liberoarbitrio #esistenza",https://www.luxseetarot.com/blog/come-fare-una-domanda-ai-tarocchi
1573,pin-1573-accettare-il-vuoto.png,Come Fare una Domanda ai Tarocchi,Accettare il vuoto,"Filosofia dell’esistenza: silenzio cosmico, paradosso del libero arbitrio e coraggio del Matto nel vuoto.

#tarocchi #filosofia #assurdo #liberoarbitrio #esistenza",https://www.luxseetarot.com/blog/come-fare-una-domanda-ai-tarocchi
1574,pin-1574-il-matto-salta.png,Come Fare una Domanda ai Tarocchi,Il Matto salta,"Filosofia dell’esistenza: silenzio cosmico, paradosso del libero arbitrio e coraggio del Matto nel vuoto.

#tarocchi #filosofia #assurdo #liberoarbitrio #esistenza",https://www.luxseetarot.com/blog/come-fare-una-domanda-ai-tarocchi
1575,pin-1575-salto-esistenziale.png,Come Fare una Domanda ai Tarocchi,Salto esistenziale,"Filosofia dell’esistenza: silenzio cosmico, paradosso del libero arbitrio e coraggio del Matto nel vuoto.

#tarocchi #filosofia #assurdo #liberoarbitrio #esistenza",https://www.luxseetarot.com/blog/come-fare-una-domanda-ai-tarocchi
1576,pin-1576-precipizio-fertile.png,Come Fare una Domanda ai Tarocchi,Precipizio fertile,"Filosofia dell’esistenza: silenzio cosmico, paradosso del libero arbitrio e coraggio del Matto nel vuoto.

#tarocchi #filosofia #assurdo #liberoarbitrio #esistenza",https://www.luxseetarot.com/blog/come-fare-una-domanda-ai-tarocchi
1577,pin-1577-vuoto-come-casa.png,Come Fare una Domanda ai Tarocchi,Vuoto come casa,"Filosofia dell’esistenza: silenzio cosmico, paradosso del libero arbitrio e coraggio del Matto nel vuoto.

#tarocchi #filosofia #assurdo #liberoarbitrio #esistenza",https://www.luxseetarot.com/blog/come-fare-una-domanda-ai-tarocchi
1578,pin-1578-niente-e-tutto.png,Come Fare una Domanda ai Tarocchi,Niente e tutto,"Filosofia dell’esistenza: silenzio cosmico, paradosso del libero arbitrio e coraggio del Matto nel vuoto.

#tarocchi #filosofia #assurdo #liberoarbitrio #esistenza",https://www.luxseetarot.com/blog/come-fare-una-domanda-ai-tarocchi
1579,pin-1579-domanda-senza-risposta.png,Come Fare una Domanda ai Tarocchi,Domanda senza risposta,"Filosofia dell’esistenza: silenzio cosmico, paradosso del libero arbitrio e coraggio del Matto nel vuoto.

#tarocchi #filosofia #assurdo #liberoarbitrio #esistenza",https://www.luxseetarot.com/blog/come-fare-una-domanda-ai-tarocchi
1580,pin-1580-risposta-che-apre.png,Come Fare una Domanda ai Tarocchi,Risposta che apre,"Filosofia dell’esistenza: silenzio cosmico, paradosso del libero arbitrio e coraggio del Matto nel vuoto.

#tarocchi #filosofia #assurdo #liberoarbitrio #esistenza",https://www.luxseetarot.com/blog/come-fare-una-domanda-ai-tarocchi
1581,pin-1581-senso-sospeso.png,Come Fare una Domanda ai Tarocchi,Senso sospeso,"Filosofia dell’esistenza: silenzio cosmico, paradosso del libero arbitrio e coraggio del Matto nel vuoto.

#tarocchi #filosofia #assurdo #liberoarbitrio #esistenza",https://www.luxseetarot.com/blog/come-fare-una-domanda-ai-tarocchi
1582,pin-1582-assenza-di-dio-soft.png,Come Fare una Domanda ai Tarocchi,Assenza di Dio soft,"Filosofia dell’esistenza: silenzio cosmico, paradosso del libero arbitrio e coraggio del Matto nel vuoto.

#tarocchi #filosofia #assurdo #liberoarbitrio #esistenza",https://www.luxseetarot.com/blog/come-fare-una-domanda-ai-tarocchi
1583,pin-1583-universo-muto.png,Come Fare una Domanda ai Tarocchi,Universo muto,"Filosofia dell’esistenza: silenzio cosmico, paradosso del libero arbitrio e coraggio del Matto nel vuoto.

#tarocchi #filosofia #assurdo #liberoarbitrio #esistenza",https://www.luxseetarot.com/blog/come-fare-una-domanda-ai-tarocchi
1584,pin-1584-eco-del-se.png,Come Fare una Domanda ai Tarocchi,Eco del sé,"Filosofia dell’esistenza: silenzio cosmico, paradosso del libero arbitrio e coraggio del Matto nel vuoto.

#tarocchi #filosofia #assurdo #liberoarbitrio #esistenza",https://www.luxseetarot.com/blog/come-fare-una-domanda-ai-tarocchi
1585,pin-1585-abisso-che-guarda.png,Come Fare una Domanda ai Tarocchi,Abisso che guarda,"Filosofia dell’esistenza: silenzio cosmico, paradosso del libero arbitrio e coraggio del Matto nel vuoto.

#tarocchi #filosofia #assurdo #liberoarbitrio #esistenza",https://www.luxseetarot.com/blog/come-fare-una-domanda-ai-tarocchi
1586,pin-1586-vertigine-utile.png,Come Fare una Domanda ai Tarocchi,Vertigine utile,"Filosofia dell’esistenza: silenzio cosmico, paradosso del libero arbitrio e coraggio del Matto nel vuoto.

#tarocchi #filosofia #assurdo #liberoarbitrio #esistenza",https://www.luxseetarot.com/blog/come-fare-una-domanda-ai-tarocchi
1587,pin-1587-caduta-consapevole.png,Come Fare una Domanda ai Tarocchi,Caduta consapevole,"Filosofia dell’esistenza: silenzio cosmico, paradosso del libero arbitrio e coraggio del Matto nel vuoto.

#tarocchi #filosofia #assurdo #liberoarbitrio #esistenza",https://www.luxseetarot.com/blog/come-fare-una-domanda-ai-tarocchi
1588,pin-1588-rischio-ontologico.png,Come Fare una Domanda ai Tarocchi,Rischio ontologico,"Filosofia dell’esistenza: silenzio cosmico, paradosso del libero arbitrio e coraggio del Matto nel vuoto.

#tarocchi #filosofia #assurdo #liberoarbitrio #esistenza",https://www.luxseetarot.com/blog/come-fare-una-domanda-ai-tarocchi
1589,pin-1589-essere-e-nulla.png,Come Fare una Domanda ai Tarocchi,Essere e nulla,"Filosofia dell’esistenza: silenzio cosmico, paradosso del libero arbitrio e coraggio del Matto nel vuoto.

#tarocchi #filosofia #assurdo #liberoarbitrio #esistenza",https://www.luxseetarot.com/blog/come-fare-una-domanda-ai-tarocchi
1590,pin-1590-qui-e-ora-assurdo.png,Come Fare una Domanda ai Tarocchi,Qui e ora assurdo,"Filosofia dell’esistenza: silenzio cosmico, paradosso del libero arbitrio e coraggio del Matto nel vuoto.

#tarocchi #filosofia #assurdo #liberoarbitrio #esistenza",https://www.luxseetarot.com/blog/come-fare-una-domanda-ai-tarocchi
1591,pin-1591-perche-senza-perche.png,Come Fare una Domanda ai Tarocchi,Perché senza perché,"Filosofia dell’esistenza: silenzio cosmico, paradosso del libero arbitrio e coraggio del Matto nel vuoto.

#tarocchi #filosofia #assurdo #liberoarbitrio #esistenza",https://www.luxseetarot.com/blog/come-fare-una-domanda-ai-tarocchi
1592,pin-1592-sisifo-soft.png,Come Fare una Domanda ai Tarocchi,Sisifo soft,"Filosofia dell’esistenza: silenzio cosmico, paradosso del libero arbitrio e coraggio del Matto nel vuoto.

#tarocchi #filosofia #assurdo #liberoarbitrio #esistenza",https://www.luxseetarot.com/blog/come-fare-una-domanda-ai-tarocchi
1593,pin-1593-pietra-che-rotola.png,Come Fare una Domanda ai Tarocchi,Pietra che rotola,"Filosofia dell’esistenza: silenzio cosmico, paradosso del libero arbitrio e coraggio del Matto nel vuoto.

#tarocchi #filosofia #assurdo #liberoarbitrio #esistenza",https://www.luxseetarot.com/blog/come-fare-una-domanda-ai-tarocchi
1594,pin-1594-mito-personale.png,Come Fare una Domanda ai Tarocchi,Mito personale,"Filosofia dell’esistenza: silenzio cosmico, paradosso del libero arbitrio e coraggio del Matto nel vuoto.

#tarocchi #filosofia #assurdo #liberoarbitrio #esistenza",https://www.luxseetarot.com/blog/come-fare-una-domanda-ai-tarocchi
1595,pin-1595-camus-in-tasca.png,Come Fare una Domanda ai Tarocchi,Camus in tasca,"Filosofia dell’esistenza: silenzio cosmico, paradosso del libero arbitrio e coraggio del Matto nel vuoto.

#tarocchi #filosofia #assurdo #liberoarbitrio #esistenza",https://www.luxseetarot.com/blog/come-fare-una-domanda-ai-tarocchi
1596,pin-1596-kierkegaard-quieto.png,Come Fare una Domanda ai Tarocchi,Kierkegaard quieto,"Filosofia dell’esistenza: silenzio cosmico, paradosso del libero arbitrio e coraggio del Matto nel vuoto.

#tarocchi #filosofia #assurdo #liberoarbitrio #esistenza",https://www.luxseetarot.com/blog/come-fare-una-domanda-ai-tarocchi
1597,pin-1597-angoscia-fertile.png,Come Fare una Domanda ai Tarocchi,Angoscia fertile,"Filosofia dell’esistenza: silenzio cosmico, paradosso del libero arbitrio e coraggio del Matto nel vuoto.

#tarocchi #filosofia #assurdo #liberoarbitrio #esistenza",https://www.luxseetarot.com/blog/come-fare-una-domanda-ai-tarocchi
1598,pin-1598-paura-del-vuoto.png,Come Fare una Domanda ai Tarocchi,Paura del vuoto,"Filosofia dell’esistenza: silenzio cosmico, paradosso del libero arbitrio e coraggio del Matto nel vuoto.

#tarocchi #filosofia #assurdo #liberoarbitrio #esistenza",https://www.luxseetarot.com/blog/come-fare-una-domanda-ai-tarocchi
1599,pin-1599-coraggio-nudo.png,Come Fare una Domanda ai Tarocchi,Coraggio nudo,"Filosofia dell’esistenza: silenzio cosmico, paradosso del libero arbitrio e coraggio del Matto nel vuoto.

#tarocchi #filosofia #assurdo #liberoarbitrio #esistenza",https://www.luxseetarot.com/blog/come-fare-una-domanda-ai-tarocchi
1600,pin-1600-senza-rete.png,Come Fare una Domanda ai Tarocchi,Senza rete,"Filosofia dell’esistenza: silenzio cosmico, paradosso del libero arbitrio e coraggio del Matto nel vuoto.

#tarocchi #filosofia #assurdo #liberoarbitrio #esistenza",https://www.luxseetarot.com/blog/come-fare-una-domanda-ai-tarocchi
1601,pin-1601-fede-senza-dogmi.png,Come Fare una Domanda ai Tarocchi,Fede senza dogmi,"Filosofia dell’esistenza: silenzio cosmico, paradosso del libero arbitrio e coraggio del Matto nel vuoto.

#tarocchi #filosofia #assurdo #liberoarbitrio #esistenza",https://www.luxseetarot.com/blog/come-fare-una-domanda-ai-tarocchi
1602,pin-1602-fiducia-cieca-soft.png,Come Fare una Domanda ai Tarocchi,Fiducia cieca soft,"Filosofia dell’esistenza: silenzio cosmico, paradosso del libero arbitrio e coraggio del Matto nel vuoto.

#tarocchi #filosofia #assurdo #liberoarbitrio #esistenza",https://www.luxseetarot.com/blog/come-fare-una-domanda-ai-tarocchi
1603,pin-1603-certezza-impossibile.png,Come Fare una Domanda ai Tarocchi,Certezza impossibile,"Filosofia dell’esistenza: silenzio cosmico, paradosso del libero arbitrio e coraggio del Matto nel vuoto.

#tarocchi #filosofia #assurdo #liberoarbitrio #esistenza",https://www.luxseetarot.com/blog/come-fare-una-domanda-ai-tarocchi
1604,pin-1604-dubbio-onesto.png,Come Fare una Domanda ai Tarocchi,Dubbio onesto,"Filosofia dell’esistenza: silenzio cosmico, paradosso del libero arbitrio e coraggio del Matto nel vuoto.

#tarocchi #filosofia #assurdo #liberoarbitrio #esistenza",https://www.luxseetarot.com/blog/come-fare-una-domanda-ai-tarocchi
1605,pin-1605-ironia-dell-essere.png,Come Fare una Domanda ai Tarocchi,Ironia dell’essere,"Filosofia dell’esistenza: silenzio cosmico, paradosso del libero arbitrio e coraggio del Matto nel vuoto.

#tarocchi #filosofia #assurdo #liberoarbitrio #esistenza",https://www.luxseetarot.com/blog/come-fare-una-domanda-ai-tarocchi
1606,pin-1606-tragedia-leggera.png,Come Fare una Domanda ai Tarocchi,Tragedia leggera,"Filosofia dell’esistenza: silenzio cosmico, paradosso del libero arbitrio e coraggio del Matto nel vuoto.

#tarocchi #filosofia #assurdo #liberoarbitrio #esistenza",https://www.luxseetarot.com/blog/come-fare-una-domanda-ai-tarocchi
1607,pin-1607-commedia-cosmica.png,Come Fare una Domanda ai Tarocchi,Commedia cosmica,"Filosofia dell’esistenza: silenzio cosmico, paradosso del libero arbitrio e coraggio del Matto nel vuoto.

#tarocchi #filosofia #assurdo #liberoarbitrio #esistenza",https://www.luxseetarot.com/blog/come-fare-una-domanda-ai-tarocchi
1608,pin-1608-teatro-dell-assurdo.png,Come Fare una Domanda ai Tarocchi,Teatro dell’assurdo,"Filosofia dell’esistenza: silenzio cosmico, paradosso del libero arbitrio e coraggio del Matto nel vuoto.

#tarocchi #filosofia #assurdo #liberoarbitrio #esistenza",https://www.luxseetarot.com/blog/come-fare-una-domanda-ai-tarocchi
1609,pin-1609-maschera-dell-essere.png,Come Fare una Domanda ai Tarocchi,Maschera dell’essere,"Filosofia dell’esistenza: silenzio cosmico, paradosso del libero arbitrio e coraggio del Matto nel vuoto.

#tarocchi #filosofia #assurdo #liberoarbitrio #esistenza",https://www.luxseetarot.com/blog/come-fare-una-domanda-ai-tarocchi
1610,pin-1610-nudita-esistenziale.png,Come Fare una Domanda ai Tarocchi,Nudità esistenziale,"Filosofia dell’esistenza: silenzio cosmico, paradosso del libero arbitrio e coraggio del Matto nel vuoto.

#tarocchi #filosofia #assurdo #liberoarbitrio #esistenza",https://www.luxseetarot.com/blog/come-fare-una-domanda-ai-tarocchi
1611,pin-1611-solitudine-cosmica.png,Come Fare una Domanda ai Tarocchi,Solitudine cosmica,"Filosofia dell’esistenza: silenzio cosmico, paradosso del libero arbitrio e coraggio del Matto nel vuoto.

#tarocchi #filosofia #assurdo #liberoarbitrio #esistenza",https://www.luxseetarot.com/blog/come-fare-una-domanda-ai-tarocchi
1612,pin-1612-stelle-mute.png,Come Fare una Domanda ai Tarocchi,Stelle mute,"Filosofia dell’esistenza: silenzio cosmico, paradosso del libero arbitrio e coraggio del Matto nel vuoto.

#tarocchi #filosofia #assurdo #liberoarbitrio #esistenza",https://www.luxseetarot.com/blog/come-fare-una-domanda-ai-tarocchi
1613,pin-1613-notte-filosofica.png,Come Fare una Domanda ai Tarocchi,Notte filosofica,"Filosofia dell’esistenza: silenzio cosmico, paradosso del libero arbitrio e coraggio del Matto nel vuoto.

#tarocchi #filosofia #assurdo #liberoarbitrio #esistenza",https://www.luxseetarot.com/blog/come-fare-una-domanda-ai-tarocchi
1614,pin-1614-alba-senza-risposte.png,Come Fare una Domanda ai Tarocchi,Alba senza risposte,"Filosofia dell’esistenza: silenzio cosmico, paradosso del libero arbitrio e coraggio del Matto nel vuoto.

#tarocchi #filosofia #assurdo #liberoarbitrio #esistenza",https://www.luxseetarot.com/blog/come-fare-una-domanda-ai-tarocchi
1615,pin-1615-orizzonte-aperto.png,Come Fare una Domanda ai Tarocchi,Orizzonte aperto,"Filosofia dell’esistenza: silenzio cosmico, paradosso del libero arbitrio e coraggio del Matto nel vuoto.

#tarocchi #filosofia #assurdo #liberoarbitrio #esistenza",https://www.luxseetarot.com/blog/come-fare-una-domanda-ai-tarocchi
1616,pin-1616-limite-del-linguaggio.png,Come Fare una Domanda ai Tarocchi,Limite del linguaggio,"Filosofia dell’esistenza: silenzio cosmico, paradosso del libero arbitrio e coraggio del Matto nel vuoto.

#tarocchi #filosofia #assurdo #liberoarbitrio #esistenza",https://www.luxseetarot.com/blog/come-fare-una-domanda-ai-tarocchi
1617,pin-1617-oltre-le-parole.png,Come Fare una Domanda ai Tarocchi,Oltre le parole,"Filosofia dell’esistenza: silenzio cosmico, paradosso del libero arbitrio e coraggio del Matto nel vuoto.

#tarocchi #filosofia #assurdo #liberoarbitrio #esistenza",https://www.luxseetarot.com/blog/come-fare-una-domanda-ai-tarocchi
1618,pin-1618-ineffabile-soft.png,Come Fare una Domanda ai Tarocchi,Ineffabile soft,"Filosofia dell’esistenza: silenzio cosmico, paradosso del libero arbitrio e coraggio del Matto nel vuoto.

#tarocchi #filosofia #assurdo #liberoarbitrio #esistenza",https://www.luxseetarot.com/blog/come-fare-una-domanda-ai-tarocchi
1619,pin-1619-mistero-non-risolto.png,Come Fare una Domanda ai Tarocchi,Mistero non risolto,"Filosofia dell’esistenza: silenzio cosmico, paradosso del libero arbitrio e coraggio del Matto nel vuoto.

#tarocchi #filosofia #assurdo #liberoarbitrio #esistenza",https://www.luxseetarot.com/blog/come-fare-una-domanda-ai-tarocchi
1620,pin-1620-enigma-vivo.png,Come Fare una Domanda ai Tarocchi,Enigma vivo,"Filosofia dell’esistenza: silenzio cosmico, paradosso del libero arbitrio e coraggio del Matto nel vuoto.

#tarocchi #filosofia #assurdo #liberoarbitrio #esistenza",https://www.luxseetarot.com/blog/come-fare-una-domanda-ai-tarocchi
1621,pin-1621-paradosso-amico.png,Come Fare una Domanda ai Tarocchi,Paradosso amico,"Filosofia dell’esistenza: silenzio cosmico, paradosso del libero arbitrio e coraggio del Matto nel vuoto.

#tarocchi #filosofia #assurdo #liberoarbitrio #esistenza",https://www.luxseetarot.com/blog/come-fare-una-domanda-ai-tarocchi
1622,pin-1622-contraddizione-fertile.png,Come Fare una Domanda ai Tarocchi,Contraddizione fertile,"Filosofia dell’esistenza: silenzio cosmico, paradosso del libero arbitrio e coraggio del Matto nel vuoto.

#tarocchi #filosofia #assurdo #liberoarbitrio #esistenza",https://www.luxseetarot.com/blog/come-fare-una-domanda-ai-tarocchi
1623,pin-1623-si-e-no-insieme.png,Come Fare una Domanda ai Tarocchi,Sì e no insieme,"Filosofia dell’esistenza: silenzio cosmico, paradosso del libero arbitrio e coraggio del Matto nel vuoto.

#tarocchi #filosofia #assurdo #liberoarbitrio #esistenza",https://www.luxseetarot.com/blog/come-fare-una-domanda-ai-tarocchi
1624,pin-1624-libero-nel-mostrato.png,Come Fare una Domanda ai Tarocchi,Libero nel mostrato,"Filosofia dell’esistenza: silenzio cosmico, paradosso del libero arbitrio e coraggio del Matto nel vuoto.

#tarocchi #filosofia #assurdo #liberoarbitrio #esistenza",https://www.luxseetarot.com/blog/come-fare-una-domanda-ai-tarocchi
1625,pin-1625-vincolo-che-libera.png,Come Fare una Domanda ai Tarocchi,Vincolo che libera,"Filosofia dell’esistenza: silenzio cosmico, paradosso del libero arbitrio e coraggio del Matto nel vuoto.

#tarocchi #filosofia #assurdo #liberoarbitrio #esistenza",https://www.luxseetarot.com/blog/come-fare-una-domanda-ai-tarocchi
1626,pin-1626-fato-come-mappa.png,Come Fare una Domanda ai Tarocchi,Fato come mappa,"Filosofia dell’esistenza: silenzio cosmico, paradosso del libero arbitrio e coraggio del Matto nel vuoto.

#tarocchi #filosofia #assurdo #liberoarbitrio #esistenza",https://www.luxseetarot.com/blog/come-fare-una-domanda-ai-tarocchi
1627,pin-1627-strada-e-bivio.png,Come Fare una Domanda ai Tarocchi,Strada e bivio,"Filosofia dell’esistenza: silenzio cosmico, paradosso del libero arbitrio e coraggio del Matto nel vuoto.

#tarocchi #filosofia #assurdo #liberoarbitrio #esistenza",https://www.luxseetarot.com/blog/come-fare-una-domanda-ai-tarocchi
1628,pin-1628-possibile-e-necessario.png,Come Fare una Domanda ai Tarocchi,Possibile e necessario,"Filosofia dell’esistenza: silenzio cosmico, paradosso del libero arbitrio e coraggio del Matto nel vuoto.

#tarocchi #filosofia #assurdo #liberoarbitrio #esistenza",https://www.luxseetarot.com/blog/come-fare-una-domanda-ai-tarocchi
1629,pin-1629-contingenza-sacra.png,Come Fare una Domanda ai Tarocchi,Contingenza sacra,"Filosofia dell’esistenza: silenzio cosmico, paradosso del libero arbitrio e coraggio del Matto nel vuoto.

#tarocchi #filosofia #assurdo #liberoarbitrio #esistenza",https://www.luxseetarot.com/blog/come-fare-una-domanda-ai-tarocchi
1630,pin-1630-caso-e-senso.png,Come Fare una Domanda ai Tarocchi,Caso e senso,"Filosofia dell’esistenza: silenzio cosmico, paradosso del libero arbitrio e coraggio del Matto nel vuoto.

#tarocchi #filosofia #assurdo #liberoarbitrio #esistenza",https://www.luxseetarot.com/blog/come-fare-una-domanda-ai-tarocchi
1631,pin-1631-assurdo-e-amore.png,Come Fare una Domanda ai Tarocchi,Assurdo e amore,"Filosofia dell’esistenza: silenzio cosmico, paradosso del libero arbitrio e coraggio del Matto nel vuoto.

#tarocchi #filosofia #assurdo #liberoarbitrio #esistenza",https://www.luxseetarot.com/blog/come-fare-una-domanda-ai-tarocchi
1632,pin-1632-vuoto-e-cura.png,Come Fare una Domanda ai Tarocchi,Vuoto e cura,"Filosofia dell’esistenza: silenzio cosmico, paradosso del libero arbitrio e coraggio del Matto nel vuoto.

#tarocchi #filosofia #assurdo #liberoarbitrio #esistenza",https://www.luxseetarot.com/blog/come-fare-una-domanda-ai-tarocchi
1633,pin-1633-matto-filosofo.png,Come Fare una Domanda ai Tarocchi,Matto filosofo,"Filosofia dell’esistenza: silenzio cosmico, paradosso del libero arbitrio e coraggio del Matto nel vuoto.

#tarocchi #filosofia #assurdo #liberoarbitrio #esistenza",https://www.luxseetarot.com/blog/come-fare-una-domanda-ai-tarocchi
1634,pin-1634-precipizio-come-porta.png,Come Fare una Domanda ai Tarocchi,Precipizio come porta,"Filosofia dell’esistenza: silenzio cosmico, paradosso del libero arbitrio e coraggio del Matto nel vuoto.

#tarocchi #filosofia #assurdo #liberoarbitrio #esistenza",https://www.luxseetarot.com/blog/come-fare-una-domanda-ai-tarocchi
1635,pin-1635-caduta-come-volo.png,Come Fare una Domanda ai Tarocchi,Caduta come volo,"Filosofia dell’esistenza: silenzio cosmico, paradosso del libero arbitrio e coraggio del Matto nel vuoto.

#tarocchi #filosofia #assurdo #liberoarbitrio #esistenza",https://www.luxseetarot.com/blog/come-fare-una-domanda-ai-tarocchi
1636,pin-1636-terra-dopo-il-salto.png,Come Fare una Domanda ai Tarocchi,Terra dopo il salto,"Filosofia dell’esistenza: silenzio cosmico, paradosso del libero arbitrio e coraggio del Matto nel vuoto.

#tarocchi #filosofia #assurdo #liberoarbitrio #esistenza",https://www.luxseetarot.com/blog/come-fare-una-domanda-ai-tarocchi
1637,pin-1637-atterraggio-soft.png,Come Fare una Domanda ai Tarocchi,Atterraggio soft,"Filosofia dell’esistenza: silenzio cosmico, paradosso del libero arbitrio e coraggio del Matto nel vuoto.

#tarocchi #filosofia #assurdo #liberoarbitrio #esistenza",https://www.luxseetarot.com/blog/come-fare-una-domanda-ai-tarocchi
1638,pin-1638-cicatrice-esistenziale.png,Come Fare una Domanda ai Tarocchi,Cicatrice esistenziale,"Filosofia dell’esistenza: silenzio cosmico, paradosso del libero arbitrio e coraggio del Matto nel vuoto.

#tarocchi #filosofia #assurdo #liberoarbitrio #esistenza",https://www.luxseetarot.com/blog/come-fare-una-domanda-ai-tarocchi
1639,pin-1639-ferita-che-apre.png,Come Fare una Domanda ai Tarocchi,Ferita che apre,"Filosofia dell’esistenza: silenzio cosmico, paradosso del libero arbitrio e coraggio del Matto nel vuoto.

#tarocchi #filosofia #assurdo #liberoarbitrio #esistenza",https://www.luxseetarot.com/blog/come-fare-una-domanda-ai-tarocchi
1640,pin-1640-cicatrice-luminosa.png,Come Fare una Domanda ai Tarocchi,Cicatrice luminosa,"Filosofia dell’esistenza: silenzio cosmico, paradosso del libero arbitrio e coraggio del Matto nel vuoto.

#tarocchi #filosofia #assurdo #liberoarbitrio #esistenza",https://www.luxseetarot.com/blog/come-fare-una-domanda-ai-tarocchi
